date,product,region,demand
2025-01-01,Wireless Headphones,Florida,47
2025-01-02,Wireless Headphones,Florida,39
2025-01-03,Wireless Headphones,Florida,49
2025-01-04,Wireless Headphones,Florida,37
2025-01-05,Wireless Headphones,Florida,25
2025-01-06,Wireless Headphones,Florida,38
2025-01-07,Wireless Headphones,Florida,46
2025-01-08,Wireless Headphones,Florida,43
2025-01-09,Wireless Headphones,Florida,45
2025-01-10,Wireless Headphones,Florida,40
2025-01-11,Wireless Headphones,Florida,36
2025-01-12,Wireless Headphones,Florida,36
2025-01-13,Wireless Headphones,Florida,45
2025-01-14,Wireless Headphones,Florida,51
2025-01-15,Wireless Headphones,Florida,48
2025-01-16,Wireless Headphones,Florida,40
2025-01-17,Wireless Headphones,Florida,47
2025-01-18,Wireless Headphones,Florida,29
2025-01-19,Wireless Headphones,Florida,36
2025-01-20,Wireless Headphones,Florida,45
2025-01-21,Wireless Headphones,Florida,44
2025-01-22,Wireless Headphones,Florida,41
2025-01-23,Wireless Headphones,Florida,52
2025-01-24,Wireless Headphones,Florida,44
2025-01-25,Wireless Headphones,Florida,31
2025-01-26,Wireless Headphones,Florida,32
2025-01-27,Wireless Headphones,Florida,48
2025-01-28,Wireless Headphones,Florida,47
2025-01-29,Wireless Headphones,Florida,47
2025-01-30,Wireless Headphones,Florida,47
2025-01-31,Wireless Headphones,Florida,57
2025-02-01,Wireless Headphones,Florida,33
2025-02-02,Wireless Headphones,Florida,33
2025-02-03,Wireless Headphones,Florida,43
2025-02-04,Wireless Headphones,Florida,51
2025-02-05,Wireless Headphones,Florida,54
2025-02-06,Wireless Headphones,Florida,47
2025-02-07,Wireless Headphones,Florida,43
2025-02-08,Wireless Headphones,Florida,32
2025-02-09,Wireless Headphones,Florida,38
2025-02-10,Wireless Headphones,Florida,52
2025-02-11,Wireless Headphones,Florida,51
2025-02-12,Wireless Headphones,Florida,44
2025-02-13,Wireless Headphones,Florida,49
2025-02-14,Wireless Headphones,Florida,48
2025-02-15,Wireless Headphones,Florida,36
2025-02-16,Wireless Headphones,Florida,39
2025-02-17,Wireless Headphones,Florida,49
2025-02-18,Wireless Headphones,Florida,52
2025-02-19,Wireless Headphones,Florida,48
2025-02-20,Wireless Headphones,Florida,49
2025-02-21,Wireless Headphones,Florida,51
2025-02-22,Wireless Headphones,Florida,29
2025-02-23,Wireless Headphones,Florida,34
2025-02-24,Wireless Headphones,Florida,45
2025-02-25,Wireless Headphones,Florida,44
2025-02-26,Wireless Headphones,Florida,46
2025-02-27,Wireless Headphones,Florida,56
2025-02-28,Wireless Headphones,Florida,43
2025-03-01,Wireless Headphones,Florida,41
2025-03-02,Wireless Headphones,Florida,29
2025-03-03,Wireless Headphones,Florida,48
2025-03-04,Wireless Headphones,Florida,51
2025-03-05,Wireless Headphones,Florida,53
2025-03-06,Wireless Headphones,Florida,54
2025-03-07,Wireless Headphones,Florida,55
2025-03-08,Wireless Headphones,Florida,35
2025-03-09,Wireless Headphones,Florida,34
2025-03-10,Wireless Headphones,Florida,55
2025-03-11,Wireless Headphones,Florida,49
2025-03-12,Wireless Headphones,Florida,42
2025-03-13,Wireless Headphones,Florida,43
2025-03-14,Wireless Headphones,Florida,44
2025-03-15,Wireless Headphones,Florida,39
2025-03-16,Wireless Headphones,Florida,37
2025-03-17,Wireless Headphones,Florida,54
2025-03-18,Wireless Headphones,Florida,47
2025-03-19,Wireless Headphones,Florida,51
2025-03-20,Wireless Headphones,Florida,54
2025-03-21,Wireless Headphones,Florida,48
2025-03-22,Wireless Headphones,Florida,38
2025-03-23,Wireless Headphones,Florida,34
2025-03-24,Wireless Headphones,Florida,48
2025-03-25,Wireless Headphones,Florida,47
2025-03-26,Wireless Headphones,Florida,43
2025-03-27,Wireless Headphones,Florida,53
2025-03-28,Wireless Headphones,Florida,47
2025-03-29,Wireless Headphones,Florida,36
2025-03-30,Wireless Headphones,Florida,39
2025-03-31,Wireless Headphones,Florida,52
2025-04-01,Wireless Headphones,Florida,55
2025-04-02,Wireless Headphones,Florida,50
2025-04-03,Wireless Headphones,Florida,48
2025-04-04,Wireless Headphones,Florida,50
2025-04-05,Wireless Headphones,Florida,29
2025-04-06,Wireless Headphones,Florida,31
2025-04-07,Wireless Headphones,Florida,42
2025-04-08,Wireless Headphones,Florida,44
2025-04-09,Wireless Headphones,Florida,53
2025-04-10,Wireless Headphones,Florida,45
2025-04-11,Wireless Headphones,Florida,48
2025-04-12,Wireless Headphones,Florida,43
2025-04-13,Wireless Headphones,Florida,35
2025-04-14,Wireless Headphones,Florida,55
2025-04-15,Wireless Headphones,Florida,45
2025-04-16,Wireless Headphones,Florida,49
2025-04-17,Wireless Headphones,Florida,45
2025-04-18,Wireless Headphones,Florida,48
2025-04-19,Wireless Headphones,Florida,41
2025-04-20,Wireless Headphones,Florida,29
2025-04-21,Wireless Headphones,Florida,53
2025-04-22,Wireless Headphones,Florida,52
2025-04-23,Wireless Headphones,Florida,47
2025-04-24,Wireless Headphones,Florida,42
2025-04-25,Wireless Headphones,Florida,51
2025-04-26,Wireless Headphones,Florida,35
2025-04-27,Wireless Headphones,Florida,38
2025-04-28,Wireless Headphones,Florida,51
2025-04-29,Wireless Headphones,Florida,60
2025-04-30,Wireless Headphones,Florida,49
2025-05-01,Wireless Headphones,Florida,44
2025-05-02,Wireless Headphones,Florida,51
2025-05-03,Wireless Headphones,Florida,37
2025-05-04,Wireless Headphones,Florida,42
2025-05-05,Wireless Headphones,Florida,55
2025-05-06,Wireless Headphones,Florida,52
2025-05-07,Wireless Headphones,Florida,59
2025-05-08,Wireless Headphones,Florida,43
2025-05-09,Wireless Headphones,Florida,46
2025-05-10,Wireless Headphones,Florida,32
2025-05-11,Wireless Headphones,Florida,35
2025-05-12,Wireless Headphones,Florida,42
2025-05-13,Wireless Headphones,Florida,54
2025-05-14,Wireless Headphones,Florida,48
2025-05-15,Wireless Headphones,Florida,41
2025-05-16,Wireless Headphones,Florida,44
2025-05-17,Wireless Headphones,Florida,38
2025-05-18,Wireless Headphones,Florida,40
2025-05-19,Wireless Headphones,Florida,62
2025-05-20,Wireless Headphones,Florida,67
2025-05-21,Wireless Headphones,Florida,52
2025-05-22,Wireless Headphones,Florida,44
2025-05-23,Wireless Headphones,Florida,37
2025-05-24,Wireless Headphones,Florida,38
2025-05-25,Wireless Headphones,Florida,33
2025-05-26,Wireless Headphones,Florida,47
2025-05-27,Wireless Headphones,Florida,46
2025-05-28,Wireless Headphones,Florida,49
2025-05-29,Wireless Headphones,Florida,56
2025-05-30,Wireless Headphones,Florida,51
2025-05-31,Wireless Headphones,Florida,36
2025-06-01,Wireless Headphones,Florida,31
2025-06-02,Wireless Headphones,Florida,38
2025-06-03,Wireless Headphones,Florida,45
2025-06-04,Wireless Headphones,Florida,47
2025-06-05,Wireless Headphones,Florida,58
2025-06-06,Wireless Headphones,Florida,49
2025-06-07,Wireless Headphones,Florida,39
2025-06-08,Wireless Headphones,Florida,33
2025-06-09,Wireless Headphones,Florida,41
2025-06-10,Wireless Headphones,Florida,42
2025-06-11,Wireless Headphones,Florida,44
2025-06-12,Wireless Headphones,Florida,60
2025-06-13,Wireless Headphones,Florida,43
2025-06-14,Wireless Headphones,Florida,39
2025-06-15,Wireless Headphones,Florida,31
2025-06-16,Wireless Headphones,Florida,53
2025-06-17,Wireless Headphones,Florida,50
2025-06-18,Wireless Headphones,Florida,47
2025-06-19,Wireless Headphones,Florida,48
2025-06-20,Wireless Headphones,Florida,44
2025-06-21,Wireless Headphones,Florida,37
2025-06-22,Wireless Headphones,Florida,33
2025-06-23,Wireless Headphones,Florida,41
2025-06-24,Wireless Headphones,Florida,40
2025-06-25,Wireless Headphones,Florida,49
2025-06-26,Wireless Headphones,Florida,57
2025-06-27,Wireless Headphones,Florida,49
2025-06-28,Wireless Headphones,Florida,34
2025-06-29,Wireless Headphones,Florida,36
2025-06-30,Wireless Headphones,Florida,55
2025-07-01,Wireless Headphones,Florida,46
2025-07-02,Wireless Headphones,Florida,43
2025-07-03,Wireless Headphones,Florida,51
2025-07-04,Wireless Headphones,Florida,47
2025-07-05,Wireless Headphones,Florida,39
2025-07-06,Wireless Headphones,Florida,34
2025-07-07,Wireless Headphones,Florida,38
2025-07-08,Wireless Headphones,Florida,38
2025-07-09,Wireless Headphones,Florida,54
2025-07-10,Wireless Headphones,Florida,54
2025-07-11,Wireless Headphones,Florida,44
2025-07-12,Wireless Headphones,Florida,31
2025-07-13,Wireless Headphones,Florida,39
2025-07-14,Wireless Headphones,Florida,39
2025-07-15,Wireless Headphones,Florida,40
2025-07-16,Wireless Headphones,Florida,49
2025-07-17,Wireless Headphones,Florida,43
2025-07-18,Wireless Headphones,Florida,45
2025-07-19,Wireless Headphones,Florida,32
2025-07-20,Wireless Headphones,Florida,34
2025-07-21,Wireless Headphones,Florida,53
2025-07-22,Wireless Headphones,Florida,46
2025-07-23,Wireless Headphones,Florida,49
2025-07-24,Wireless Headphones,Florida,34
2025-07-25,Wireless Headphones,Florida,45
2025-07-26,Wireless Headphones,Florida,30
2025-07-27,Wireless Headphones,Florida,28
2025-07-28,Wireless Headphones,Florida,40
2025-07-29,Wireless Headphones,Florida,43
2025-07-30,Wireless Headphones,Florida,50
2025-07-31,Wireless Headphones,Florida,38
2025-08-01,Wireless Headphones,Florida,43
2025-08-02,Wireless Headphones,Florida,29
2025-08-03,Wireless Headphones,Florida,30
2025-08-04,Wireless Headphones,Florida,47
2025-08-05,Wireless Headphones,Florida,45
2025-08-06,Wireless Headphones,Florida,49
2025-08-07,Wireless Headphones,Florida,42
2025-08-08,Wireless Headphones,Florida,39
2025-08-09,Wireless Headphones,Florida,30
2025-08-10,Wireless Headphones,Florida,32
2025-08-11,Wireless Headphones,Florida,43
2025-08-12,Wireless Headphones,Florida,37
2025-08-13,Wireless Headphones,Florida,43
2025-08-14,Wireless Headphones,Florida,44
2025-08-15,Wireless Headphones,Florida,55
2025-08-16,Wireless Headphones,Florida,38
2025-08-17,Wireless Headphones,Florida,28
2025-08-18,Wireless Headphones,Florida,41
2025-08-19,Wireless Headphones,Florida,35
2025-08-20,Wireless Headphones,Florida,39
2025-08-21,Wireless Headphones,Florida,44
2025-08-22,Wireless Headphones,Florida,49
2025-08-23,Wireless Headphones,Florida,28
2025-08-24,Wireless Headphones,Florida,29
2025-08-25,Wireless Headphones,Florida,31
2025-08-26,Wireless Headphones,Florida,42
2025-08-27,Wireless Headphones,Florida,37
2025-08-28,Wireless Headphones,Florida,40
2025-08-29,Wireless Headphones,Florida,38
2025-08-30,Wireless Headphones,Florida,31
2025-08-31,Wireless Headphones,Florida,24
2025-09-01,Wireless Headphones,Florida,33
2025-09-02,Wireless Headphones,Florida,51
2025-09-03,Wireless Headphones,Florida,34
2025-09-04,Wireless Headphones,Florida,35
2025-09-05,Wireless Headphones,Florida,49
2025-09-06,Wireless Headphones,Florida,40
2025-09-07,Wireless Headphones,Florida,25
2025-09-08,Wireless Headphones,Florida,39
2025-09-09,Wireless Headphones,Florida,42
2025-09-10,Wireless Headphones,Florida,49
2025-09-11,Wireless Headphones,Florida,36
2025-09-12,Wireless Headphones,Florida,39
2025-09-13,Wireless Headphones,Florida,32
2025-09-14,Wireless Headphones,Florida,31
2025-09-15,Wireless Headphones,Florida,39
2025-09-16,Wireless Headphones,Florida,40
2025-09-17,Wireless Headphones,Florida,34
2025-09-18,Wireless Headphones,Florida,39
2025-09-19,Wireless Headphones,Florida,39
2025-09-20,Wireless Headphones,Florida,30
2025-09-21,Wireless Headphones,Florida,28
2025-09-22,Wireless Headphones,Florida,43
2025-09-23,Wireless Headphones,Florida,45
2025-09-24,Wireless Headphones,Florida,41
2025-09-25,Wireless Headphones,Florida,42
2025-09-26,Wireless Headphones,Florida,41
2025-09-27,Wireless Headphones,Florida,30
2025-09-28,Wireless Headphones,Florida,27
2025-09-29,Wireless Headphones,Florida,42
2025-09-30,Wireless Headphones,Florida,40
2025-10-01,Wireless Headphones,Florida,50
2025-10-02,Wireless Headphones,Florida,47
2025-10-03,Wireless Headphones,Florida,42
2025-10-04,Wireless Headphones,Florida,26
2025-10-05,Wireless Headphones,Florida,25
2025-10-06,Wireless Headphones,Florida,45
2025-10-07,Wireless Headphones,Florida,41
2025-10-08,Wireless Headphones,Florida,42
2025-10-09,Wireless Headphones,Florida,31
2025-10-10,Wireless Headphones,Florida,44
2025-10-11,Wireless Headphones,Florida,31
2025-10-12,Wireless Headphones,Florida,25
2025-10-13,Wireless Headphones,Florida,37
2025-10-14,Wireless Headphones,Florida,41
2025-10-15,Wireless Headphones,Florida,40
2025-10-16,Wireless Headphones,Florida,38
2025-10-17,Wireless Headphones,Florida,39
2025-10-18,Wireless Headphones,Florida,28
2025-10-19,Wireless Headphones,Florida,30
2025-10-20,Wireless Headphones,Florida,47
2025-10-21,Wireless Headphones,Florida,27
2025-10-22,Wireless Headphones,Florida,39
2025-10-23,Wireless Headphones,Florida,41
2025-10-24,Wireless Headphones,Florida,41
2025-10-25,Wireless Headphones,Florida,28
2025-10-26,Wireless Headphones,Florida,23
2025-10-27,Wireless Headphones,Florida,41
2025-10-28,Wireless Headphones,Florida,48
2025-10-29,Wireless Headphones,Florida,32
2025-10-30,Wireless Headphones,Florida,44
2025-10-31,Wireless Headphones,Florida,38
2025-11-01,Wireless Headphones,Florida,35
2025-11-02,Wireless Headphones,Florida,30
2025-11-03,Wireless Headphones,Florida,46
2025-11-04,Wireless Headphones,Florida,55
2025-11-05,Wireless Headphones,Florida,51
2025-11-06,Wireless Headphones,Florida,58
2025-11-07,Wireless Headphones,Florida,54
2025-11-08,Wireless Headphones,Florida,37
2025-11-09,Wireless Headphones,Florida,42
2025-11-10,Wireless Headphones,Florida,50
2025-11-11,Wireless Headphones,Florida,52
2025-11-12,Wireless Headphones,Florida,46
2025-11-13,Wireless Headphones,Florida,48
2025-11-14,Wireless Headphones,Florida,44
2025-11-15,Wireless Headphones,Florida,39
2025-11-16,Wireless Headphones,Florida,30
2025-11-17,Wireless Headphones,Florida,52
2025-11-18,Wireless Headphones,Florida,47
2025-11-19,Wireless Headphones,Florida,54
2025-11-20,Wireless Headphones,Florida,52
2025-11-21,Wireless Headphones,Florida,58
2025-11-22,Wireless Headphones,Florida,38
2025-11-23,Wireless Headphones,Florida,28
2025-11-24,Wireless Headphones,Florida,47
2025-11-25,Wireless Headphones,Florida,41
2025-11-26,Wireless Headphones,Florida,45
2025-11-27,Wireless Headphones,Florida,56
2025-11-28,Wireless Headphones,Florida,51
2025-11-29,Wireless Headphones,Florida,32
2025-11-30,Wireless Headphones,Florida,31
2025-12-01,Wireless Headphones,Florida,50
2025-12-02,Wireless Headphones,Florida,43
2025-12-03,Wireless Headphones,Florida,46
2025-12-04,Wireless Headphones,Florida,52
2025-12-05,Wireless Headphones,Florida,57
2025-12-06,Wireless Headphones,Florida,39
2025-12-07,Wireless Headphones,Florida,27
2025-12-08,Wireless Headphones,Florida,52
2025-12-09,Wireless Headphones,Florida,50
2025-12-10,Wireless Headphones,Florida,52
2025-12-11,Wireless Headphones,Florida,60
2025-12-12,Wireless Headphones,Florida,38
2025-12-13,Wireless Headphones,Florida,34
2025-12-14,Wireless Headphones,Florida,39
2025-12-15,Wireless Headphones,Florida,41
2025-12-16,Wireless Headphones,Florida,59
2025-12-17,Wireless Headphones,Florida,52
2025-12-18,Wireless Headphones,Florida,55
2025-12-19,Wireless Headphones,Florida,47
2025-12-20,Wireless Headphones,Florida,40
2025-12-21,Wireless Headphones,Florida,41
2025-12-22,Wireless Headphones,Florida,51
2025-12-23,Wireless Headphones,Florida,51
2025-12-24,Wireless Headphones,Florida,52
2025-12-25,Wireless Headphones,Florida,45
2025-12-26,Wireless Headphones,Florida,49
2025-12-27,Wireless Headphones,Florida,36
2025-12-28,Wireless Headphones,Florida,38
2025-12-29,Wireless Headphones,Florida,56
2025-12-30,Wireless Headphones,Florida,44
2025-12-31,Wireless Headphones,Florida,49
2026-01-01,Wireless Headphones,Florida,53
2026-01-02,Wireless Headphones,Florida,41
2026-01-03,Wireless Headphones,Florida,30
2026-01-04,Wireless Headphones,Florida,34
2026-01-05,Wireless Headphones,Florida,50
2026-01-06,Wireless Headphones,Florida,45
2026-01-07,Wireless Headphones,Florida,52
2026-01-08,Wireless Headphones,Florida,50
2026-01-09,Wireless Headphones,Florida,50
2026-01-10,Wireless Headphones,Florida,35
2026-01-11,Wireless Headphones,Florida,42
2026-01-12,Wireless Headphones,Florida,44
2026-01-13,Wireless Headphones,Florida,34
2026-01-14,Wireless Headphones,Florida,54
2026-01-15,Wireless Headphones,Florida,43
2026-01-16,Wireless Headphones,Florida,46
2026-01-17,Wireless Headphones,Florida,38
2026-01-18,Wireless Headphones,Florida,27
2026-01-19,Wireless Headphones,Florida,38
2026-01-20,Wireless Headphones,Florida,36
2026-01-21,Wireless Headphones,Florida,41
2026-01-22,Wireless Headphones,Florida,47
2026-01-23,Wireless Headphones,Florida,48
2026-01-24,Wireless Headphones,Florida,34
2026-01-25,Wireless Headphones,Florida,27
2026-01-26,Wireless Headphones,Florida,33
2026-01-27,Wireless Headphones,Florida,45
2026-01-28,Wireless Headphones,Florida,43
2026-01-29,Wireless Headphones,Florida,48
2026-01-30,Wireless Headphones,Florida,49
2026-01-31,Wireless Headphones,Florida,34
2026-02-01,Wireless Headphones,Florida,38
2026-02-02,Wireless Headphones,Florida,49
2026-02-03,Wireless Headphones,Florida,51
2026-02-04,Wireless Headphones,Florida,44
2026-02-05,Wireless Headphones,Florida,47
2026-02-06,Wireless Headphones,Florida,49
2026-02-07,Wireless Headphones,Florida,38
2026-02-08,Wireless Headphones,Florida,33
2026-02-09,Wireless Headphones,Florida,51
2026-02-10,Wireless Headphones,Florida,46
2026-02-11,Wireless Headphones,Florida,47
2026-02-12,Wireless Headphones,Florida,53
2026-02-13,Wireless Headphones,Florida,36
2026-02-14,Wireless Headphones,Florida,30
2026-02-15,Wireless Headphones,Florida,29
2026-02-16,Wireless Headphones,Florida,34
2026-02-17,Wireless Headphones,Florida,44
2026-02-18,Wireless Headphones,Florida,52
2026-02-19,Wireless Headphones,Florida,46
2026-02-20,Wireless Headphones,Florida,49
2026-02-21,Wireless Headphones,Florida,40
2026-02-22,Wireless Headphones,Florida,41
2026-02-23,Wireless Headphones,Florida,47
2026-02-24,Wireless Headphones,Florida,56
2026-02-25,Wireless Headphones,Florida,48
2026-02-26,Wireless Headphones,Florida,43
2026-02-27,Wireless Headphones,Florida,44
2026-02-28,Wireless Headphones,Florida,29
2026-03-01,Wireless Headphones,Florida,33
2026-03-02,Wireless Headphones,Florida,48
2026-03-03,Wireless Headphones,Florida,55
2026-03-04,Wireless Headphones,Florida,60
2026-03-05,Wireless Headphones,Florida,42
2026-03-06,Wireless Headphones,Florida,52
2026-03-07,Wireless Headphones,Florida,32
2026-03-08,Wireless Headphones,Florida,39
2026-03-09,Wireless Headphones,Florida,49
2026-03-10,Wireless Headphones,Florida,39
2026-03-11,Wireless Headphones,Florida,55
2026-03-12,Wireless Headphones,Florida,46
2026-03-13,Wireless Headphones,Florida,47
2026-03-14,Wireless Headphones,Florida,32
2026-03-15,Wireless Headphones,Florida,34
2026-03-16,Wireless Headphones,Florida,52
2026-03-17,Wireless Headphones,Florida,49
2026-03-18,Wireless Headphones,Florida,52
2026-03-19,Wireless Headphones,Florida,52
2026-03-20,Wireless Headphones,Florida,58
2026-03-21,Wireless Headphones,Florida,35
2026-03-22,Wireless Headphones,Florida,30
2026-03-23,Wireless Headphones,Florida,56
2026-03-24,Wireless Headphones,Florida,48
2026-03-25,Wireless Headphones,Florida,56
2026-03-26,Wireless Headphones,Florida,52
2026-03-27,Wireless Headphones,Florida,49
2026-03-28,Wireless Headphones,Florida,38
2026-03-29,Wireless Headphones,Florida,45
2026-03-30,Wireless Headphones,Florida,62
2026-03-31,Wireless Headphones,Florida,50
2026-04-01,Wireless Headphones,Florida,51
2026-04-02,Wireless Headphones,Florida,57
2026-04-03,Wireless Headphones,Florida,45
2026-04-04,Wireless Headphones,Florida,38
2026-04-05,Wireless Headphones,Florida,37
2026-04-06,Wireless Headphones,Florida,52
2026-04-07,Wireless Headphones,Florida,45
2026-04-08,Wireless Headphones,Florida,41
2026-04-09,Wireless Headphones,Florida,38
2026-04-10,Wireless Headphones,Florida,44
2026-04-11,Wireless Headphones,Florida,35
2026-04-12,Wireless Headphones,Florida,36
2026-04-13,Wireless Headphones,Florida,62
2026-04-14,Wireless Headphones,Florida,57
2026-04-15,Wireless Headphones,Florida,45
2026-04-16,Wireless Headphones,Florida,53
2026-04-17,Wireless Headphones,Florida,48
2026-04-18,Wireless Headphones,Florida,36
2026-04-19,Wireless Headphones,Florida,38
2026-04-20,Wireless Headphones,Florida,54
2026-04-21,Wireless Headphones,Florida,48
2026-04-22,Wireless Headphones,Florida,57
2026-04-23,Wireless Headphones,Florida,44
2026-04-24,Wireless Headphones,Florida,51
2026-04-25,Wireless Headphones,Florida,48
2026-04-26,Wireless Headphones,Florida,38
2026-04-27,Wireless Headphones,Florida,59
2026-04-28,Wireless Headphones,Florida,51
2026-04-29,Wireless Headphones,Florida,54
2026-04-30,Wireless Headphones,Florida,50
2026-05-01,Wireless Headphones,Florida,49
2026-05-02,Wireless Headphones,Florida,33
2026-05-03,Wireless Headphones,Florida,38
2026-05-04,Wireless Headphones,Florida,45
2026-05-05,Wireless Headphones,Florida,54
2026-05-06,Wireless Headphones,Florida,56
2026-05-07,Wireless Headphones,Florida,52
2026-05-08,Wireless Headphones,Florida,48
2026-05-09,Wireless Headphones,Florida,38
2026-05-10,Wireless Headphones,Florida,35
2026-05-11,Wireless Headphones,Florida,55
2026-05-12,Wireless Headphones,Florida,39
2026-05-13,Wireless Headphones,Florida,48
2026-05-14,Wireless Headphones,Florida,38
2026-05-15,Wireless Headphones,Florida,41
2026-05-16,Wireless Headphones,Florida,42
2026-05-17,Wireless Headphones,Florida,40
2026-05-18,Wireless Headphones,Florida,45
2026-05-19,Wireless Headphones,Florida,41
2026-05-20,Wireless Headphones,Florida,32
2026-05-21,Wireless Headphones,Florida,47
2026-05-22,Wireless Headphones,Florida,64
2026-05-23,Wireless Headphones,Florida,38
2026-05-24,Wireless Headphones,Florida,34
2026-05-25,Wireless Headphones,Florida,53
2026-05-26,Wireless Headphones,Florida,40
2026-05-27,Wireless Headphones,Florida,48
2026-05-28,Wireless Headphones,Florida,50
2026-05-29,Wireless Headphones,Florida,49
2026-05-30,Wireless Headphones,Florida,40
2026-05-31,Wireless Headphones,Florida,38
2026-06-01,Wireless Headphones,Florida,52
2026-06-02,Wireless Headphones,Florida,44
2026-06-03,Wireless Headphones,Florida,53
2026-06-04,Wireless Headphones,Florida,57
2026-06-05,Wireless Headphones,Florida,42
2026-06-06,Wireless Headphones,Florida,31
2026-06-07,Wireless Headphones,Florida,41
2026-06-08,Wireless Headphones,Florida,47
2026-06-09,Wireless Headphones,Florida,56
2026-06-10,Wireless Headphones,Florida,45
2026-06-11,Wireless Headphones,Florida,56
2026-06-12,Wireless Headphones,Florida,49
2026-06-13,Wireless Headphones,Florida,36
2026-06-14,Wireless Headphones,Florida,42
2026-06-15,Wireless Headphones,Florida,46
2026-06-16,Wireless Headphones,Florida,42
2026-06-17,Wireless Headphones,Florida,45
2026-06-18,Wireless Headphones,Florida,50
2026-06-19,Wireless Headphones,Florida,39
2026-06-20,Wireless Headphones,Florida,38
2026-06-21,Wireless Headphones,Florida,33
2026-06-22,Wireless Headphones,Florida,54
2026-06-23,Wireless Headphones,Florida,34
2026-06-24,Wireless Headphones,Florida,43
2026-06-25,Wireless Headphones,Florida,38
2026-06-26,Wireless Headphones,Florida,43
2026-06-27,Wireless Headphones,Florida,36
2026-06-28,Wireless Headphones,Florida,34
2026-06-29,Wireless Headphones,Florida,46
2026-06-30,Wireless Headphones,Florida,47
2026-07-01,Wireless Headphones,Florida,46
2026-07-02,Wireless Headphones,Florida,40
2026-07-03,Wireless Headphones,Florida,49
2026-07-04,Wireless Headphones,Florida,36
2026-07-05,Wireless Headphones,Florida,35
2026-07-06,Wireless Headphones,Florida,48
2026-07-07,Wireless Headphones,Florida,47
2026-07-08,Wireless Headphones,Florida,56
2026-07-09,Wireless Headphones,Florida,45
2026-07-10,Wireless Headphones,Florida,43
2026-07-11,Wireless Headphones,Florida,30
2026-07-12,Wireless Headphones,Florida,29
2026-07-13,Wireless Headphones,Florida,38
2026-07-14,Wireless Headphones,Florida,40
2026-07-15,Wireless Headphones,Florida,45
2026-07-16,Wireless Headphones,Florida,47
2026-07-17,Wireless Headphones,Florida,45
2026-07-18,Wireless Headphones,Florida,30
2026-07-19,Wireless Headphones,Florida,37
2026-07-20,Wireless Headphones,Florida,49
2026-07-21,Wireless Headphones,Florida,44
2026-07-22,Wireless Headphones,Florida,42
2026-07-23,Wireless Headphones,Florida,48
2026-07-24,Wireless Headphones,Florida,46
2026-07-25,Wireless Headphones,Florida,27
2026-07-26,Wireless Headphones,Florida,33
2026-07-27,Wireless Headphones,Florida,46
2026-07-28,Wireless Headphones,Florida,40
2026-07-29,Wireless Headphones,Florida,46
2026-07-30,Wireless Headphones,Florida,37
2026-07-31,Wireless Headphones,Florida,52
2026-08-01,Wireless Headphones,Florida,36
2026-08-02,Wireless Headphones,Florida,30
2026-08-03,Wireless Headphones,Florida,44
2026-08-04,Wireless Headphones,Florida,30
2026-08-05,Wireless Headphones,Florida,36
2026-08-06,Wireless Headphones,Florida,41
2026-08-07,Wireless Headphones,Florida,37
2026-08-08,Wireless Headphones,Florida,34
2026-08-09,Wireless Headphones,Florida,38
2026-08-10,Wireless Headphones,Florida,36
2026-08-11,Wireless Headphones,Florida,38
2026-08-12,Wireless Headphones,Florida,44
2026-08-13,Wireless Headphones,Florida,51
2026-08-14,Wireless Headphones,Florida,36
2026-08-15,Wireless Headphones,Florida,32
2026-08-16,Wireless Headphones,Florida,38
2026-08-17,Wireless Headphones,Florida,34
2026-08-18,Wireless Headphones,Florida,36
2026-08-19,Wireless Headphones,Florida,40
2026-08-20,Wireless Headphones,Florida,40
2026-08-21,Wireless Headphones,Florida,47
2026-08-22,Wireless Headphones,Florida,32
2026-08-23,Wireless Headphones,Florida,24
2026-08-24,Wireless Headphones,Florida,45
2026-08-25,Wireless Headphones,Florida,39
2026-08-26,Wireless Headphones,Florida,49
2026-08-27,Wireless Headphones,Florida,39
2026-08-28,Wireless Headphones,Florida,39
2026-08-29,Wireless Headphones,Florida,33
2026-08-30,Wireless Headphones,Florida,34
2026-08-31,Wireless Headphones,Florida,45
2026-09-01,Wireless Headphones,Florida,32
2026-09-02,Wireless Headphones,Florida,43
2026-09-03,Wireless Headphones,Florida,35
2026-09-04,Wireless Headphones,Florida,42
2026-09-05,Wireless Headphones,Florida,25
2026-09-06,Wireless Headphones,Florida,31
2026-09-07,Wireless Headphones,Florida,36
2026-09-08,Wireless Headphones,Florida,34
2026-09-09,Wireless Headphones,Florida,44
2026-09-10,Wireless Headphones,Florida,42
2026-09-11,Wireless Headphones,Florida,37
2026-09-12,Wireless Headphones,Florida,35
2026-09-13,Wireless Headphones,Florida,28
2026-09-14,Wireless Headphones,Florida,41
2026-09-15,Wireless Headphones,Florida,42
2026-09-16,Wireless Headphones,Florida,37
2026-09-17,Wireless Headphones,Florida,43
2026-09-18,Wireless Headphones,Florida,38
2026-09-19,Wireless Headphones,Florida,28
2026-09-20,Wireless Headphones,Florida,34
2026-09-21,Wireless Headphones,Florida,35
2026-09-22,Wireless Headphones,Florida,29
2026-09-23,Wireless Headphones,Florida,48
2026-09-24,Wireless Headphones,Florida,53
2026-09-25,Wireless Headphones,Florida,38
2026-09-26,Wireless Headphones,Florida,23
2026-09-27,Wireless Headphones,Florida,28
2026-09-28,Wireless Headphones,Florida,39
2025-01-01,Wireless Headphones,Georgia,34
2025-01-02,Wireless Headphones,Georgia,31
2025-01-03,Wireless Headphones,Georgia,38
2025-01-04,Wireless Headphones,Georgia,27
2025-01-05,Wireless Headphones,Georgia,21
2025-01-06,Wireless Headphones,Georgia,38
2025-01-07,Wireless Headphones,Georgia,44
2025-01-08,Wireless Headphones,Georgia,36
2025-01-09,Wireless Headphones,Georgia,34
2025-01-10,Wireless Headphones,Georgia,35
2025-01-11,Wireless Headphones,Georgia,28
2025-01-12,Wireless Headphones,Georgia,20
2025-01-13,Wireless Headphones,Georgia,36
2025-01-14,Wireless Headphones,Georgia,34
2025-01-15,Wireless Headphones,Georgia,43
2025-01-16,Wireless Headphones,Georgia,35
2025-01-17,Wireless Headphones,Georgia,42
2025-01-18,Wireless Headphones,Georgia,22
2025-01-19,Wireless Headphones,Georgia,28
2025-01-20,Wireless Headphones,Georgia,37
2025-01-21,Wireless Headphones,Georgia,32
2025-01-22,Wireless Headphones,Georgia,36
2025-01-23,Wireless Headphones,Georgia,40
2025-01-24,Wireless Headphones,Georgia,34
2025-01-25,Wireless Headphones,Georgia,21
2025-01-26,Wireless Headphones,Georgia,26
2025-01-27,Wireless Headphones,Georgia,31
2025-01-28,Wireless Headphones,Georgia,34
2025-01-29,Wireless Headphones,Georgia,35
2025-01-30,Wireless Headphones,Georgia,28
2025-01-31,Wireless Headphones,Georgia,28
2025-02-01,Wireless Headphones,Georgia,29
2025-02-02,Wireless Headphones,Georgia,26
2025-02-03,Wireless Headphones,Georgia,26
2025-02-04,Wireless Headphones,Georgia,41
2025-02-05,Wireless Headphones,Georgia,39
2025-02-06,Wireless Headphones,Georgia,34
2025-02-07,Wireless Headphones,Georgia,31
2025-02-08,Wireless Headphones,Georgia,30
2025-02-09,Wireless Headphones,Georgia,29
2025-02-10,Wireless Headphones,Georgia,48
2025-02-11,Wireless Headphones,Georgia,39
2025-02-12,Wireless Headphones,Georgia,39
2025-02-13,Wireless Headphones,Georgia,37
2025-02-14,Wireless Headphones,Georgia,41
2025-02-15,Wireless Headphones,Georgia,29
2025-02-16,Wireless Headphones,Georgia,31
2025-02-17,Wireless Headphones,Georgia,35
2025-02-18,Wireless Headphones,Georgia,35
2025-02-19,Wireless Headphones,Georgia,35
2025-02-20,Wireless Headphones,Georgia,41
2025-02-21,Wireless Headphones,Georgia,44
2025-02-22,Wireless Headphones,Georgia,26
2025-02-23,Wireless Headphones,Georgia,26
2025-02-24,Wireless Headphones,Georgia,39
2025-02-25,Wireless Headphones,Georgia,36
2025-02-26,Wireless Headphones,Georgia,42
2025-02-27,Wireless Headphones,Georgia,27
2025-02-28,Wireless Headphones,Georgia,34
2025-03-01,Wireless Headphones,Georgia,26
2025-03-02,Wireless Headphones,Georgia,21
2025-03-03,Wireless Headphones,Georgia,34
2025-03-04,Wireless Headphones,Georgia,35
2025-03-05,Wireless Headphones,Georgia,38
2025-03-06,Wireless Headphones,Georgia,44
2025-03-07,Wireless Headphones,Georgia,38
2025-03-08,Wireless Headphones,Georgia,25
2025-03-09,Wireless Headphones,Georgia,28
2025-03-10,Wireless Headphones,Georgia,44
2025-03-11,Wireless Headphones,Georgia,34
2025-03-12,Wireless Headphones,Georgia,35
2025-03-13,Wireless Headphones,Georgia,42
2025-03-14,Wireless Headphones,Georgia,38
2025-03-15,Wireless Headphones,Georgia,31
2025-03-16,Wireless Headphones,Georgia,28
2025-03-17,Wireless Headphones,Georgia,42
2025-03-18,Wireless Headphones,Georgia,34
2025-03-19,Wireless Headphones,Georgia,39
2025-03-20,Wireless Headphones,Georgia,38
2025-03-21,Wireless Headphones,Georgia,33
2025-03-22,Wireless Headphones,Georgia,23
2025-03-23,Wireless Headphones,Georgia,31
2025-03-24,Wireless Headphones,Georgia,37
2025-03-25,Wireless Headphones,Georgia,34
2025-03-26,Wireless Headphones,Georgia,38
2025-03-27,Wireless Headphones,Georgia,44
2025-03-28,Wireless Headphones,Georgia,28
2025-03-29,Wireless Headphones,Georgia,23
2025-03-30,Wireless Headphones,Georgia,25
2025-03-31,Wireless Headphones,Georgia,46
2025-04-01,Wireless Headphones,Georgia,41
2025-04-02,Wireless Headphones,Georgia,43
2025-04-03,Wireless Headphones,Georgia,34
2025-04-04,Wireless Headphones,Georgia,34
2025-04-05,Wireless Headphones,Georgia,30
2025-04-06,Wireless Headphones,Georgia,29
2025-04-07,Wireless Headphones,Georgia,42
2025-04-08,Wireless Headphones,Georgia,39
2025-04-09,Wireless Headphones,Georgia,41
2025-04-10,Wireless Headphones,Georgia,40
2025-04-11,Wireless Headphones,Georgia,43
2025-04-12,Wireless Headphones,Georgia,32
2025-04-13,Wireless Headphones,Georgia,23
2025-04-14,Wireless Headphones,Georgia,29
2025-04-15,Wireless Headphones,Georgia,44
2025-04-16,Wireless Headphones,Georgia,45
2025-04-17,Wireless Headphones,Georgia,35
2025-04-18,Wireless Headphones,Georgia,31
2025-04-19,Wireless Headphones,Georgia,29
2025-04-20,Wireless Headphones,Georgia,32
2025-04-21,Wireless Headphones,Georgia,48
2025-04-22,Wireless Headphones,Georgia,42
2025-04-23,Wireless Headphones,Georgia,38
2025-04-24,Wireless Headphones,Georgia,35
2025-04-25,Wireless Headphones,Georgia,40
2025-04-26,Wireless Headphones,Georgia,28
2025-04-27,Wireless Headphones,Georgia,25
2025-04-28,Wireless Headphones,Georgia,49
2025-04-29,Wireless Headphones,Georgia,48
2025-04-30,Wireless Headphones,Georgia,45
2025-05-01,Wireless Headphones,Georgia,35
2025-05-02,Wireless Headphones,Georgia,43
2025-05-03,Wireless Headphones,Georgia,31
2025-05-04,Wireless Headphones,Georgia,30
2025-05-05,Wireless Headphones,Georgia,45
2025-05-06,Wireless Headphones,Georgia,42
2025-05-07,Wireless Headphones,Georgia,42
2025-05-08,Wireless Headphones,Georgia,42
2025-05-09,Wireless Headphones,Georgia,41
2025-05-10,Wireless Headphones,Georgia,22
2025-05-11,Wireless Headphones,Georgia,29
2025-05-12,Wireless Headphones,Georgia,36
2025-05-13,Wireless Headphones,Georgia,33
2025-05-14,Wireless Headphones,Georgia,47
2025-05-15,Wireless Headphones,Georgia,47
2025-05-16,Wireless Headphones,Georgia,45
2025-05-17,Wireless Headphones,Georgia,29
2025-05-18,Wireless Headphones,Georgia,33
2025-05-19,Wireless Headphones,Georgia,39
2025-05-20,Wireless Headphones,Georgia,40
2025-05-21,Wireless Headphones,Georgia,34
2025-05-22,Wireless Headphones,Georgia,41
2025-05-23,Wireless Headphones,Georgia,39
2025-05-24,Wireless Headphones,Georgia,24
2025-05-25,Wireless Headphones,Georgia,28
2025-05-26,Wireless Headphones,Georgia,39
2025-05-27,Wireless Headphones,Georgia,47
2025-05-28,Wireless Headphones,Georgia,43
2025-05-29,Wireless Headphones,Georgia,39
2025-05-30,Wireless Headphones,Georgia,40
2025-05-31,Wireless Headphones,Georgia,29
2025-06-01,Wireless Headphones,Georgia,27
2025-06-02,Wireless Headphones,Georgia,33
2025-06-03,Wireless Headphones,Georgia,37
2025-06-04,Wireless Headphones,Georgia,34
2025-06-05,Wireless Headphones,Georgia,32
2025-06-06,Wireless Headphones,Georgia,40
2025-06-07,Wireless Headphones,Georgia,29
2025-06-08,Wireless Headphones,Georgia,22
2025-06-09,Wireless Headphones,Georgia,37
2025-06-10,Wireless Headphones,Georgia,42
2025-06-11,Wireless Headphones,Georgia,42
2025-06-12,Wireless Headphones,Georgia,42
2025-06-13,Wireless Headphones,Georgia,38
2025-06-14,Wireless Headphones,Georgia,25
2025-06-15,Wireless Headphones,Georgia,24
2025-06-16,Wireless Headphones,Georgia,39
2025-06-17,Wireless Headphones,Georgia,39
2025-06-18,Wireless Headphones,Georgia,43
2025-06-19,Wireless Headphones,Georgia,42
2025-06-20,Wireless Headphones,Georgia,37
2025-06-21,Wireless Headphones,Georgia,23
2025-06-22,Wireless Headphones,Georgia,26
2025-06-23,Wireless Headphones,Georgia,38
2025-06-24,Wireless Headphones,Georgia,36
2025-06-25,Wireless Headphones,Georgia,35
2025-06-26,Wireless Headphones,Georgia,39
2025-06-27,Wireless Headphones,Georgia,35
2025-06-28,Wireless Headphones,Georgia,25
2025-06-29,Wireless Headphones,Georgia,28
2025-06-30,Wireless Headphones,Georgia,36
2025-07-01,Wireless Headphones,Georgia,36
2025-07-02,Wireless Headphones,Georgia,36
2025-07-03,Wireless Headphones,Georgia,30
2025-07-04,Wireless Headphones,Georgia,33
2025-07-05,Wireless Headphones,Georgia,30
2025-07-06,Wireless Headphones,Georgia,22
2025-07-07,Wireless Headphones,Georgia,26
2025-07-08,Wireless Headphones,Georgia,27
2025-07-09,Wireless Headphones,Georgia,35
2025-07-10,Wireless Headphones,Georgia,35
2025-07-11,Wireless Headphones,Georgia,35
2025-07-12,Wireless Headphones,Georgia,30
2025-07-13,Wireless Headphones,Georgia,18
2025-07-14,Wireless Headphones,Georgia,37
2025-07-15,Wireless Headphones,Georgia,42
2025-07-16,Wireless Headphones,Georgia,31
2025-07-17,Wireless Headphones,Georgia,34
2025-07-18,Wireless Headphones,Georgia,32
2025-07-19,Wireless Headphones,Georgia,23
2025-07-20,Wireless Headphones,Georgia,25
2025-07-21,Wireless Headphones,Georgia,41
2025-07-22,Wireless Headphones,Georgia,43
2025-07-23,Wireless Headphones,Georgia,34
2025-07-24,Wireless Headphones,Georgia,43
2025-07-25,Wireless Headphones,Georgia,35
2025-07-26,Wireless Headphones,Georgia,31
2025-07-27,Wireless Headphones,Georgia,26
2025-07-28,Wireless Headphones,Georgia,36
2025-07-29,Wireless Headphones,Georgia,37
2025-07-30,Wireless Headphones,Georgia,49
2025-07-31,Wireless Headphones,Georgia,39
2025-08-01,Wireless Headphones,Georgia,30
2025-08-02,Wireless Headphones,Georgia,27
2025-08-03,Wireless Headphones,Georgia,23
2025-08-04,Wireless Headphones,Georgia,31
2025-08-05,Wireless Headphones,Georgia,37
2025-08-06,Wireless Headphones,Georgia,33
2025-08-07,Wireless Headphones,Georgia,34
2025-08-08,Wireless Headphones,Georgia,33
2025-08-09,Wireless Headphones,Georgia,25
2025-08-10,Wireless Headphones,Georgia,26
2025-08-11,Wireless Headphones,Georgia,25
2025-08-12,Wireless Headphones,Georgia,36
2025-08-13,Wireless Headphones,Georgia,29
2025-08-14,Wireless Headphones,Georgia,27
2025-08-15,Wireless Headphones,Georgia,33
2025-08-16,Wireless Headphones,Georgia,25
2025-08-17,Wireless Headphones,Georgia,22
2025-08-18,Wireless Headphones,Georgia,36
2025-08-19,Wireless Headphones,Georgia,28
2025-08-20,Wireless Headphones,Georgia,32
2025-08-21,Wireless Headphones,Georgia,31
2025-08-22,Wireless Headphones,Georgia,33
2025-08-23,Wireless Headphones,Georgia,25
2025-08-24,Wireless Headphones,Georgia,21
2025-08-25,Wireless Headphones,Georgia,36
2025-08-26,Wireless Headphones,Georgia,33
2025-08-27,Wireless Headphones,Georgia,26
2025-08-28,Wireless Headphones,Georgia,25
2025-08-29,Wireless Headphones,Georgia,33
2025-08-30,Wireless Headphones,Georgia,24
2025-08-31,Wireless Headphones,Georgia,24
2025-09-01,Wireless Headphones,Georgia,32
2025-09-02,Wireless Headphones,Georgia,32
2025-09-03,Wireless Headphones,Georgia,35
2025-09-04,Wireless Headphones,Georgia,27
2025-09-05,Wireless Headphones,Georgia,27
2025-09-06,Wireless Headphones,Georgia,20
2025-09-07,Wireless Headphones,Georgia,24
2025-09-08,Wireless Headphones,Georgia,36
2025-09-09,Wireless Headphones,Georgia,30
2025-09-10,Wireless Headphones,Georgia,22
2025-09-11,Wireless Headphones,Georgia,25
2025-09-12,Wireless Headphones,Georgia,28
2025-09-13,Wireless Headphones,Georgia,22
2025-09-14,Wireless Headphones,Georgia,22
2025-09-15,Wireless Headphones,Georgia,32
2025-09-16,Wireless Headphones,Georgia,30
2025-09-17,Wireless Headphones,Georgia,36
2025-09-18,Wireless Headphones,Georgia,29
2025-09-19,Wireless Headphones,Georgia,28
2025-09-20,Wireless Headphones,Georgia,24
2025-09-21,Wireless Headphones,Georgia,19
2025-09-22,Wireless Headphones,Georgia,33
2025-09-23,Wireless Headphones,Georgia,32
2025-09-24,Wireless Headphones,Georgia,31
2025-09-25,Wireless Headphones,Georgia,38
2025-09-26,Wireless Headphones,Georgia,29
2025-09-27,Wireless Headphones,Georgia,29
2025-09-28,Wireless Headphones,Georgia,23
2025-09-29,Wireless Headphones,Georgia,27
2025-09-30,Wireless Headphones,Georgia,32
2025-10-01,Wireless Headphones,Georgia,27
2025-10-02,Wireless Headphones,Georgia,28
2025-10-03,Wireless Headphones,Georgia,33
2025-10-04,Wireless Headphones,Georgia,24
2025-10-05,Wireless Headphones,Georgia,21
2025-10-06,Wireless Headphones,Georgia,35
2025-10-07,Wireless Headphones,Georgia,35
2025-10-08,Wireless Headphones,Georgia,36
2025-10-09,Wireless Headphones,Georgia,33
2025-10-10,Wireless Headphones,Georgia,36
2025-10-11,Wireless Headphones,Georgia,18
2025-10-12,Wireless Headphones,Georgia,22
2025-10-13,Wireless Headphones,Georgia,28
2025-10-14,Wireless Headphones,Georgia,31
2025-10-15,Wireless Headphones,Georgia,29
2025-10-16,Wireless Headphones,Georgia,30
2025-10-17,Wireless Headphones,Georgia,38
2025-10-18,Wireless Headphones,Georgia,22
2025-10-19,Wireless Headphones,Georgia,24
2025-10-20,Wireless Headphones,Georgia,30
2025-10-21,Wireless Headphones,Georgia,31
2025-10-22,Wireless Headphones,Georgia,31
2025-10-23,Wireless Headphones,Georgia,33
2025-10-24,Wireless Headphones,Georgia,35
2025-10-25,Wireless Headphones,Georgia,27
2025-10-26,Wireless Headphones,Georgia,24
2025-10-27,Wireless Headphones,Georgia,33
2025-10-28,Wireless Headphones,Georgia,27
2025-10-29,Wireless Headphones,Georgia,31
2025-10-30,Wireless Headphones,Georgia,35
2025-10-31,Wireless Headphones,Georgia,34
2025-11-01,Wireless Headphones,Georgia,28
2025-11-02,Wireless Headphones,Georgia,30
2025-11-03,Wireless Headphones,Georgia,40
2025-11-04,Wireless Headphones,Georgia,43
2025-11-05,Wireless Headphones,Georgia,39
2025-11-06,Wireless Headphones,Georgia,36
2025-11-07,Wireless Headphones,Georgia,39
2025-11-08,Wireless Headphones,Georgia,18
2025-11-09,Wireless Headphones,Georgia,29
2025-11-10,Wireless Headphones,Georgia,21
2025-11-11,Wireless Headphones,Georgia,30
2025-11-12,Wireless Headphones,Georgia,39
2025-11-13,Wireless Headphones,Georgia,39
2025-11-14,Wireless Headphones,Georgia,32
2025-11-15,Wireless Headphones,Georgia,25
2025-11-16,Wireless Headphones,Georgia,32
2025-11-17,Wireless Headphones,Georgia,35
2025-11-18,Wireless Headphones,Georgia,47
2025-11-19,Wireless Headphones,Georgia,37
2025-11-20,Wireless Headphones,Georgia,39
2025-11-21,Wireless Headphones,Georgia,45
2025-11-22,Wireless Headphones,Georgia,28
2025-11-23,Wireless Headphones,Georgia,24
2025-11-24,Wireless Headphones,Georgia,37
2025-11-25,Wireless Headphones,Georgia,37
2025-11-26,Wireless Headphones,Georgia,31
2025-11-27,Wireless Headphones,Georgia,36
2025-11-28,Wireless Headphones,Georgia,34
2025-11-29,Wireless Headphones,Georgia,30
2025-11-30,Wireless Headphones,Georgia,27
2025-12-01,Wireless Headphones,Georgia,38
2025-12-02,Wireless Headphones,Georgia,39
2025-12-03,Wireless Headphones,Georgia,40
2025-12-04,Wireless Headphones,Georgia,42
2025-12-05,Wireless Headphones,Georgia,34
2025-12-06,Wireless Headphones,Georgia,25
2025-12-07,Wireless Headphones,Georgia,32
2025-12-08,Wireless Headphones,Georgia,37
2025-12-09,Wireless Headphones,Georgia,32
2025-12-10,Wireless Headphones,Georgia,41
2025-12-11,Wireless Headphones,Georgia,41
2025-12-12,Wireless Headphones,Georgia,32
2025-12-13,Wireless Headphones,Georgia,29
2025-12-14,Wireless Headphones,Georgia,31
2025-12-15,Wireless Headphones,Georgia,41
2025-12-16,Wireless Headphones,Georgia,42
2025-12-17,Wireless Headphones,Georgia,33
2025-12-18,Wireless Headphones,Georgia,41
2025-12-19,Wireless Headphones,Georgia,38
2025-12-20,Wireless Headphones,Georgia,27
2025-12-21,Wireless Headphones,Georgia,32
2025-12-22,Wireless Headphones,Georgia,46
2025-12-23,Wireless Headphones,Georgia,48
2025-12-24,Wireless Headphones,Georgia,45
2025-12-25,Wireless Headphones,Georgia,39
2025-12-26,Wireless Headphones,Georgia,41
2025-12-27,Wireless Headphones,Georgia,31
2025-12-28,Wireless Headphones,Georgia,29
2025-12-29,Wireless Headphones,Georgia,40
2025-12-30,Wireless Headphones,Georgia,43
2025-12-31,Wireless Headphones,Georgia,39
2026-01-01,Wireless Headphones,Georgia,32
2026-01-02,Wireless Headphones,Georgia,34
2026-01-03,Wireless Headphones,Georgia,28
2026-01-04,Wireless Headphones,Georgia,26
2026-01-05,Wireless Headphones,Georgia,37
2026-01-06,Wireless Headphones,Georgia,38
2026-01-07,Wireless Headphones,Georgia,34
2026-01-08,Wireless Headphones,Georgia,38
2026-01-09,Wireless Headphones,Georgia,37
2026-01-10,Wireless Headphones,Georgia,22
2026-01-11,Wireless Headphones,Georgia,30
2026-01-12,Wireless Headphones,Georgia,33
2026-01-13,Wireless Headphones,Georgia,28
2026-01-14,Wireless Headphones,Georgia,31
2026-01-15,Wireless Headphones,Georgia,31
2026-01-16,Wireless Headphones,Georgia,36
2026-01-17,Wireless Headphones,Georgia,25
2026-01-18,Wireless Headphones,Georgia,25
2026-01-19,Wireless Headphones,Georgia,38
2026-01-20,Wireless Headphones,Georgia,37
2026-01-21,Wireless Headphones,Georgia,37
2026-01-22,Wireless Headphones,Georgia,37
2026-01-23,Wireless Headphones,Georgia,38
2026-01-24,Wireless Headphones,Georgia,19
2026-01-25,Wireless Headphones,Georgia,25
2026-01-26,Wireless Headphones,Georgia,26
2026-01-27,Wireless Headphones,Georgia,35
2026-01-28,Wireless Headphones,Georgia,35
2026-01-29,Wireless Headphones,Georgia,40
2026-01-30,Wireless Headphones,Georgia,40
2026-01-31,Wireless Headphones,Georgia,26
2026-02-01,Wireless Headphones,Georgia,26
2026-02-02,Wireless Headphones,Georgia,40
2026-02-03,Wireless Headphones,Georgia,35
2026-02-04,Wireless Headphones,Georgia,37
2026-02-05,Wireless Headphones,Georgia,42
2026-02-06,Wireless Headphones,Georgia,35
2026-02-07,Wireless Headphones,Georgia,30
2026-02-08,Wireless Headphones,Georgia,30
2026-02-09,Wireless Headphones,Georgia,33
2026-02-10,Wireless Headphones,Georgia,42
2026-02-11,Wireless Headphones,Georgia,41
2026-02-12,Wireless Headphones,Georgia,38
2026-02-13,Wireless Headphones,Georgia,34
2026-02-14,Wireless Headphones,Georgia,25
2026-02-15,Wireless Headphones,Georgia,26
2026-02-16,Wireless Headphones,Georgia,40
2026-02-17,Wireless Headphones,Georgia,33
2026-02-18,Wireless Headphones,Georgia,39
2026-02-19,Wireless Headphones,Georgia,32
2026-02-20,Wireless Headphones,Georgia,36
2026-02-21,Wireless Headphones,Georgia,28
2026-02-22,Wireless Headphones,Georgia,35
2026-02-23,Wireless Headphones,Georgia,31
2026-02-24,Wireless Headphones,Georgia,44
2026-02-25,Wireless Headphones,Georgia,38
2026-02-26,Wireless Headphones,Georgia,39
2026-02-27,Wireless Headphones,Georgia,38
2026-02-28,Wireless Headphones,Georgia,29
2026-03-01,Wireless Headphones,Georgia,28
2026-03-02,Wireless Headphones,Georgia,46
2026-03-03,Wireless Headphones,Georgia,37
2026-03-04,Wireless Headphones,Georgia,44
2026-03-05,Wireless Headphones,Georgia,36
2026-03-06,Wireless Headphones,Georgia,39
2026-03-07,Wireless Headphones,Georgia,25
2026-03-08,Wireless Headphones,Georgia,30
2026-03-09,Wireless Headphones,Georgia,46
2026-03-10,Wireless Headphones,Georgia,39
2026-03-11,Wireless Headphones,Georgia,38
2026-03-12,Wireless Headphones,Georgia,34
2026-03-13,Wireless Headphones,Georgia,38
2026-03-14,Wireless Headphones,Georgia,23
2026-03-15,Wireless Headphones,Georgia,25
2026-03-16,Wireless Headphones,Georgia,40
2026-03-17,Wireless Headphones,Georgia,45
2026-03-18,Wireless Headphones,Georgia,52
2026-03-19,Wireless Headphones,Georgia,36
2026-03-20,Wireless Headphones,Georgia,46
2026-03-21,Wireless Headphones,Georgia,29
2026-03-22,Wireless Headphones,Georgia,28
2026-03-23,Wireless Headphones,Georgia,41
2026-03-24,Wireless Headphones,Georgia,39
2026-03-25,Wireless Headphones,Georgia,39
2026-03-26,Wireless Headphones,Georgia,37
2026-03-27,Wireless Headphones,Georgia,32
2026-03-28,Wireless Headphones,Georgia,23
2026-03-29,Wireless Headphones,Georgia,31
2026-03-30,Wireless Headphones,Georgia,38
2026-03-31,Wireless Headphones,Georgia,36
2026-04-01,Wireless Headphones,Georgia,40
2026-04-02,Wireless Headphones,Georgia,43
2026-04-03,Wireless Headphones,Georgia,40
2026-04-04,Wireless Headphones,Georgia,27
2026-04-05,Wireless Headphones,Georgia,33
2026-04-06,Wireless Headphones,Georgia,47
2026-04-07,Wireless Headphones,Georgia,42
2026-04-08,Wireless Headphones,Georgia,44
2026-04-09,Wireless Headphones,Georgia,45
2026-04-10,Wireless Headphones,Georgia,45
2026-04-11,Wireless Headphones,Georgia,31
2026-04-12,Wireless Headphones,Georgia,31
2026-04-13,Wireless Headphones,Georgia,42
2026-04-14,Wireless Headphones,Georgia,34
2026-04-15,Wireless Headphones,Georgia,43
2026-04-16,Wireless Headphones,Georgia,33
2026-04-17,Wireless Headphones,Georgia,36
2026-04-18,Wireless Headphones,Georgia,33
2026-04-19,Wireless Headphones,Georgia,32
2026-04-20,Wireless Headphones,Georgia,47
2026-04-21,Wireless Headphones,Georgia,38
2026-04-22,Wireless Headphones,Georgia,34
2026-04-23,Wireless Headphones,Georgia,38
2026-04-24,Wireless Headphones,Georgia,40
2026-04-25,Wireless Headphones,Georgia,29
2026-04-26,Wireless Headphones,Georgia,33
2026-04-27,Wireless Headphones,Georgia,38
2026-04-28,Wireless Headphones,Georgia,41
2026-04-29,Wireless Headphones,Georgia,35
2026-04-30,Wireless Headphones,Georgia,42
2026-05-01,Wireless Headphones,Georgia,39
2026-05-02,Wireless Headphones,Georgia,26
2026-05-03,Wireless Headphones,Georgia,28
2026-05-04,Wireless Headphones,Georgia,38
2026-05-05,Wireless Headphones,Georgia,38
2026-05-06,Wireless Headphones,Georgia,47
2026-05-07,Wireless Headphones,Georgia,38
2026-05-08,Wireless Headphones,Georgia,38
2026-05-09,Wireless Headphones,Georgia,21
2026-05-10,Wireless Headphones,Georgia,25
2026-05-11,Wireless Headphones,Georgia,38
2026-05-12,Wireless Headphones,Georgia,36
2026-05-13,Wireless Headphones,Georgia,45
2026-05-14,Wireless Headphones,Georgia,38
2026-05-15,Wireless Headphones,Georgia,45
2026-05-16,Wireless Headphones,Georgia,29
2026-05-17,Wireless Headphones,Georgia,29
2026-05-18,Wireless Headphones,Georgia,39
2026-05-19,Wireless Headphones,Georgia,39
2026-05-20,Wireless Headphones,Georgia,47
2026-05-21,Wireless Headphones,Georgia,28
2026-05-22,Wireless Headphones,Georgia,30
2026-05-23,Wireless Headphones,Georgia,27
2026-05-24,Wireless Headphones,Georgia,29
2026-05-25,Wireless Headphones,Georgia,42
2026-05-26,Wireless Headphones,Georgia,41
2026-05-27,Wireless Headphones,Georgia,37
2026-05-28,Wireless Headphones,Georgia,44
2026-05-29,Wireless Headphones,Georgia,44
2026-05-30,Wireless Headphones,Georgia,29
2026-05-31,Wireless Headphones,Georgia,32
2026-06-01,Wireless Headphones,Georgia,39
2026-06-02,Wireless Headphones,Georgia,35
2026-06-03,Wireless Headphones,Georgia,41
2026-06-04,Wireless Headphones,Georgia,38
2026-06-05,Wireless Headphones,Georgia,37
2026-06-06,Wireless Headphones,Georgia,32
2026-06-07,Wireless Headphones,Georgia,19
2026-06-08,Wireless Headphones,Georgia,31
2026-06-09,Wireless Headphones,Georgia,32
2026-06-10,Wireless Headphones,Georgia,36
2026-06-11,Wireless Headphones,Georgia,36
2026-06-12,Wireless Headphones,Georgia,31
2026-06-13,Wireless Headphones,Georgia,24
2026-06-14,Wireless Headphones,Georgia,25
2026-06-15,Wireless Headphones,Georgia,48
2026-06-16,Wireless Headphones,Georgia,45
2026-06-17,Wireless Headphones,Georgia,36
2026-06-18,Wireless Headphones,Georgia,36
2026-06-19,Wireless Headphones,Georgia,32
2026-06-20,Wireless Headphones,Georgia,21
2026-06-21,Wireless Headphones,Georgia,27
2026-06-22,Wireless Headphones,Georgia,33
2026-06-23,Wireless Headphones,Georgia,37
2026-06-24,Wireless Headphones,Georgia,30
2026-06-25,Wireless Headphones,Georgia,34
2026-06-26,Wireless Headphones,Georgia,38
2026-06-27,Wireless Headphones,Georgia,29
2026-06-28,Wireless Headphones,Georgia,29
2026-06-29,Wireless Headphones,Georgia,31
2026-06-30,Wireless Headphones,Georgia,41
2026-07-01,Wireless Headphones,Georgia,32
2026-07-02,Wireless Headphones,Georgia,38
2026-07-03,Wireless Headphones,Georgia,35
2026-07-04,Wireless Headphones,Georgia,22
2026-07-05,Wireless Headphones,Georgia,25
2026-07-06,Wireless Headphones,Georgia,37
2026-07-07,Wireless Headphones,Georgia,38
2026-07-08,Wireless Headphones,Georgia,35
2026-07-09,Wireless Headphones,Georgia,42
2026-07-10,Wireless Headphones,Georgia,40
2026-07-11,Wireless Headphones,Georgia,25
2026-07-12,Wireless Headphones,Georgia,28
2026-07-13,Wireless Headphones,Georgia,43
2026-07-14,Wireless Headphones,Georgia,44
2026-07-15,Wireless Headphones,Georgia,30
2026-07-16,Wireless Headphones,Georgia,31
2026-07-17,Wireless Headphones,Georgia,42
2026-07-18,Wireless Headphones,Georgia,23
2026-07-19,Wireless Headphones,Georgia,22
2026-07-20,Wireless Headphones,Georgia,33
2026-07-21,Wireless Headphones,Georgia,37
2026-07-22,Wireless Headphones,Georgia,35
2026-07-23,Wireless Headphones,Georgia,33
2026-07-24,Wireless Headphones,Georgia,32
2026-07-25,Wireless Headphones,Georgia,24
2026-07-26,Wireless Headphones,Georgia,23
2026-07-27,Wireless Headphones,Georgia,45
2026-07-28,Wireless Headphones,Georgia,37
2026-07-29,Wireless Headphones,Georgia,39
2026-07-30,Wireless Headphones,Georgia,33
2026-07-31,Wireless Headphones,Georgia,34
2026-08-01,Wireless Headphones,Georgia,22
2026-08-02,Wireless Headphones,Georgia,17
2026-08-03,Wireless Headphones,Georgia,28
2026-08-04,Wireless Headphones,Georgia,26
2026-08-05,Wireless Headphones,Georgia,24
2026-08-06,Wireless Headphones,Georgia,28
2026-08-07,Wireless Headphones,Georgia,38
2026-08-08,Wireless Headphones,Georgia,24
2026-08-09,Wireless Headphones,Georgia,28
2026-08-10,Wireless Headphones,Georgia,35
2026-08-11,Wireless Headphones,Georgia,36
2026-08-12,Wireless Headphones,Georgia,30
2026-08-13,Wireless Headphones,Georgia,35
2026-08-14,Wireless Headphones,Georgia,36
2026-08-15,Wireless Headphones,Georgia,23
2026-08-16,Wireless Headphones,Georgia,26
2026-08-17,Wireless Headphones,Georgia,35
2026-08-18,Wireless Headphones,Georgia,31
2026-08-19,Wireless Headphones,Georgia,29
2026-08-20,Wireless Headphones,Georgia,28
2026-08-21,Wireless Headphones,Georgia,34
2026-08-22,Wireless Headphones,Georgia,25
2026-08-23,Wireless Headphones,Georgia,22
2026-08-24,Wireless Headphones,Georgia,33
2026-08-25,Wireless Headphones,Georgia,35
2026-08-26,Wireless Headphones,Georgia,36
2026-08-27,Wireless Headphones,Georgia,39
2026-08-28,Wireless Headphones,Georgia,38
2026-08-29,Wireless Headphones,Georgia,21
2026-08-30,Wireless Headphones,Georgia,29
2026-08-31,Wireless Headphones,Georgia,31
2026-09-01,Wireless Headphones,Georgia,36
2026-09-02,Wireless Headphones,Georgia,32
2026-09-03,Wireless Headphones,Georgia,30
2026-09-04,Wireless Headphones,Georgia,25
2026-09-05,Wireless Headphones,Georgia,23
2026-09-06,Wireless Headphones,Georgia,19
2026-09-07,Wireless Headphones,Georgia,35
2026-09-08,Wireless Headphones,Georgia,37
2026-09-09,Wireless Headphones,Georgia,29
2026-09-10,Wireless Headphones,Georgia,33
2026-09-11,Wireless Headphones,Georgia,29
2026-09-12,Wireless Headphones,Georgia,21
2026-09-13,Wireless Headphones,Georgia,25
2026-09-14,Wireless Headphones,Georgia,31
2026-09-15,Wireless Headphones,Georgia,38
2026-09-16,Wireless Headphones,Georgia,30
2026-09-17,Wireless Headphones,Georgia,35
2026-09-18,Wireless Headphones,Georgia,32
2026-09-19,Wireless Headphones,Georgia,25
2026-09-20,Wireless Headphones,Georgia,22
2026-09-21,Wireless Headphones,Georgia,31
2026-09-22,Wireless Headphones,Georgia,31
2026-09-23,Wireless Headphones,Georgia,28
2026-09-24,Wireless Headphones,Georgia,34
2026-09-25,Wireless Headphones,Georgia,34
2026-09-26,Wireless Headphones,Georgia,25
2026-09-27,Wireless Headphones,Georgia,27
2026-09-28,Wireless Headphones,Georgia,37
2025-01-01,Wireless Headphones,Texas,39
2025-01-02,Wireless Headphones,Texas,43
2025-01-03,Wireless Headphones,Texas,38
2025-01-04,Wireless Headphones,Texas,30
2025-01-05,Wireless Headphones,Texas,28
2025-01-06,Wireless Headphones,Texas,49
2025-01-07,Wireless Headphones,Texas,43
2025-01-08,Wireless Headphones,Texas,40
2025-01-09,Wireless Headphones,Texas,47
2025-01-10,Wireless Headphones,Texas,30
2025-01-11,Wireless Headphones,Texas,23
2025-01-12,Wireless Headphones,Texas,33
2025-01-13,Wireless Headphones,Texas,41
2025-01-14,Wireless Headphones,Texas,42
2025-01-15,Wireless Headphones,Texas,35
2025-01-16,Wireless Headphones,Texas,41
2025-01-17,Wireless Headphones,Texas,51
2025-01-18,Wireless Headphones,Texas,33
2025-01-19,Wireless Headphones,Texas,31
2025-01-20,Wireless Headphones,Texas,39
2025-01-21,Wireless Headphones,Texas,39
2025-01-22,Wireless Headphones,Texas,31
2025-01-23,Wireless Headphones,Texas,42
2025-01-24,Wireless Headphones,Texas,45
2025-01-25,Wireless Headphones,Texas,24
2025-01-26,Wireless Headphones,Texas,28
2025-01-27,Wireless Headphones,Texas,35
2025-01-28,Wireless Headphones,Texas,36
2025-01-29,Wireless Headphones,Texas,41
2025-01-30,Wireless Headphones,Texas,31
2025-01-31,Wireless Headphones,Texas,44
2025-02-01,Wireless Headphones,Texas,35
2025-02-02,Wireless Headphones,Texas,31
2025-02-03,Wireless Headphones,Texas,31
2025-02-04,Wireless Headphones,Texas,38
2025-02-05,Wireless Headphones,Texas,50
2025-02-06,Wireless Headphones,Texas,29
2025-02-07,Wireless Headphones,Texas,42
2025-02-08,Wireless Headphones,Texas,27
2025-02-09,Wireless Headphones,Texas,35
2025-02-10,Wireless Headphones,Texas,40
2025-02-11,Wireless Headphones,Texas,46
2025-02-12,Wireless Headphones,Texas,47
2025-02-13,Wireless Headphones,Texas,53
2025-02-14,Wireless Headphones,Texas,43
2025-02-15,Wireless Headphones,Texas,33
2025-02-16,Wireless Headphones,Texas,26
2025-02-17,Wireless Headphones,Texas,50
2025-02-18,Wireless Headphones,Texas,40
2025-02-19,Wireless Headphones,Texas,41
2025-02-20,Wireless Headphones,Texas,44
2025-02-21,Wireless Headphones,Texas,35
2025-02-22,Wireless Headphones,Texas,33
2025-02-23,Wireless Headphones,Texas,36
2025-02-24,Wireless Headphones,Texas,45
2025-02-25,Wireless Headphones,Texas,35
2025-02-26,Wireless Headphones,Texas,43
2025-02-27,Wireless Headphones,Texas,48
2025-02-28,Wireless Headphones,Texas,34
2025-03-01,Wireless Headphones,Texas,29
2025-03-02,Wireless Headphones,Texas,37
2025-03-03,Wireless Headphones,Texas,47
2025-03-04,Wireless Headphones,Texas,48
2025-03-05,Wireless Headphones,Texas,56
2025-03-06,Wireless Headphones,Texas,48
2025-03-07,Wireless Headphones,Texas,49
2025-03-08,Wireless Headphones,Texas,44
2025-03-09,Wireless Headphones,Texas,32
2025-03-10,Wireless Headphones,Texas,41
2025-03-11,Wireless Headphones,Texas,48
2025-03-12,Wireless Headphones,Texas,48
2025-03-13,Wireless Headphones,Texas,43
2025-03-14,Wireless Headphones,Texas,40
2025-03-15,Wireless Headphones,Texas,42
2025-03-16,Wireless Headphones,Texas,35
2025-03-17,Wireless Headphones,Texas,41
2025-03-18,Wireless Headphones,Texas,50
2025-03-19,Wireless Headphones,Texas,45
2025-03-20,Wireless Headphones,Texas,44
2025-03-21,Wireless Headphones,Texas,49
2025-03-22,Wireless Headphones,Texas,28
2025-03-23,Wireless Headphones,Texas,35
2025-03-24,Wireless Headphones,Texas,56
2025-03-25,Wireless Headphones,Texas,48
2025-03-26,Wireless Headphones,Texas,43
2025-03-27,Wireless Headphones,Texas,43
2025-03-28,Wireless Headphones,Texas,43
2025-03-29,Wireless Headphones,Texas,32
2025-03-30,Wireless Headphones,Texas,32
2025-03-31,Wireless Headphones,Texas,50
2025-04-01,Wireless Headphones,Texas,37
2025-04-02,Wireless Headphones,Texas,51
2025-04-03,Wireless Headphones,Texas,44
2025-04-04,Wireless Headphones,Texas,48
2025-04-05,Wireless Headphones,Texas,29
2025-04-06,Wireless Headphones,Texas,39
2025-04-07,Wireless Headphones,Texas,53
2025-04-08,Wireless Headphones,Texas,51
2025-04-09,Wireless Headphones,Texas,38
2025-04-10,Wireless Headphones,Texas,51
2025-04-11,Wireless Headphones,Texas,48
2025-04-12,Wireless Headphones,Texas,27
2025-04-13,Wireless Headphones,Texas,34
2025-04-14,Wireless Headphones,Texas,48
2025-04-15,Wireless Headphones,Texas,49
2025-04-16,Wireless Headphones,Texas,47
2025-04-17,Wireless Headphones,Texas,48
2025-04-18,Wireless Headphones,Texas,54
2025-04-19,Wireless Headphones,Texas,39
2025-04-20,Wireless Headphones,Texas,22
2025-04-21,Wireless Headphones,Texas,44
2025-04-22,Wireless Headphones,Texas,45
2025-04-23,Wireless Headphones,Texas,36
2025-04-24,Wireless Headphones,Texas,47
2025-04-25,Wireless Headphones,Texas,53
2025-04-26,Wireless Headphones,Texas,29
2025-04-27,Wireless Headphones,Texas,35
2025-04-28,Wireless Headphones,Texas,41
2025-04-29,Wireless Headphones,Texas,42
2025-04-30,Wireless Headphones,Texas,54
2025-05-01,Wireless Headphones,Texas,42
2025-05-02,Wireless Headphones,Texas,48
2025-05-03,Wireless Headphones,Texas,26
2025-05-04,Wireless Headphones,Texas,41
2025-05-05,Wireless Headphones,Texas,49
2025-05-06,Wireless Headphones,Texas,44
2025-05-07,Wireless Headphones,Texas,49
2025-05-08,Wireless Headphones,Texas,38
2025-05-09,Wireless Headphones,Texas,52
2025-05-10,Wireless Headphones,Texas,32
2025-05-11,Wireless Headphones,Texas,32
2025-05-12,Wireless Headphones,Texas,43
2025-05-13,Wireless Headphones,Texas,42
2025-05-14,Wireless Headphones,Texas,49
2025-05-15,Wireless Headphones,Texas,47
2025-05-16,Wireless Headphones,Texas,49
2025-05-17,Wireless Headphones,Texas,33
2025-05-18,Wireless Headphones,Texas,35
2025-05-19,Wireless Headphones,Texas,43
2025-05-20,Wireless Headphones,Texas,58
2025-05-21,Wireless Headphones,Texas,37
2025-05-22,Wireless Headphones,Texas,52
2025-05-23,Wireless Headphones,Texas,53
2025-05-24,Wireless Headphones,Texas,30
2025-05-25,Wireless Headphones,Texas,42
2025-05-26,Wireless Headphones,Texas,51
2025-05-27,Wireless Headphones,Texas,51
2025-05-28,Wireless Headphones,Texas,46
2025-05-29,Wireless Headphones,Texas,44
2025-05-30,Wireless Headphones,Texas,44
2025-05-31,Wireless Headphones,Texas,35
2025-06-01,Wireless Headphones,Texas,37
2025-06-02,Wireless Headphones,Texas,45
2025-06-03,Wireless Headphones,Texas,39
2025-06-04,Wireless Headphones,Texas,48
2025-06-05,Wireless Headphones,Texas,48
2025-06-06,Wireless Headphones,Texas,47
2025-06-07,Wireless Headphones,Texas,35
2025-06-08,Wireless Headphones,Texas,31
2025-06-09,Wireless Headphones,Texas,39
2025-06-10,Wireless Headphones,Texas,39
2025-06-11,Wireless Headphones,Texas,35
2025-06-12,Wireless Headphones,Texas,45
2025-06-13,Wireless Headphones,Texas,43
2025-06-14,Wireless Headphones,Texas,30
2025-06-15,Wireless Headphones,Texas,21
2025-06-16,Wireless Headphones,Texas,37
2025-06-17,Wireless Headphones,Texas,49
2025-06-18,Wireless Headphones,Texas,40
2025-06-19,Wireless Headphones,Texas,46
2025-06-20,Wireless Headphones,Texas,36
2025-06-21,Wireless Headphones,Texas,37
2025-06-22,Wireless Headphones,Texas,31
2025-06-23,Wireless Headphones,Texas,45
2025-06-24,Wireless Headphones,Texas,56
2025-06-25,Wireless Headphones,Texas,52
2025-06-26,Wireless Headphones,Texas,42
2025-06-27,Wireless Headphones,Texas,41
2025-06-28,Wireless Headphones,Texas,31
2025-06-29,Wireless Headphones,Texas,34
2025-06-30,Wireless Headphones,Texas,43
2025-07-01,Wireless Headphones,Texas,39
2025-07-02,Wireless Headphones,Texas,48
2025-07-03,Wireless Headphones,Texas,41
2025-07-04,Wireless Headphones,Texas,53
2025-07-05,Wireless Headphones,Texas,30
2025-07-06,Wireless Headphones,Texas,37
2025-07-07,Wireless Headphones,Texas,43
2025-07-08,Wireless Headphones,Texas,46
2025-07-09,Wireless Headphones,Texas,38
2025-07-10,Wireless Headphones,Texas,37
2025-07-11,Wireless Headphones,Texas,43
2025-07-12,Wireless Headphones,Texas,34
2025-07-13,Wireless Headphones,Texas,30
2025-07-14,Wireless Headphones,Texas,35
2025-07-15,Wireless Headphones,Texas,34
2025-07-16,Wireless Headphones,Texas,34
2025-07-17,Wireless Headphones,Texas,32
2025-07-18,Wireless Headphones,Texas,42
2025-07-19,Wireless Headphones,Texas,34
2025-07-20,Wireless Headphones,Texas,30
2025-07-21,Wireless Headphones,Texas,30
2025-07-22,Wireless Headphones,Texas,40
2025-07-23,Wireless Headphones,Texas,40
2025-07-24,Wireless Headphones,Texas,52
2025-07-25,Wireless Headphones,Texas,34
2025-07-26,Wireless Headphones,Texas,29
2025-07-27,Wireless Headphones,Texas,36
2025-07-28,Wireless Headphones,Texas,43
2025-07-29,Wireless Headphones,Texas,44
2025-07-30,Wireless Headphones,Texas,42
2025-07-31,Wireless Headphones,Texas,43
2025-08-01,Wireless Headphones,Texas,42
2025-08-02,Wireless Headphones,Texas,26
2025-08-03,Wireless Headphones,Texas,31
2025-08-04,Wireless Headphones,Texas,32
2025-08-05,Wireless Headphones,Texas,40
2025-08-06,Wireless Headphones,Texas,40
2025-08-07,Wireless Headphones,Texas,36
2025-08-08,Wireless Headphones,Texas,39
2025-08-09,Wireless Headphones,Texas,26
2025-08-10,Wireless Headphones,Texas,25
2025-08-11,Wireless Headphones,Texas,37
2025-08-12,Wireless Headphones,Texas,34
2025-08-13,Wireless Headphones,Texas,40
2025-08-14,Wireless Headphones,Texas,33
2025-08-15,Wireless Headphones,Texas,42
2025-08-16,Wireless Headphones,Texas,24
2025-08-17,Wireless Headphones,Texas,26
2025-08-18,Wireless Headphones,Texas,36
2025-08-19,Wireless Headphones,Texas,45
2025-08-20,Wireless Headphones,Texas,40
2025-08-21,Wireless Headphones,Texas,38
2025-08-22,Wireless Headphones,Texas,41
2025-08-23,Wireless Headphones,Texas,21
2025-08-24,Wireless Headphones,Texas,28
2025-08-25,Wireless Headphones,Texas,48
2025-08-26,Wireless Headphones,Texas,39
2025-08-27,Wireless Headphones,Texas,39
2025-08-28,Wireless Headphones,Texas,41
2025-08-29,Wireless Headphones,Texas,43
2025-08-30,Wireless Headphones,Texas,22
2025-08-31,Wireless Headphones,Texas,23
2025-09-01,Wireless Headphones,Texas,38
2025-09-02,Wireless Headphones,Texas,34
2025-09-03,Wireless Headphones,Texas,43
2025-09-04,Wireless Headphones,Texas,35
2025-09-05,Wireless Headphones,Texas,28
2025-09-06,Wireless Headphones,Texas,23
2025-09-07,Wireless Headphones,Texas,18
2025-09-08,Wireless Headphones,Texas,36
2025-09-09,Wireless Headphones,Texas,36
2025-09-10,Wireless Headphones,Texas,35
2025-09-11,Wireless Headphones,Texas,42
2025-09-12,Wireless Headphones,Texas,42
2025-09-13,Wireless Headphones,Texas,26
2025-09-14,Wireless Headphones,Texas,20
2025-09-15,Wireless Headphones,Texas,40
2025-09-16,Wireless Headphones,Texas,39
2025-09-17,Wireless Headphones,Texas,38
2025-09-18,Wireless Headphones,Texas,41
2025-09-19,Wireless Headphones,Texas,32
2025-09-20,Wireless Headphones,Texas,34
2025-09-21,Wireless Headphones,Texas,24
2025-09-22,Wireless Headphones,Texas,40
2025-09-23,Wireless Headphones,Texas,29
2025-09-24,Wireless Headphones,Texas,33
2025-09-25,Wireless Headphones,Texas,44
2025-09-26,Wireless Headphones,Texas,36
2025-09-27,Wireless Headphones,Texas,30
2025-09-28,Wireless Headphones,Texas,28
2025-09-29,Wireless Headphones,Texas,36
2025-09-30,Wireless Headphones,Texas,43
2025-10-01,Wireless Headphones,Texas,35
2025-10-02,Wireless Headphones,Texas,28
2025-10-03,Wireless Headphones,Texas,33
2025-10-04,Wireless Headphones,Texas,28
2025-10-05,Wireless Headphones,Texas,28
2025-10-06,Wireless Headphones,Texas,29
2025-10-07,Wireless Headphones,Texas,33
2025-10-08,Wireless Headphones,Texas,34
2025-10-09,Wireless Headphones,Texas,35
2025-10-10,Wireless Headphones,Texas,30
2025-10-11,Wireless Headphones,Texas,25
2025-10-12,Wireless Headphones,Texas,24
2025-10-13,Wireless Headphones,Texas,40
2025-10-14,Wireless Headphones,Texas,40
2025-10-15,Wireless Headphones,Texas,36
2025-10-16,Wireless Headphones,Texas,35
2025-10-17,Wireless Headphones,Texas,37
2025-10-18,Wireless Headphones,Texas,24
2025-10-19,Wireless Headphones,Texas,23
2025-10-20,Wireless Headphones,Texas,32
2025-10-21,Wireless Headphones,Texas,33
2025-10-22,Wireless Headphones,Texas,31
2025-10-23,Wireless Headphones,Texas,37
2025-10-24,Wireless Headphones,Texas,39
2025-10-25,Wireless Headphones,Texas,21
2025-10-26,Wireless Headphones,Texas,27
2025-10-27,Wireless Headphones,Texas,35
2025-10-28,Wireless Headphones,Texas,38
2025-10-29,Wireless Headphones,Texas,36
2025-10-30,Wireless Headphones,Texas,30
2025-10-31,Wireless Headphones,Texas,31
2025-11-01,Wireless Headphones,Texas,32
2025-11-02,Wireless Headphones,Texas,36
2025-11-03,Wireless Headphones,Texas,32
2025-11-04,Wireless Headphones,Texas,45
2025-11-05,Wireless Headphones,Texas,50
2025-11-06,Wireless Headphones,Texas,43
2025-11-07,Wireless Headphones,Texas,46
2025-11-08,Wireless Headphones,Texas,29
2025-11-09,Wireless Headphones,Texas,31
2025-11-10,Wireless Headphones,Texas,35
2025-11-11,Wireless Headphones,Texas,31
2025-11-12,Wireless Headphones,Texas,48
2025-11-13,Wireless Headphones,Texas,38
2025-11-14,Wireless Headphones,Texas,41
2025-11-15,Wireless Headphones,Texas,27
2025-11-16,Wireless Headphones,Texas,26
2025-11-17,Wireless Headphones,Texas,43
2025-11-18,Wireless Headphones,Texas,40
2025-11-19,Wireless Headphones,Texas,45
2025-11-20,Wireless Headphones,Texas,46
2025-11-21,Wireless Headphones,Texas,45
2025-11-22,Wireless Headphones,Texas,33
2025-11-23,Wireless Headphones,Texas,38
2025-11-24,Wireless Headphones,Texas,38
2025-11-25,Wireless Headphones,Texas,43
2025-11-26,Wireless Headphones,Texas,49
2025-11-27,Wireless Headphones,Texas,50
2025-11-28,Wireless Headphones,Texas,36
2025-11-29,Wireless Headphones,Texas,31
2025-11-30,Wireless Headphones,Texas,37
2025-12-01,Wireless Headphones,Texas,48
2025-12-02,Wireless Headphones,Texas,47
2025-12-03,Wireless Headphones,Texas,44
2025-12-04,Wireless Headphones,Texas,44
2025-12-05,Wireless Headphones,Texas,47
2025-12-06,Wireless Headphones,Texas,32
2025-12-07,Wireless Headphones,Texas,33
2025-12-08,Wireless Headphones,Texas,46
2025-12-09,Wireless Headphones,Texas,42
2025-12-10,Wireless Headphones,Texas,49
2025-12-11,Wireless Headphones,Texas,62
2025-12-12,Wireless Headphones,Texas,36
2025-12-13,Wireless Headphones,Texas,35
2025-12-14,Wireless Headphones,Texas,30
2025-12-15,Wireless Headphones,Texas,49
2025-12-16,Wireless Headphones,Texas,46
2025-12-17,Wireless Headphones,Texas,50
2025-12-18,Wireless Headphones,Texas,52
2025-12-19,Wireless Headphones,Texas,47
2025-12-20,Wireless Headphones,Texas,38
2025-12-21,Wireless Headphones,Texas,24
2025-12-22,Wireless Headphones,Texas,54
2025-12-23,Wireless Headphones,Texas,48
2025-12-24,Wireless Headphones,Texas,52
2025-12-25,Wireless Headphones,Texas,39
2025-12-26,Wireless Headphones,Texas,41
2025-12-27,Wireless Headphones,Texas,34
2025-12-28,Wireless Headphones,Texas,33
2025-12-29,Wireless Headphones,Texas,47
2025-12-30,Wireless Headphones,Texas,52
2025-12-31,Wireless Headphones,Texas,36
2026-01-01,Wireless Headphones,Texas,46
2026-01-02,Wireless Headphones,Texas,41
2026-01-03,Wireless Headphones,Texas,29
2026-01-04,Wireless Headphones,Texas,25
2026-01-05,Wireless Headphones,Texas,44
2026-01-06,Wireless Headphones,Texas,29
2026-01-07,Wireless Headphones,Texas,44
2026-01-08,Wireless Headphones,Texas,34
2026-01-09,Wireless Headphones,Texas,41
2026-01-10,Wireless Headphones,Texas,30
2026-01-11,Wireless Headphones,Texas,34
2026-01-12,Wireless Headphones,Texas,40
2026-01-13,Wireless Headphones,Texas,38
2026-01-14,Wireless Headphones,Texas,39
2026-01-15,Wireless Headphones,Texas,47
2026-01-16,Wireless Headphones,Texas,44
2026-01-17,Wireless Headphones,Texas,29
2026-01-18,Wireless Headphones,Texas,29
2026-01-19,Wireless Headphones,Texas,33
2026-01-20,Wireless Headphones,Texas,43
2026-01-21,Wireless Headphones,Texas,32
2026-01-22,Wireless Headphones,Texas,45
2026-01-23,Wireless Headphones,Texas,42
2026-01-24,Wireless Headphones,Texas,39
2026-01-25,Wireless Headphones,Texas,26
2026-01-26,Wireless Headphones,Texas,41
2026-01-27,Wireless Headphones,Texas,50
2026-01-28,Wireless Headphones,Texas,47
2026-01-29,Wireless Headphones,Texas,38
2026-01-30,Wireless Headphones,Texas,42
2026-01-31,Wireless Headphones,Texas,30
2026-02-01,Wireless Headphones,Texas,33
2026-02-02,Wireless Headphones,Texas,40
2026-02-03,Wireless Headphones,Texas,43
2026-02-04,Wireless Headphones,Texas,35
2026-02-05,Wireless Headphones,Texas,44
2026-02-06,Wireless Headphones,Texas,46
2026-02-07,Wireless Headphones,Texas,31
2026-02-08,Wireless Headphones,Texas,26
2026-02-09,Wireless Headphones,Texas,49
2026-02-10,Wireless Headphones,Texas,46
2026-02-11,Wireless Headphones,Texas,40
2026-02-12,Wireless Headphones,Texas,42
2026-02-13,Wireless Headphones,Texas,36
2026-02-14,Wireless Headphones,Texas,28
2026-02-15,Wireless Headphones,Texas,30
2026-02-16,Wireless Headphones,Texas,50
2026-02-17,Wireless Headphones,Texas,40
2026-02-18,Wireless Headphones,Texas,47
2026-02-19,Wireless Headphones,Texas,41
2026-02-20,Wireless Headphones,Texas,45
2026-02-21,Wireless Headphones,Texas,31
2026-02-22,Wireless Headphones,Texas,35
2026-02-23,Wireless Headphones,Texas,41
2026-02-24,Wireless Headphones,Texas,35
2026-02-25,Wireless Headphones,Texas,36
2026-02-26,Wireless Headphones,Texas,41
2026-02-27,Wireless Headphones,Texas,37
2026-02-28,Wireless Headphones,Texas,34
2026-03-01,Wireless Headphones,Texas,31
2026-03-02,Wireless Headphones,Texas,58
2026-03-03,Wireless Headphones,Texas,36
2026-03-04,Wireless Headphones,Texas,47
2026-03-05,Wireless Headphones,Texas,39
2026-03-06,Wireless Headphones,Texas,43
2026-03-07,Wireless Headphones,Texas,34
2026-03-08,Wireless Headphones,Texas,24
2026-03-09,Wireless Headphones,Texas,47
2026-03-10,Wireless Headphones,Texas,56
2026-03-11,Wireless Headphones,Texas,43
2026-03-12,Wireless Headphones,Texas,47
2026-03-13,Wireless Headphones,Texas,51
2026-03-14,Wireless Headphones,Texas,33
2026-03-15,Wireless Headphones,Texas,31
2026-03-16,Wireless Headphones,Texas,33
2026-03-17,Wireless Headphones,Texas,49
2026-03-18,Wireless Headphones,Texas,45
2026-03-19,Wireless Headphones,Texas,40
2026-03-20,Wireless Headphones,Texas,46
2026-03-21,Wireless Headphones,Texas,31
2026-03-22,Wireless Headphones,Texas,31
2026-03-23,Wireless Headphones,Texas,49
2026-03-24,Wireless Headphones,Texas,38
2026-03-25,Wireless Headphones,Texas,51
2026-03-26,Wireless Headphones,Texas,38
2026-03-27,Wireless Headphones,Texas,42
2026-03-28,Wireless Headphones,Texas,41
2026-03-29,Wireless Headphones,Texas,38
2026-03-30,Wireless Headphones,Texas,46
2026-03-31,Wireless Headphones,Texas,40
2026-04-01,Wireless Headphones,Texas,43
2026-04-02,Wireless Headphones,Texas,47
2026-04-03,Wireless Headphones,Texas,46
2026-04-04,Wireless Headphones,Texas,33
2026-04-05,Wireless Headphones,Texas,34
2026-04-06,Wireless Headphones,Texas,45
2026-04-07,Wireless Headphones,Texas,38
2026-04-08,Wireless Headphones,Texas,43
2026-04-09,Wireless Headphones,Texas,51
2026-04-10,Wireless Headphones,Texas,39
2026-04-11,Wireless Headphones,Texas,33
2026-04-12,Wireless Headphones,Texas,30
2026-04-13,Wireless Headphones,Texas,47
2026-04-14,Wireless Headphones,Texas,44
2026-04-15,Wireless Headphones,Texas,54
2026-04-16,Wireless Headphones,Texas,49
2026-04-17,Wireless Headphones,Texas,39
2026-04-18,Wireless Headphones,Texas,36
2026-04-19,Wireless Headphones,Texas,31
2026-04-20,Wireless Headphones,Texas,43
2026-04-21,Wireless Headphones,Texas,48
2026-04-22,Wireless Headphones,Texas,43
2026-04-23,Wireless Headphones,Texas,51
2026-04-24,Wireless Headphones,Texas,42
2026-04-25,Wireless Headphones,Texas,31
2026-04-26,Wireless Headphones,Texas,31
2026-04-27,Wireless Headphones,Texas,43
2026-04-28,Wireless Headphones,Texas,52
2026-04-29,Wireless Headphones,Texas,50
2026-04-30,Wireless Headphones,Texas,56
2026-05-01,Wireless Headphones,Texas,58
2026-05-02,Wireless Headphones,Texas,29
2026-05-03,Wireless Headphones,Texas,34
2026-05-04,Wireless Headphones,Texas,39
2026-05-05,Wireless Headphones,Texas,41
2026-05-06,Wireless Headphones,Texas,42
2026-05-07,Wireless Headphones,Texas,40
2026-05-08,Wireless Headphones,Texas,40
2026-05-09,Wireless Headphones,Texas,33
2026-05-10,Wireless Headphones,Texas,28
2026-05-11,Wireless Headphones,Texas,50
2026-05-12,Wireless Headphones,Texas,40
2026-05-13,Wireless Headphones,Texas,61
2026-05-14,Wireless Headphones,Texas,43
2026-05-15,Wireless Headphones,Texas,46
2026-05-16,Wireless Headphones,Texas,28
2026-05-17,Wireless Headphones,Texas,40
2026-05-18,Wireless Headphones,Texas,52
2026-05-19,Wireless Headphones,Texas,47
2026-05-20,Wireless Headphones,Texas,38
2026-05-21,Wireless Headphones,Texas,47
2026-05-22,Wireless Headphones,Texas,39
2026-05-23,Wireless Headphones,Texas,39
2026-05-24,Wireless Headphones,Texas,36
2026-05-25,Wireless Headphones,Texas,46
2026-05-26,Wireless Headphones,Texas,32
2026-05-27,Wireless Headphones,Texas,40
2026-05-28,Wireless Headphones,Texas,49
2026-05-29,Wireless Headphones,Texas,52
2026-05-30,Wireless Headphones,Texas,38
2026-05-31,Wireless Headphones,Texas,27
2026-06-01,Wireless Headphones,Texas,45
2026-06-02,Wireless Headphones,Texas,49
2026-06-03,Wireless Headphones,Texas,35
2026-06-04,Wireless Headphones,Texas,44
2026-06-05,Wireless Headphones,Texas,45
2026-06-06,Wireless Headphones,Texas,31
2026-06-07,Wireless Headphones,Texas,25
2026-06-08,Wireless Headphones,Texas,42
2026-06-09,Wireless Headphones,Texas,42
2026-06-10,Wireless Headphones,Texas,43
2026-06-11,Wireless Headphones,Texas,41
2026-06-12,Wireless Headphones,Texas,41
2026-06-13,Wireless Headphones,Texas,32
2026-06-14,Wireless Headphones,Texas,34
2026-06-15,Wireless Headphones,Texas,42
2026-06-16,Wireless Headphones,Texas,41
2026-06-17,Wireless Headphones,Texas,44
2026-06-18,Wireless Headphones,Texas,34
2026-06-19,Wireless Headphones,Texas,46
2026-06-20,Wireless Headphones,Texas,32
2026-06-21,Wireless Headphones,Texas,32
2026-06-22,Wireless Headphones,Texas,49
2026-06-23,Wireless Headphones,Texas,33
2026-06-24,Wireless Headphones,Texas,33
2026-06-25,Wireless Headphones,Texas,45
2026-06-26,Wireless Headphones,Texas,44
2026-06-27,Wireless Headphones,Texas,33
2026-06-28,Wireless Headphones,Texas,30
2026-06-29,Wireless Headphones,Texas,47
2026-06-30,Wireless Headphones,Texas,49
2026-07-01,Wireless Headphones,Texas,44
2026-07-02,Wireless Headphones,Texas,40
2026-07-03,Wireless Headphones,Texas,31
2026-07-04,Wireless Headphones,Texas,33
2026-07-05,Wireless Headphones,Texas,35
2026-07-06,Wireless Headphones,Texas,44
2026-07-07,Wireless Headphones,Texas,37
2026-07-08,Wireless Headphones,Texas,44
2026-07-09,Wireless Headphones,Texas,45
2026-07-10,Wireless Headphones,Texas,49
2026-07-11,Wireless Headphones,Texas,27
2026-07-12,Wireless Headphones,Texas,29
2026-07-13,Wireless Headphones,Texas,45
2026-07-14,Wireless Headphones,Texas,41
2026-07-15,Wireless Headphones,Texas,36
2026-07-16,Wireless Headphones,Texas,43
2026-07-17,Wireless Headphones,Texas,44
2026-07-18,Wireless Headphones,Texas,30
2026-07-19,Wireless Headphones,Texas,31
2026-07-20,Wireless Headphones,Texas,40
2026-07-21,Wireless Headphones,Texas,48
2026-07-22,Wireless Headphones,Texas,37
2026-07-23,Wireless Headphones,Texas,38
2026-07-24,Wireless Headphones,Texas,41
2026-07-25,Wireless Headphones,Texas,33
2026-07-26,Wireless Headphones,Texas,25
2026-07-27,Wireless Headphones,Texas,35
2026-07-28,Wireless Headphones,Texas,31
2026-07-29,Wireless Headphones,Texas,41
2026-07-30,Wireless Headphones,Texas,36
2026-07-31,Wireless Headphones,Texas,39
2026-08-01,Wireless Headphones,Texas,31
2026-08-02,Wireless Headphones,Texas,26
2026-08-03,Wireless Headphones,Texas,40
2026-08-04,Wireless Headphones,Texas,37
2026-08-05,Wireless Headphones,Texas,42
2026-08-06,Wireless Headphones,Texas,41
2026-08-07,Wireless Headphones,Texas,35
2026-08-08,Wireless Headphones,Texas,28
2026-08-09,Wireless Headphones,Texas,32
2026-08-10,Wireless Headphones,Texas,41
2026-08-11,Wireless Headphones,Texas,32
2026-08-12,Wireless Headphones,Texas,42
2026-08-13,Wireless Headphones,Texas,34
2026-08-14,Wireless Headphones,Texas,45
2026-08-15,Wireless Headphones,Texas,32
2026-08-16,Wireless Headphones,Texas,29
2026-08-17,Wireless Headphones,Texas,39
2026-08-18,Wireless Headphones,Texas,38
2026-08-19,Wireless Headphones,Texas,42
2026-08-20,Wireless Headphones,Texas,37
2026-08-21,Wireless Headphones,Texas,40
2026-08-22,Wireless Headphones,Texas,31
2026-08-23,Wireless Headphones,Texas,26
2026-08-24,Wireless Headphones,Texas,36
2026-08-25,Wireless Headphones,Texas,33
2026-08-26,Wireless Headphones,Texas,34
2026-08-27,Wireless Headphones,Texas,30
2026-08-28,Wireless Headphones,Texas,42
2026-08-29,Wireless Headphones,Texas,34
2026-08-30,Wireless Headphones,Texas,33
2026-08-31,Wireless Headphones,Texas,31
2026-09-01,Wireless Headphones,Texas,40
2026-09-02,Wireless Headphones,Texas,43
2026-09-03,Wireless Headphones,Texas,35
2026-09-04,Wireless Headphones,Texas,37
2026-09-05,Wireless Headphones,Texas,20
2026-09-06,Wireless Headphones,Texas,28
2026-09-07,Wireless Headphones,Texas,32
2026-09-08,Wireless Headphones,Texas,38
2026-09-09,Wireless Headphones,Texas,30
2026-09-10,Wireless Headphones,Texas,39
2026-09-11,Wireless Headphones,Texas,41
2026-09-12,Wireless Headphones,Texas,24
2026-09-13,Wireless Headphones,Texas,23
2026-09-14,Wireless Headphones,Texas,27
2026-09-15,Wireless Headphones,Texas,36
2026-09-16,Wireless Headphones,Texas,34
2026-09-17,Wireless Headphones,Texas,30
2026-09-18,Wireless Headphones,Texas,39
2026-09-19,Wireless Headphones,Texas,26
2026-09-20,Wireless Headphones,Texas,24
2026-09-21,Wireless Headphones,Texas,34
2026-09-22,Wireless Headphones,Texas,42
2026-09-23,Wireless Headphones,Texas,40
2026-09-24,Wireless Headphones,Texas,36
2026-09-25,Wireless Headphones,Texas,40
2026-09-26,Wireless Headphones,Texas,23
2026-09-27,Wireless Headphones,Texas,27
2026-09-28,Wireless Headphones,Texas,38
2025-01-01,Wireless Headphones,North Carolina,31
2025-01-02,Wireless Headphones,North Carolina,35
2025-01-03,Wireless Headphones,North Carolina,30
2025-01-04,Wireless Headphones,North Carolina,26
2025-01-05,Wireless Headphones,North Carolina,26
2025-01-06,Wireless Headphones,North Carolina,22
2025-01-07,Wireless Headphones,North Carolina,38
2025-01-08,Wireless Headphones,North Carolina,21
2025-01-09,Wireless Headphones,North Carolina,31
2025-01-10,Wireless Headphones,North Carolina,37
2025-01-11,Wireless Headphones,North Carolina,23
2025-01-12,Wireless Headphones,North Carolina,20
2025-01-13,Wireless Headphones,North Carolina,29
2025-01-14,Wireless Headphones,North Carolina,37
2025-01-15,Wireless Headphones,North Carolina,26
2025-01-16,Wireless Headphones,North Carolina,38
2025-01-17,Wireless Headphones,North Carolina,33
2025-01-18,Wireless Headphones,North Carolina,21
2025-01-19,Wireless Headphones,North Carolina,23
2025-01-20,Wireless Headphones,North Carolina,29
2025-01-21,Wireless Headphones,North Carolina,37
2025-01-22,Wireless Headphones,North Carolina,36
2025-01-23,Wireless Headphones,North Carolina,26
2025-01-24,Wireless Headphones,North Carolina,32
2025-01-25,Wireless Headphones,North Carolina,22
2025-01-26,Wireless Headphones,North Carolina,28
2025-01-27,Wireless Headphones,North Carolina,28
2025-01-28,Wireless Headphones,North Carolina,40
2025-01-29,Wireless Headphones,North Carolina,33
2025-01-30,Wireless Headphones,North Carolina,29
2025-01-31,Wireless Headphones,North Carolina,31
2025-02-01,Wireless Headphones,North Carolina,23
2025-02-02,Wireless Headphones,North Carolina,22
2025-02-03,Wireless Headphones,North Carolina,36
2025-02-04,Wireless Headphones,North Carolina,30
2025-02-05,Wireless Headphones,North Carolina,26
2025-02-06,Wireless Headphones,North Carolina,34
2025-02-07,Wireless Headphones,North Carolina,28
2025-02-08,Wireless Headphones,North Carolina,24
2025-02-09,Wireless Headphones,North Carolina,23
2025-02-10,Wireless Headphones,North Carolina,32
2025-02-11,Wireless Headphones,North Carolina,44
2025-02-12,Wireless Headphones,North Carolina,36
2025-02-13,Wireless Headphones,North Carolina,36
2025-02-14,Wireless Headphones,North Carolina,28
2025-02-15,Wireless Headphones,North Carolina,24
2025-02-16,Wireless Headphones,North Carolina,27
2025-02-17,Wireless Headphones,North Carolina,31
2025-02-18,Wireless Headphones,North Carolina,39
2025-02-19,Wireless Headphones,North Carolina,30
2025-02-20,Wireless Headphones,North Carolina,34
2025-02-21,Wireless Headphones,North Carolina,33
2025-02-22,Wireless Headphones,North Carolina,26
2025-02-23,Wireless Headphones,North Carolina,24
2025-02-24,Wireless Headphones,North Carolina,34
2025-02-25,Wireless Headphones,North Carolina,34
2025-02-26,Wireless Headphones,North Carolina,32
2025-02-27,Wireless Headphones,North Carolina,37
2025-02-28,Wireless Headphones,North Carolina,36
2025-03-01,Wireless Headphones,North Carolina,27
2025-03-02,Wireless Headphones,North Carolina,26
2025-03-03,Wireless Headphones,North Carolina,40
2025-03-04,Wireless Headphones,North Carolina,36
2025-03-05,Wireless Headphones,North Carolina,35
2025-03-06,Wireless Headphones,North Carolina,37
2025-03-07,Wireless Headphones,North Carolina,44
2025-03-08,Wireless Headphones,North Carolina,23
2025-03-09,Wireless Headphones,North Carolina,29
2025-03-10,Wireless Headphones,North Carolina,28
2025-03-11,Wireless Headphones,North Carolina,38
2025-03-12,Wireless Headphones,North Carolina,44
2025-03-13,Wireless Headphones,North Carolina,39
2025-03-14,Wireless Headphones,North Carolina,38
2025-03-15,Wireless Headphones,North Carolina,25
2025-03-16,Wireless Headphones,North Carolina,27
2025-03-17,Wireless Headphones,North Carolina,36
2025-03-18,Wireless Headphones,North Carolina,33
2025-03-19,Wireless Headphones,North Carolina,36
2025-03-20,Wireless Headphones,North Carolina,38
2025-03-21,Wireless Headphones,North Carolina,33
2025-03-22,Wireless Headphones,North Carolina,24
2025-03-23,Wireless Headphones,North Carolina,23
2025-03-24,Wireless Headphones,North Carolina,39
2025-03-25,Wireless Headphones,North Carolina,39
2025-03-26,Wireless Headphones,North Carolina,38
2025-03-27,Wireless Headphones,North Carolina,41
2025-03-28,Wireless Headphones,North Carolina,37
2025-03-29,Wireless Headphones,North Carolina,28
2025-03-30,Wireless Headphones,North Carolina,28
2025-03-31,Wireless Headphones,North Carolina,36
2025-04-01,Wireless Headphones,North Carolina,35
2025-04-02,Wireless Headphones,North Carolina,47
2025-04-03,Wireless Headphones,North Carolina,35
2025-04-04,Wireless Headphones,North Carolina,34
2025-04-05,Wireless Headphones,North Carolina,29
2025-04-06,Wireless Headphones,North Carolina,28
2025-04-07,Wireless Headphones,North Carolina,31
2025-04-08,Wireless Headphones,North Carolina,42
2025-04-09,Wireless Headphones,North Carolina,37
2025-04-10,Wireless Headphones,North Carolina,32
2025-04-11,Wireless Headphones,North Carolina,43
2025-04-12,Wireless Headphones,North Carolina,29
2025-04-13,Wireless Headphones,North Carolina,23
2025-04-14,Wireless Headphones,North Carolina,45
2025-04-15,Wireless Headphones,North Carolina,40
2025-04-16,Wireless Headphones,North Carolina,37
2025-04-17,Wireless Headphones,North Carolina,44
2025-04-18,Wireless Headphones,North Carolina,38
2025-04-19,Wireless Headphones,North Carolina,27
2025-04-20,Wireless Headphones,North Carolina,25
2025-04-21,Wireless Headphones,North Carolina,40
2025-04-22,Wireless Headphones,North Carolina,39
2025-04-23,Wireless Headphones,North Carolina,37
2025-04-24,Wireless Headphones,North Carolina,34
2025-04-25,Wireless Headphones,North Carolina,38
2025-04-26,Wireless Headphones,North Carolina,27
2025-04-27,Wireless Headphones,North Carolina,23
2025-04-28,Wireless Headphones,North Carolina,31
2025-04-29,Wireless Headphones,North Carolina,40
2025-04-30,Wireless Headphones,North Carolina,26
2025-05-01,Wireless Headphones,North Carolina,38
2025-05-02,Wireless Headphones,North Carolina,35
2025-05-03,Wireless Headphones,North Carolina,31
2025-05-04,Wireless Headphones,North Carolina,25
2025-05-05,Wireless Headphones,North Carolina,40
2025-05-06,Wireless Headphones,North Carolina,35
2025-05-07,Wireless Headphones,North Carolina,37
2025-05-08,Wireless Headphones,North Carolina,40
2025-05-09,Wireless Headphones,North Carolina,35
2025-05-10,Wireless Headphones,North Carolina,30
2025-05-11,Wireless Headphones,North Carolina,24
2025-05-12,Wireless Headphones,North Carolina,38
2025-05-13,Wireless Headphones,North Carolina,41
2025-05-14,Wireless Headphones,North Carolina,40
2025-05-15,Wireless Headphones,North Carolina,45
2025-05-16,Wireless Headphones,North Carolina,33
2025-05-17,Wireless Headphones,North Carolina,22
2025-05-18,Wireless Headphones,North Carolina,24
2025-05-19,Wireless Headphones,North Carolina,40
2025-05-20,Wireless Headphones,North Carolina,39
2025-05-21,Wireless Headphones,North Carolina,37
2025-05-22,Wireless Headphones,North Carolina,32
2025-05-23,Wireless Headphones,North Carolina,40
2025-05-24,Wireless Headphones,North Carolina,23
2025-05-25,Wireless Headphones,North Carolina,31
2025-05-26,Wireless Headphones,North Carolina,49
2025-05-27,Wireless Headphones,North Carolina,38
2025-05-28,Wireless Headphones,North Carolina,39
2025-05-29,Wireless Headphones,North Carolina,35
2025-05-30,Wireless Headphones,North Carolina,29
2025-05-31,Wireless Headphones,North Carolina,25
2025-06-01,Wireless Headphones,North Carolina,22
2025-06-02,Wireless Headphones,North Carolina,29
2025-06-03,Wireless Headphones,North Carolina,43
2025-06-04,Wireless Headphones,North Carolina,36
2025-06-05,Wireless Headphones,North Carolina,37
2025-06-06,Wireless Headphones,North Carolina,34
2025-06-07,Wireless Headphones,North Carolina,25
2025-06-08,Wireless Headphones,North Carolina,29
2025-06-09,Wireless Headphones,North Carolina,35
2025-06-10,Wireless Headphones,North Carolina,38
2025-06-11,Wireless Headphones,North Carolina,34
2025-06-12,Wireless Headphones,North Carolina,34
2025-06-13,Wireless Headphones,North Carolina,29
2025-06-14,Wireless Headphones,North Carolina,20
2025-06-15,Wireless Headphones,North Carolina,25
2025-06-16,Wireless Headphones,North Carolina,36
2025-06-17,Wireless Headphones,North Carolina,30
2025-06-18,Wireless Headphones,North Carolina,35
2025-06-19,Wireless Headphones,North Carolina,36
2025-06-20,Wireless Headphones,North Carolina,26
2025-06-21,Wireless Headphones,North Carolina,23
2025-06-22,Wireless Headphones,North Carolina,27
2025-06-23,Wireless Headphones,North Carolina,37
2025-06-24,Wireless Headphones,North Carolina,30
2025-06-25,Wireless Headphones,North Carolina,36
2025-06-26,Wireless Headphones,North Carolina,40
2025-06-27,Wireless Headphones,North Carolina,39
2025-06-28,Wireless Headphones,North Carolina,26
2025-06-29,Wireless Headphones,North Carolina,24
2025-06-30,Wireless Headphones,North Carolina,33
2025-07-01,Wireless Headphones,North Carolina,35
2025-07-02,Wireless Headphones,North Carolina,34
2025-07-03,Wireless Headphones,North Carolina,36
2025-07-04,Wireless Headphones,North Carolina,34
2025-07-05,Wireless Headphones,North Carolina,27
2025-07-06,Wireless Headphones,North Carolina,25
2025-07-07,Wireless Headphones,North Carolina,36
2025-07-08,Wireless Headphones,North Carolina,37
2025-07-09,Wireless Headphones,North Carolina,30
2025-07-10,Wireless Headphones,North Carolina,26
2025-07-11,Wireless Headphones,North Carolina,39
2025-07-12,Wireless Headphones,North Carolina,25
2025-07-13,Wireless Headphones,North Carolina,19
2025-07-14,Wireless Headphones,North Carolina,30
2025-07-15,Wireless Headphones,North Carolina,36
2025-07-16,Wireless Headphones,North Carolina,32
2025-07-17,Wireless Headphones,North Carolina,31
2025-07-18,Wireless Headphones,North Carolina,39
2025-07-19,Wireless Headphones,North Carolina,21
2025-07-20,Wireless Headphones,North Carolina,22
2025-07-21,Wireless Headphones,North Carolina,34
2025-07-22,Wireless Headphones,North Carolina,35
2025-07-23,Wireless Headphones,North Carolina,35
2025-07-24,Wireless Headphones,North Carolina,37
2025-07-25,Wireless Headphones,North Carolina,34
2025-07-26,Wireless Headphones,North Carolina,26
2025-07-27,Wireless Headphones,North Carolina,24
2025-07-28,Wireless Headphones,North Carolina,34
2025-07-29,Wireless Headphones,North Carolina,34
2025-07-30,Wireless Headphones,North Carolina,34
2025-07-31,Wireless Headphones,North Carolina,36
2025-08-01,Wireless Headphones,North Carolina,33
2025-08-02,Wireless Headphones,North Carolina,23
2025-08-03,Wireless Headphones,North Carolina,21
2025-08-04,Wireless Headphones,North Carolina,32
2025-08-05,Wireless Headphones,North Carolina,31
2025-08-06,Wireless Headphones,North Carolina,32
2025-08-07,Wireless Headphones,North Carolina,40
2025-08-08,Wireless Headphones,North Carolina,29
2025-08-09,Wireless Headphones,North Carolina,24
2025-08-10,Wireless Headphones,North Carolina,26
2025-08-11,Wireless Headphones,North Carolina,32
2025-08-12,Wireless Headphones,North Carolina,40
2025-08-13,Wireless Headphones,North Carolina,30
2025-08-14,Wireless Headphones,North Carolina,33
2025-08-15,Wireless Headphones,North Carolina,28
2025-08-16,Wireless Headphones,North Carolina,22
2025-08-17,Wireless Headphones,North Carolina,24
2025-08-18,Wireless Headphones,North Carolina,35
2025-08-19,Wireless Headphones,North Carolina,33
2025-08-20,Wireless Headphones,North Carolina,36
2025-08-21,Wireless Headphones,North Carolina,31
2025-08-22,Wireless Headphones,North Carolina,30
2025-08-23,Wireless Headphones,North Carolina,30
2025-08-24,Wireless Headphones,North Carolina,24
2025-08-25,Wireless Headphones,North Carolina,29
2025-08-26,Wireless Headphones,North Carolina,29
2025-08-27,Wireless Headphones,North Carolina,28
2025-08-28,Wireless Headphones,North Carolina,35
2025-08-29,Wireless Headphones,North Carolina,30
2025-08-30,Wireless Headphones,North Carolina,23
2025-08-31,Wireless Headphones,North Carolina,23
2025-09-01,Wireless Headphones,North Carolina,32
2025-09-02,Wireless Headphones,North Carolina,27
2025-09-03,Wireless Headphones,North Carolina,26
2025-09-04,Wireless Headphones,North Carolina,31
2025-09-05,Wireless Headphones,North Carolina,32
2025-09-06,Wireless Headphones,North Carolina,23
2025-09-07,Wireless Headphones,North Carolina,20
2025-09-08,Wireless Headphones,North Carolina,32
2025-09-09,Wireless Headphones,North Carolina,27
2025-09-10,Wireless Headphones,North Carolina,28
2025-09-11,Wireless Headphones,North Carolina,26
2025-09-12,Wireless Headphones,North Carolina,35
2025-09-13,Wireless Headphones,North Carolina,24
2025-09-14,Wireless Headphones,North Carolina,23
2025-09-15,Wireless Headphones,North Carolina,34
2025-09-16,Wireless Headphones,North Carolina,40
2025-09-17,Wireless Headphones,North Carolina,24
2025-09-18,Wireless Headphones,North Carolina,27
2025-09-19,Wireless Headphones,North Carolina,28
2025-09-20,Wireless Headphones,North Carolina,20
2025-09-21,Wireless Headphones,North Carolina,19
2025-09-22,Wireless Headphones,North Carolina,29
2025-09-23,Wireless Headphones,North Carolina,25
2025-09-24,Wireless Headphones,North Carolina,31
2025-09-25,Wireless Headphones,North Carolina,30
2025-09-26,Wireless Headphones,North Carolina,32
2025-09-27,Wireless Headphones,North Carolina,23
2025-09-28,Wireless Headphones,North Carolina,23
2025-09-29,Wireless Headphones,North Carolina,29
2025-09-30,Wireless Headphones,North Carolina,37
2025-10-01,Wireless Headphones,North Carolina,30
2025-10-02,Wireless Headphones,North Carolina,23
2025-10-03,Wireless Headphones,North Carolina,26
2025-10-04,Wireless Headphones,North Carolina,17
2025-10-05,Wireless Headphones,North Carolina,22
2025-10-06,Wireless Headphones,North Carolina,29
2025-10-07,Wireless Headphones,North Carolina,28
2025-10-08,Wireless Headphones,North Carolina,36
2025-10-09,Wireless Headphones,North Carolina,31
2025-10-10,Wireless Headphones,North Carolina,32
2025-10-11,Wireless Headphones,North Carolina,19
2025-10-12,Wireless Headphones,North Carolina,19
2025-10-13,Wireless Headphones,North Carolina,29
2025-10-14,Wireless Headphones,North Carolina,30
2025-10-15,Wireless Headphones,North Carolina,23
2025-10-16,Wireless Headphones,North Carolina,29
2025-10-17,Wireless Headphones,North Carolina,29
2025-10-18,Wireless Headphones,North Carolina,21
2025-10-19,Wireless Headphones,North Carolina,19
2025-10-20,Wireless Headphones,North Carolina,27
2025-10-21,Wireless Headphones,North Carolina,29
2025-10-22,Wireless Headphones,North Carolina,30
2025-10-23,Wireless Headphones,North Carolina,31
2025-10-24,Wireless Headphones,North Carolina,33
2025-10-25,Wireless Headphones,North Carolina,21
2025-10-26,Wireless Headphones,North Carolina,20
2025-10-27,Wireless Headphones,North Carolina,31
2025-10-28,Wireless Headphones,North Carolina,31
2025-10-29,Wireless Headphones,North Carolina,28
2025-10-30,Wireless Headphones,North Carolina,32
2025-10-31,Wireless Headphones,North Carolina,33
2025-11-01,Wireless Headphones,North Carolina,30
2025-11-02,Wireless Headphones,North Carolina,31
2025-11-03,Wireless Headphones,North Carolina,32
2025-11-04,Wireless Headphones,North Carolina,35
2025-11-05,Wireless Headphones,North Carolina,35
2025-11-06,Wireless Headphones,North Carolina,35
2025-11-07,Wireless Headphones,North Carolina,32
2025-11-08,Wireless Headphones,North Carolina,21
2025-11-09,Wireless Headphones,North Carolina,26
2025-11-10,Wireless Headphones,North Carolina,32
2025-11-11,Wireless Headphones,North Carolina,36
2025-11-12,Wireless Headphones,North Carolina,32
2025-11-13,Wireless Headphones,North Carolina,31
2025-11-14,Wireless Headphones,North Carolina,36
2025-11-15,Wireless Headphones,North Carolina,26
2025-11-16,Wireless Headphones,North Carolina,28
2025-11-17,Wireless Headphones,North Carolina,44
2025-11-18,Wireless Headphones,North Carolina,36
2025-11-19,Wireless Headphones,North Carolina,37
2025-11-20,Wireless Headphones,North Carolina,31
2025-11-21,Wireless Headphones,North Carolina,30
2025-11-22,Wireless Headphones,North Carolina,31
2025-11-23,Wireless Headphones,North Carolina,23
2025-11-24,Wireless Headphones,North Carolina,31
2025-11-25,Wireless Headphones,North Carolina,35
2025-11-26,Wireless Headphones,North Carolina,35
2025-11-27,Wireless Headphones,North Carolina,31
2025-11-28,Wireless Headphones,North Carolina,34
2025-11-29,Wireless Headphones,North Carolina,30
2025-11-30,Wireless Headphones,North Carolina,23
2025-12-01,Wireless Headphones,North Carolina,31
2025-12-02,Wireless Headphones,North Carolina,41
2025-12-03,Wireless Headphones,North Carolina,39
2025-12-04,Wireless Headphones,North Carolina,34
2025-12-05,Wireless Headphones,North Carolina,30
2025-12-06,Wireless Headphones,North Carolina,25
2025-12-07,Wireless Headphones,North Carolina,27
2025-12-08,Wireless Headphones,North Carolina,42
2025-12-09,Wireless Headphones,North Carolina,32
2025-12-10,Wireless Headphones,North Carolina,37
2025-12-11,Wireless Headphones,North Carolina,40
2025-12-12,Wireless Headphones,North Carolina,26
2025-12-13,Wireless Headphones,North Carolina,30
2025-12-14,Wireless Headphones,North Carolina,23
2025-12-15,Wireless Headphones,North Carolina,38
2025-12-16,Wireless Headphones,North Carolina,38
2025-12-17,Wireless Headphones,North Carolina,42
2025-12-18,Wireless Headphones,North Carolina,39
2025-12-19,Wireless Headphones,North Carolina,26
2025-12-20,Wireless Headphones,North Carolina,25
2025-12-21,Wireless Headphones,North Carolina,28
2025-12-22,Wireless Headphones,North Carolina,36
2025-12-23,Wireless Headphones,North Carolina,39
2025-12-24,Wireless Headphones,North Carolina,40
2025-12-25,Wireless Headphones,North Carolina,40
2025-12-26,Wireless Headphones,North Carolina,36
2025-12-27,Wireless Headphones,North Carolina,21
2025-12-28,Wireless Headphones,North Carolina,26
2025-12-29,Wireless Headphones,North Carolina,39
2025-12-30,Wireless Headphones,North Carolina,32
2025-12-31,Wireless Headphones,North Carolina,40
2026-01-01,Wireless Headphones,North Carolina,37
2026-01-02,Wireless Headphones,North Carolina,34
2026-01-03,Wireless Headphones,North Carolina,15
2026-01-04,Wireless Headphones,North Carolina,21
2026-01-05,Wireless Headphones,North Carolina,41
2026-01-06,Wireless Headphones,North Carolina,31
2026-01-07,Wireless Headphones,North Carolina,25
2026-01-08,Wireless Headphones,North Carolina,38
2026-01-09,Wireless Headphones,North Carolina,33
2026-01-10,Wireless Headphones,North Carolina,28
2026-01-11,Wireless Headphones,North Carolina,25
2026-01-12,Wireless Headphones,North Carolina,35
2026-01-13,Wireless Headphones,North Carolina,35
2026-01-14,Wireless Headphones,North Carolina,36
2026-01-15,Wireless Headphones,North Carolina,42
2026-01-16,Wireless Headphones,North Carolina,37
2026-01-17,Wireless Headphones,North Carolina,20
2026-01-18,Wireless Headphones,North Carolina,26
2026-01-19,Wireless Headphones,North Carolina,38
2026-01-20,Wireless Headphones,North Carolina,38
2026-01-21,Wireless Headphones,North Carolina,32
2026-01-22,Wireless Headphones,North Carolina,38
2026-01-23,Wireless Headphones,North Carolina,37
2026-01-24,Wireless Headphones,North Carolina,32
2026-01-25,Wireless Headphones,North Carolina,22
2026-01-26,Wireless Headphones,North Carolina,31
2026-01-27,Wireless Headphones,North Carolina,32
2026-01-28,Wireless Headphones,North Carolina,31
2026-01-29,Wireless Headphones,North Carolina,30
2026-01-30,Wireless Headphones,North Carolina,22
2026-01-31,Wireless Headphones,North Carolina,23
2026-02-01,Wireless Headphones,North Carolina,27
2026-02-02,Wireless Headphones,North Carolina,33
2026-02-03,Wireless Headphones,North Carolina,44
2026-02-04,Wireless Headphones,North Carolina,35
2026-02-05,Wireless Headphones,North Carolina,41
2026-02-06,Wireless Headphones,North Carolina,36
2026-02-07,Wireless Headphones,North Carolina,28
2026-02-08,Wireless Headphones,North Carolina,27
2026-02-09,Wireless Headphones,North Carolina,41
2026-02-10,Wireless Headphones,North Carolina,36
2026-02-11,Wireless Headphones,North Carolina,37
2026-02-12,Wireless Headphones,North Carolina,37
2026-02-13,Wireless Headphones,North Carolina,34
2026-02-14,Wireless Headphones,North Carolina,27
2026-02-15,Wireless Headphones,North Carolina,33
2026-02-16,Wireless Headphones,North Carolina,34
2026-02-17,Wireless Headphones,North Carolina,37
2026-02-18,Wireless Headphones,North Carolina,41
2026-02-19,Wireless Headphones,North Carolina,40
2026-02-20,Wireless Headphones,North Carolina,35
2026-02-21,Wireless Headphones,North Carolina,18
2026-02-22,Wireless Headphones,North Carolina,27
2026-02-23,Wireless Headphones,North Carolina,26
2026-02-24,Wireless Headphones,North Carolina,42
2026-02-25,Wireless Headphones,North Carolina,36
2026-02-26,Wireless Headphones,North Carolina,40
2026-02-27,Wireless Headphones,North Carolina,31
2026-02-28,Wireless Headphones,North Carolina,21
2026-03-01,Wireless Headphones,North Carolina,28
2026-03-02,Wireless Headphones,North Carolina,37
2026-03-03,Wireless Headphones,North Carolina,35
2026-03-04,Wireless Headphones,North Carolina,37
2026-03-05,Wireless Headphones,North Carolina,49
2026-03-06,Wireless Headphones,North Carolina,40
2026-03-07,Wireless Headphones,North Carolina,30
2026-03-08,Wireless Headphones,North Carolina,30
2026-03-09,Wireless Headphones,North Carolina,43
2026-03-10,Wireless Headphones,North Carolina,36
2026-03-11,Wireless Headphones,North Carolina,28
2026-03-12,Wireless Headphones,North Carolina,36
2026-03-13,Wireless Headphones,North Carolina,40
2026-03-14,Wireless Headphones,North Carolina,24
2026-03-15,Wireless Headphones,North Carolina,26
2026-03-16,Wireless Headphones,North Carolina,34
2026-03-17,Wireless Headphones,North Carolina,43
2026-03-18,Wireless Headphones,North Carolina,40
2026-03-19,Wireless Headphones,North Carolina,40
2026-03-20,Wireless Headphones,North Carolina,40
2026-03-21,Wireless Headphones,North Carolina,27
2026-03-22,Wireless Headphones,North Carolina,28
2026-03-23,Wireless Headphones,North Carolina,32
2026-03-24,Wireless Headphones,North Carolina,27
2026-03-25,Wireless Headphones,North Carolina,37
2026-03-26,Wireless Headphones,North Carolina,38
2026-03-27,Wireless Headphones,North Carolina,42
2026-03-28,Wireless Headphones,North Carolina,32
2026-03-29,Wireless Headphones,North Carolina,32
2026-03-30,Wireless Headphones,North Carolina,32
2026-03-31,Wireless Headphones,North Carolina,35
2026-04-01,Wireless Headphones,North Carolina,39
2026-04-02,Wireless Headphones,North Carolina,49
2026-04-03,Wireless Headphones,North Carolina,44
2026-04-04,Wireless Headphones,North Carolina,31
2026-04-05,Wireless Headphones,North Carolina,26
2026-04-06,Wireless Headphones,North Carolina,33
2026-04-07,Wireless Headphones,North Carolina,41
2026-04-08,Wireless Headphones,North Carolina,32
2026-04-09,Wireless Headphones,North Carolina,36
2026-04-10,Wireless Headphones,North Carolina,37
2026-04-11,Wireless Headphones,North Carolina,33
2026-04-12,Wireless Headphones,North Carolina,26
2026-04-13,Wireless Headphones,North Carolina,26
2026-04-14,Wireless Headphones,North Carolina,40
2026-04-15,Wireless Headphones,North Carolina,34
2026-04-16,Wireless Headphones,North Carolina,38
2026-04-17,Wireless Headphones,North Carolina,37
2026-04-18,Wireless Headphones,North Carolina,26
2026-04-19,Wireless Headphones,North Carolina,30
2026-04-20,Wireless Headphones,North Carolina,30
2026-04-21,Wireless Headphones,North Carolina,35
2026-04-22,Wireless Headphones,North Carolina,40
2026-04-23,Wireless Headphones,North Carolina,35
2026-04-24,Wireless Headphones,North Carolina,30
2026-04-25,Wireless Headphones,North Carolina,30
2026-04-26,Wireless Headphones,North Carolina,31
2026-04-27,Wireless Headphones,North Carolina,37
2026-04-28,Wireless Headphones,North Carolina,29
2026-04-29,Wireless Headphones,North Carolina,40
2026-04-30,Wireless Headphones,North Carolina,30
2026-05-01,Wireless Headphones,North Carolina,38
2026-05-02,Wireless Headphones,North Carolina,24
2026-05-03,Wireless Headphones,North Carolina,23
2026-05-04,Wireless Headphones,North Carolina,35
2026-05-05,Wireless Headphones,North Carolina,36
2026-05-06,Wireless Headphones,North Carolina,34
2026-05-07,Wireless Headphones,North Carolina,39
2026-05-08,Wireless Headphones,North Carolina,35
2026-05-09,Wireless Headphones,North Carolina,30
2026-05-10,Wireless Headphones,North Carolina,28
2026-05-11,Wireless Headphones,North Carolina,34
2026-05-12,Wireless Headphones,North Carolina,33
2026-05-13,Wireless Headphones,North Carolina,30
2026-05-14,Wireless Headphones,North Carolina,38
2026-05-15,Wireless Headphones,North Carolina,35
2026-05-16,Wireless Headphones,North Carolina,19
2026-05-17,Wireless Headphones,North Carolina,25
2026-05-18,Wireless Headphones,North Carolina,33
2026-05-19,Wireless Headphones,North Carolina,44
2026-05-20,Wireless Headphones,North Carolina,29
2026-05-21,Wireless Headphones,North Carolina,30
2026-05-22,Wireless Headphones,North Carolina,42
2026-05-23,Wireless Headphones,North Carolina,31
2026-05-24,Wireless Headphones,North Carolina,25
2026-05-25,Wireless Headphones,North Carolina,34
2026-05-26,Wireless Headphones,North Carolina,40
2026-05-27,Wireless Headphones,North Carolina,27
2026-05-28,Wireless Headphones,North Carolina,29
2026-05-29,Wireless Headphones,North Carolina,36
2026-05-30,Wireless Headphones,North Carolina,32
2026-05-31,Wireless Headphones,North Carolina,26
2026-06-01,Wireless Headphones,North Carolina,36
2026-06-02,Wireless Headphones,North Carolina,40
2026-06-03,Wireless Headphones,North Carolina,44
2026-06-04,Wireless Headphones,North Carolina,33
2026-06-05,Wireless Headphones,North Carolina,35
2026-06-06,Wireless Headphones,North Carolina,32
2026-06-07,Wireless Headphones,North Carolina,21
2026-06-08,Wireless Headphones,North Carolina,40
2026-06-09,Wireless Headphones,North Carolina,31
2026-06-10,Wireless Headphones,North Carolina,36
2026-06-11,Wireless Headphones,North Carolina,34
2026-06-12,Wireless Headphones,North Carolina,31
2026-06-13,Wireless Headphones,North Carolina,23
2026-06-14,Wireless Headphones,North Carolina,27
2026-06-15,Wireless Headphones,North Carolina,40
2026-06-16,Wireless Headphones,North Carolina,35
2026-06-17,Wireless Headphones,North Carolina,36
2026-06-18,Wireless Headphones,North Carolina,38
2026-06-19,Wireless Headphones,North Carolina,31
2026-06-20,Wireless Headphones,North Carolina,28
2026-06-21,Wireless Headphones,North Carolina,28
2026-06-22,Wireless Headphones,North Carolina,46
2026-06-23,Wireless Headphones,North Carolina,34
2026-06-24,Wireless Headphones,North Carolina,33
2026-06-25,Wireless Headphones,North Carolina,39
2026-06-26,Wireless Headphones,North Carolina,39
2026-06-27,Wireless Headphones,North Carolina,24
2026-06-28,Wireless Headphones,North Carolina,25
2026-06-29,Wireless Headphones,North Carolina,38
2026-06-30,Wireless Headphones,North Carolina,32
2026-07-01,Wireless Headphones,North Carolina,32
2026-07-02,Wireless Headphones,North Carolina,34
2026-07-03,Wireless Headphones,North Carolina,37
2026-07-04,Wireless Headphones,North Carolina,23
2026-07-05,Wireless Headphones,North Carolina,19
2026-07-06,Wireless Headphones,North Carolina,26
2026-07-07,Wireless Headphones,North Carolina,28
2026-07-08,Wireless Headphones,North Carolina,28
2026-07-09,Wireless Headphones,North Carolina,33
2026-07-10,Wireless Headphones,North Carolina,29
2026-07-11,Wireless Headphones,North Carolina,22
2026-07-12,Wireless Headphones,North Carolina,22
2026-07-13,Wireless Headphones,North Carolina,32
2026-07-14,Wireless Headphones,North Carolina,39
2026-07-15,Wireless Headphones,North Carolina,36
2026-07-16,Wireless Headphones,North Carolina,33
2026-07-17,Wireless Headphones,North Carolina,31
2026-07-18,Wireless Headphones,North Carolina,23
2026-07-19,Wireless Headphones,North Carolina,25
2026-07-20,Wireless Headphones,North Carolina,36
2026-07-21,Wireless Headphones,North Carolina,30
2026-07-22,Wireless Headphones,North Carolina,33
2026-07-23,Wireless Headphones,North Carolina,25
2026-07-24,Wireless Headphones,North Carolina,34
2026-07-25,Wireless Headphones,North Carolina,27
2026-07-26,Wireless Headphones,North Carolina,24
2026-07-27,Wireless Headphones,North Carolina,41
2026-07-28,Wireless Headphones,North Carolina,30
2026-07-29,Wireless Headphones,North Carolina,34
2026-07-30,Wireless Headphones,North Carolina,33
2026-07-31,Wireless Headphones,North Carolina,33
2026-08-01,Wireless Headphones,North Carolina,23
2026-08-02,Wireless Headphones,North Carolina,23
2026-08-03,Wireless Headphones,North Carolina,35
2026-08-04,Wireless Headphones,North Carolina,36
2026-08-05,Wireless Headphones,North Carolina,31
2026-08-06,Wireless Headphones,North Carolina,34
2026-08-07,Wireless Headphones,North Carolina,29
2026-08-08,Wireless Headphones,North Carolina,25
2026-08-09,Wireless Headphones,North Carolina,21
2026-08-10,Wireless Headphones,North Carolina,35
2026-08-11,Wireless Headphones,North Carolina,40
2026-08-12,Wireless Headphones,North Carolina,31
2026-08-13,Wireless Headphones,North Carolina,23
2026-08-14,Wireless Headphones,North Carolina,29
2026-08-15,Wireless Headphones,North Carolina,26
2026-08-16,Wireless Headphones,North Carolina,24
2026-08-17,Wireless Headphones,North Carolina,32
2026-08-18,Wireless Headphones,North Carolina,35
2026-08-19,Wireless Headphones,North Carolina,33
2026-08-20,Wireless Headphones,North Carolina,36
2026-08-21,Wireless Headphones,North Carolina,35
2026-08-22,Wireless Headphones,North Carolina,27
2026-08-23,Wireless Headphones,North Carolina,24
2026-08-24,Wireless Headphones,North Carolina,35
2026-08-25,Wireless Headphones,North Carolina,30
2026-08-26,Wireless Headphones,North Carolina,29
2026-08-27,Wireless Headphones,North Carolina,38
2026-08-28,Wireless Headphones,North Carolina,32
2026-08-29,Wireless Headphones,North Carolina,25
2026-08-30,Wireless Headphones,North Carolina,23
2026-08-31,Wireless Headphones,North Carolina,29
2026-09-01,Wireless Headphones,North Carolina,30
2026-09-02,Wireless Headphones,North Carolina,35
2026-09-03,Wireless Headphones,North Carolina,32
2026-09-04,Wireless Headphones,North Carolina,24
2026-09-05,Wireless Headphones,North Carolina,21
2026-09-06,Wireless Headphones,North Carolina,27
2026-09-07,Wireless Headphones,North Carolina,29
2026-09-08,Wireless Headphones,North Carolina,23
2026-09-09,Wireless Headphones,North Carolina,37
2026-09-10,Wireless Headphones,North Carolina,32
2026-09-11,Wireless Headphones,North Carolina,30
2026-09-12,Wireless Headphones,North Carolina,21
2026-09-13,Wireless Headphones,North Carolina,25
2026-09-14,Wireless Headphones,North Carolina,28
2026-09-15,Wireless Headphones,North Carolina,34
2026-09-16,Wireless Headphones,North Carolina,32
2026-09-17,Wireless Headphones,North Carolina,31
2026-09-18,Wireless Headphones,North Carolina,30
2026-09-19,Wireless Headphones,North Carolina,21
2026-09-20,Wireless Headphones,North Carolina,25
2026-09-21,Wireless Headphones,North Carolina,27
2026-09-22,Wireless Headphones,North Carolina,24
2026-09-23,Wireless Headphones,North Carolina,32
2026-09-24,Wireless Headphones,North Carolina,32
2026-09-25,Wireless Headphones,North Carolina,32
2026-09-26,Wireless Headphones,North Carolina,23
2026-09-27,Wireless Headphones,North Carolina,21
2026-09-28,Wireless Headphones,North Carolina,33
2025-01-01,Wireless Headphones,Virginia,29
2025-01-02,Wireless Headphones,Virginia,28
2025-01-03,Wireless Headphones,Virginia,28
2025-01-04,Wireless Headphones,Virginia,27
2025-01-05,Wireless Headphones,Virginia,17
2025-01-06,Wireless Headphones,Virginia,31
2025-01-07,Wireless Headphones,Virginia,23
2025-01-08,Wireless Headphones,Virginia,29
2025-01-09,Wireless Headphones,Virginia,28
2025-01-10,Wireless Headphones,Virginia,22
2025-01-11,Wireless Headphones,Virginia,23
2025-01-12,Wireless Headphones,Virginia,21
2025-01-13,Wireless Headphones,Virginia,22
2025-01-14,Wireless Headphones,Virginia,32
2025-01-15,Wireless Headphones,Virginia,34
2025-01-16,Wireless Headphones,Virginia,35
2025-01-17,Wireless Headphones,Virginia,31
2025-01-18,Wireless Headphones,Virginia,22
2025-01-19,Wireless Headphones,Virginia,25
2025-01-20,Wireless Headphones,Virginia,35
2025-01-21,Wireless Headphones,Virginia,33
2025-01-22,Wireless Headphones,Virginia,26
2025-01-23,Wireless Headphones,Virginia,30
2025-01-24,Wireless Headphones,Virginia,31
2025-01-25,Wireless Headphones,Virginia,17
2025-01-26,Wireless Headphones,Virginia,23
2025-01-27,Wireless Headphones,Virginia,37
2025-01-28,Wireless Headphones,Virginia,32
2025-01-29,Wireless Headphones,Virginia,35
2025-01-30,Wireless Headphones,Virginia,30
2025-01-31,Wireless Headphones,Virginia,29
2025-02-01,Wireless Headphones,Virginia,24
2025-02-02,Wireless Headphones,Virginia,21
2025-02-03,Wireless Headphones,Virginia,28
2025-02-04,Wireless Headphones,Virginia,36
2025-02-05,Wireless Headphones,Virginia,36
2025-02-06,Wireless Headphones,Virginia,27
2025-02-07,Wireless Headphones,Virginia,35
2025-02-08,Wireless Headphones,Virginia,23
2025-02-09,Wireless Headphones,Virginia,24
2025-02-10,Wireless Headphones,Virginia,33
2025-02-11,Wireless Headphones,Virginia,35
2025-02-12,Wireless Headphones,Virginia,31
2025-02-13,Wireless Headphones,Virginia,36
2025-02-14,Wireless Headphones,Virginia,32
2025-02-15,Wireless Headphones,Virginia,25
2025-02-16,Wireless Headphones,Virginia,21
2025-02-17,Wireless Headphones,Virginia,39
2025-02-18,Wireless Headphones,Virginia,33
2025-02-19,Wireless Headphones,Virginia,34
2025-02-20,Wireless Headphones,Virginia,25
2025-02-21,Wireless Headphones,Virginia,28
2025-02-22,Wireless Headphones,Virginia,26
2025-02-23,Wireless Headphones,Virginia,24
2025-02-24,Wireless Headphones,Virginia,24
2025-02-25,Wireless Headphones,Virginia,35
2025-02-26,Wireless Headphones,Virginia,29
2025-02-27,Wireless Headphones,Virginia,36
2025-02-28,Wireless Headphones,Virginia,31
2025-03-01,Wireless Headphones,Virginia,24
2025-03-02,Wireless Headphones,Virginia,27
2025-03-03,Wireless Headphones,Virginia,29
2025-03-04,Wireless Headphones,Virginia,29
2025-03-05,Wireless Headphones,Virginia,32
2025-03-06,Wireless Headphones,Virginia,36
2025-03-07,Wireless Headphones,Virginia,27
2025-03-08,Wireless Headphones,Virginia,19
2025-03-09,Wireless Headphones,Virginia,26
2025-03-10,Wireless Headphones,Virginia,30
2025-03-11,Wireless Headphones,Virginia,31
2025-03-12,Wireless Headphones,Virginia,25
2025-03-13,Wireless Headphones,Virginia,30
2025-03-14,Wireless Headphones,Virginia,32
2025-03-15,Wireless Headphones,Virginia,26
2025-03-16,Wireless Headphones,Virginia,22
2025-03-17,Wireless Headphones,Virginia,39
2025-03-18,Wireless Headphones,Virginia,30
2025-03-19,Wireless Headphones,Virginia,30
2025-03-20,Wireless Headphones,Virginia,38
2025-03-21,Wireless Headphones,Virginia,33
2025-03-22,Wireless Headphones,Virginia,22
2025-03-23,Wireless Headphones,Virginia,23
2025-03-24,Wireless Headphones,Virginia,38
2025-03-25,Wireless Headphones,Virginia,38
2025-03-26,Wireless Headphones,Virginia,29
2025-03-27,Wireless Headphones,Virginia,32
2025-03-28,Wireless Headphones,Virginia,33
2025-03-29,Wireless Headphones,Virginia,21
2025-03-30,Wireless Headphones,Virginia,24
2025-03-31,Wireless Headphones,Virginia,32
2025-04-01,Wireless Headphones,Virginia,37
2025-04-02,Wireless Headphones,Virginia,38
2025-04-03,Wireless Headphones,Virginia,32
2025-04-04,Wireless Headphones,Virginia,32
2025-04-05,Wireless Headphones,Virginia,26
2025-04-06,Wireless Headphones,Virginia,22
2025-04-07,Wireless Headphones,Virginia,35
2025-04-08,Wireless Headphones,Virginia,33
2025-04-09,Wireless Headphones,Virginia,29
2025-04-10,Wireless Headphones,Virginia,29
2025-04-11,Wireless Headphones,Virginia,39
2025-04-12,Wireless Headphones,Virginia,24
2025-04-13,Wireless Headphones,Virginia,29
2025-04-14,Wireless Headphones,Virginia,31
2025-04-15,Wireless Headphones,Virginia,34
2025-04-16,Wireless Headphones,Virginia,42
2025-04-17,Wireless Headphones,Virginia,29
2025-04-18,Wireless Headphones,Virginia,25
2025-04-19,Wireless Headphones,Virginia,28
2025-04-20,Wireless Headphones,Virginia,22
2025-04-21,Wireless Headphones,Virginia,33
2025-04-22,Wireless Headphones,Virginia,31
2025-04-23,Wireless Headphones,Virginia,34
2025-04-24,Wireless Headphones,Virginia,29
2025-04-25,Wireless Headphones,Virginia,32
2025-04-26,Wireless Headphones,Virginia,25
2025-04-27,Wireless Headphones,Virginia,21
2025-04-28,Wireless Headphones,Virginia,30
2025-04-29,Wireless Headphones,Virginia,32
2025-04-30,Wireless Headphones,Virginia,27
2025-05-01,Wireless Headphones,Virginia,31
2025-05-02,Wireless Headphones,Virginia,33
2025-05-03,Wireless Headphones,Virginia,23
2025-05-04,Wireless Headphones,Virginia,23
2025-05-05,Wireless Headphones,Virginia,32
2025-05-06,Wireless Headphones,Virginia,30
2025-05-07,Wireless Headphones,Virginia,35
2025-05-08,Wireless Headphones,Virginia,38
2025-05-09,Wireless Headphones,Virginia,31
2025-05-10,Wireless Headphones,Virginia,25
2025-05-11,Wireless Headphones,Virginia,23
2025-05-12,Wireless Headphones,Virginia,34
2025-05-13,Wireless Headphones,Virginia,39
2025-05-14,Wireless Headphones,Virginia,34
2025-05-15,Wireless Headphones,Virginia,26
2025-05-16,Wireless Headphones,Virginia,34
2025-05-17,Wireless Headphones,Virginia,27
2025-05-18,Wireless Headphones,Virginia,23
2025-05-19,Wireless Headphones,Virginia,36
2025-05-20,Wireless Headphones,Virginia,30
2025-05-21,Wireless Headphones,Virginia,27
2025-05-22,Wireless Headphones,Virginia,33
2025-05-23,Wireless Headphones,Virginia,26
2025-05-24,Wireless Headphones,Virginia,23
2025-05-25,Wireless Headphones,Virginia,27
2025-05-26,Wireless Headphones,Virginia,25
2025-05-27,Wireless Headphones,Virginia,27
2025-05-28,Wireless Headphones,Virginia,28
2025-05-29,Wireless Headphones,Virginia,32
2025-05-30,Wireless Headphones,Virginia,31
2025-05-31,Wireless Headphones,Virginia,28
2025-06-01,Wireless Headphones,Virginia,25
2025-06-02,Wireless Headphones,Virginia,33
2025-06-03,Wireless Headphones,Virginia,32
2025-06-04,Wireless Headphones,Virginia,33
2025-06-05,Wireless Headphones,Virginia,28
2025-06-06,Wireless Headphones,Virginia,34
2025-06-07,Wireless Headphones,Virginia,20
2025-06-08,Wireless Headphones,Virginia,25
2025-06-09,Wireless Headphones,Virginia,36
2025-06-10,Wireless Headphones,Virginia,32
2025-06-11,Wireless Headphones,Virginia,31
2025-06-12,Wireless Headphones,Virginia,33
2025-06-13,Wireless Headphones,Virginia,20
2025-06-14,Wireless Headphones,Virginia,24
2025-06-15,Wireless Headphones,Virginia,23
2025-06-16,Wireless Headphones,Virginia,31
2025-06-17,Wireless Headphones,Virginia,34
2025-06-18,Wireless Headphones,Virginia,31
2025-06-19,Wireless Headphones,Virginia,27
2025-06-20,Wireless Headphones,Virginia,31
2025-06-21,Wireless Headphones,Virginia,23
2025-06-22,Wireless Headphones,Virginia,23
2025-06-23,Wireless Headphones,Virginia,32
2025-06-24,Wireless Headphones,Virginia,35
2025-06-25,Wireless Headphones,Virginia,27
2025-06-26,Wireless Headphones,Virginia,32
2025-06-27,Wireless Headphones,Virginia,36
2025-06-28,Wireless Headphones,Virginia,18
2025-06-29,Wireless Headphones,Virginia,23
2025-06-30,Wireless Headphones,Virginia,29
2025-07-01,Wireless Headphones,Virginia,28
2025-07-02,Wireless Headphones,Virginia,26
2025-07-03,Wireless Headphones,Virginia,29
2025-07-04,Wireless Headphones,Virginia,36
2025-07-05,Wireless Headphones,Virginia,18
2025-07-06,Wireless Headphones,Virginia,19
2025-07-07,Wireless Headphones,Virginia,25
2025-07-08,Wireless Headphones,Virginia,35
2025-07-09,Wireless Headphones,Virginia,28
2025-07-10,Wireless Headphones,Virginia,29
2025-07-11,Wireless Headphones,Virginia,28
2025-07-12,Wireless Headphones,Virginia,19
2025-07-13,Wireless Headphones,Virginia,21
2025-07-14,Wireless Headphones,Virginia,38
2025-07-15,Wireless Headphones,Virginia,34
2025-07-16,Wireless Headphones,Virginia,26
2025-07-17,Wireless Headphones,Virginia,32
2025-07-18,Wireless Headphones,Virginia,26
2025-07-19,Wireless Headphones,Virginia,17
2025-07-20,Wireless Headphones,Virginia,24
2025-07-21,Wireless Headphones,Virginia,33
2025-07-22,Wireless Headphones,Virginia,33
2025-07-23,Wireless Headphones,Virginia,28
2025-07-24,Wireless Headphones,Virginia,29
2025-07-25,Wireless Headphones,Virginia,32
2025-07-26,Wireless Headphones,Virginia,23
2025-07-27,Wireless Headphones,Virginia,21
2025-07-28,Wireless Headphones,Virginia,24
2025-07-29,Wireless Headphones,Virginia,30
2025-07-30,Wireless Headphones,Virginia,33
2025-07-31,Wireless Headphones,Virginia,25
2025-08-01,Wireless Headphones,Virginia,30
2025-08-02,Wireless Headphones,Virginia,21
2025-08-03,Wireless Headphones,Virginia,22
2025-08-04,Wireless Headphones,Virginia,31
2025-08-05,Wireless Headphones,Virginia,25
2025-08-06,Wireless Headphones,Virginia,22
2025-08-07,Wireless Headphones,Virginia,26
2025-08-08,Wireless Headphones,Virginia,31
2025-08-09,Wireless Headphones,Virginia,19
2025-08-10,Wireless Headphones,Virginia,19
2025-08-11,Wireless Headphones,Virginia,22
2025-08-12,Wireless Headphones,Virginia,33
2025-08-13,Wireless Headphones,Virginia,30
2025-08-14,Wireless Headphones,Virginia,30
2025-08-15,Wireless Headphones,Virginia,31
2025-08-16,Wireless Headphones,Virginia,22
2025-08-17,Wireless Headphones,Virginia,20
2025-08-18,Wireless Headphones,Virginia,27
2025-08-19,Wireless Headphones,Virginia,26
2025-08-20,Wireless Headphones,Virginia,36
2025-08-21,Wireless Headphones,Virginia,29
2025-08-22,Wireless Headphones,Virginia,26
2025-08-23,Wireless Headphones,Virginia,21
2025-08-24,Wireless Headphones,Virginia,18
2025-08-25,Wireless Headphones,Virginia,33
2025-08-26,Wireless Headphones,Virginia,25
2025-08-27,Wireless Headphones,Virginia,29
2025-08-28,Wireless Headphones,Virginia,31
2025-08-29,Wireless Headphones,Virginia,29
2025-08-30,Wireless Headphones,Virginia,20
2025-08-31,Wireless Headphones,Virginia,20
2025-09-01,Wireless Headphones,Virginia,26
2025-09-02,Wireless Headphones,Virginia,25
2025-09-03,Wireless Headphones,Virginia,25
2025-09-04,Wireless Headphones,Virginia,31
2025-09-05,Wireless Headphones,Virginia,26
2025-09-06,Wireless Headphones,Virginia,17
2025-09-07,Wireless Headphones,Virginia,18
2025-09-08,Wireless Headphones,Virginia,30
2025-09-09,Wireless Headphones,Virginia,28
2025-09-10,Wireless Headphones,Virginia,28
2025-09-11,Wireless Headphones,Virginia,26
2025-09-12,Wireless Headphones,Virginia,28
2025-09-13,Wireless Headphones,Virginia,18
2025-09-14,Wireless Headphones,Virginia,19
2025-09-15,Wireless Headphones,Virginia,29
2025-09-16,Wireless Headphones,Virginia,29
2025-09-17,Wireless Headphones,Virginia,23
2025-09-18,Wireless Headphones,Virginia,24
2025-09-19,Wireless Headphones,Virginia,27
2025-09-20,Wireless Headphones,Virginia,23
2025-09-21,Wireless Headphones,Virginia,15
2025-09-22,Wireless Headphones,Virginia,27
2025-09-23,Wireless Headphones,Virginia,22
2025-09-24,Wireless Headphones,Virginia,24
2025-09-25,Wireless Headphones,Virginia,25
2025-09-26,Wireless Headphones,Virginia,25
2025-09-27,Wireless Headphones,Virginia,18
2025-09-28,Wireless Headphones,Virginia,19
2025-09-29,Wireless Headphones,Virginia,25
2025-09-30,Wireless Headphones,Virginia,22
2025-10-01,Wireless Headphones,Virginia,28
2025-10-02,Wireless Headphones,Virginia,28
2025-10-03,Wireless Headphones,Virginia,28
2025-10-04,Wireless Headphones,Virginia,15
2025-10-05,Wireless Headphones,Virginia,20
2025-10-06,Wireless Headphones,Virginia,28
2025-10-07,Wireless Headphones,Virginia,23
2025-10-08,Wireless Headphones,Virginia,26
2025-10-09,Wireless Headphones,Virginia,26
2025-10-10,Wireless Headphones,Virginia,32
2025-10-11,Wireless Headphones,Virginia,23
2025-10-12,Wireless Headphones,Virginia,15
2025-10-13,Wireless Headphones,Virginia,34
2025-10-14,Wireless Headphones,Virginia,23
2025-10-15,Wireless Headphones,Virginia,29
2025-10-16,Wireless Headphones,Virginia,29
2025-10-17,Wireless Headphones,Virginia,23
2025-10-18,Wireless Headphones,Virginia,20
2025-10-19,Wireless Headphones,Virginia,19
2025-10-20,Wireless Headphones,Virginia,28
2025-10-21,Wireless Headphones,Virginia,27
2025-10-22,Wireless Headphones,Virginia,30
2025-10-23,Wireless Headphones,Virginia,26
2025-10-24,Wireless Headphones,Virginia,25
2025-10-25,Wireless Headphones,Virginia,21
2025-10-26,Wireless Headphones,Virginia,20
2025-10-27,Wireless Headphones,Virginia,28
2025-10-28,Wireless Headphones,Virginia,24
2025-10-29,Wireless Headphones,Virginia,23
2025-10-30,Wireless Headphones,Virginia,24
2025-10-31,Wireless Headphones,Virginia,24
2025-11-01,Wireless Headphones,Virginia,25
2025-11-02,Wireless Headphones,Virginia,25
2025-11-03,Wireless Headphones,Virginia,31
2025-11-04,Wireless Headphones,Virginia,36
2025-11-05,Wireless Headphones,Virginia,36
2025-11-06,Wireless Headphones,Virginia,32
2025-11-07,Wireless Headphones,Virginia,28
2025-11-08,Wireless Headphones,Virginia,27
2025-11-09,Wireless Headphones,Virginia,23
2025-11-10,Wireless Headphones,Virginia,32
2025-11-11,Wireless Headphones,Virginia,30
2025-11-12,Wireless Headphones,Virginia,28
2025-11-13,Wireless Headphones,Virginia,26
2025-11-14,Wireless Headphones,Virginia,33
2025-11-15,Wireless Headphones,Virginia,21
2025-11-16,Wireless Headphones,Virginia,31
2025-11-17,Wireless Headphones,Virginia,27
2025-11-18,Wireless Headphones,Virginia,26
2025-11-19,Wireless Headphones,Virginia,33
2025-11-20,Wireless Headphones,Virginia,37
2025-11-21,Wireless Headphones,Virginia,31
2025-11-22,Wireless Headphones,Virginia,24
2025-11-23,Wireless Headphones,Virginia,18
2025-11-24,Wireless Headphones,Virginia,29
2025-11-25,Wireless Headphones,Virginia,27
2025-11-26,Wireless Headphones,Virginia,24
2025-11-27,Wireless Headphones,Virginia,32
2025-11-28,Wireless Headphones,Virginia,23
2025-11-29,Wireless Headphones,Virginia,19
2025-11-30,Wireless Headphones,Virginia,21
2025-12-01,Wireless Headphones,Virginia,29
2025-12-02,Wireless Headphones,Virginia,34
2025-12-03,Wireless Headphones,Virginia,34
2025-12-04,Wireless Headphones,Virginia,36
2025-12-05,Wireless Headphones,Virginia,36
2025-12-06,Wireless Headphones,Virginia,27
2025-12-07,Wireless Headphones,Virginia,24
2025-12-08,Wireless Headphones,Virginia,34
2025-12-09,Wireless Headphones,Virginia,35
2025-12-10,Wireless Headphones,Virginia,33
2025-12-11,Wireless Headphones,Virginia,31
2025-12-12,Wireless Headphones,Virginia,31
2025-12-13,Wireless Headphones,Virginia,22
2025-12-14,Wireless Headphones,Virginia,25
2025-12-15,Wireless Headphones,Virginia,32
2025-12-16,Wireless Headphones,Virginia,30
2025-12-17,Wireless Headphones,Virginia,30
2025-12-18,Wireless Headphones,Virginia,28
2025-12-19,Wireless Headphones,Virginia,36
2025-12-20,Wireless Headphones,Virginia,24
2025-12-21,Wireless Headphones,Virginia,21
2025-12-22,Wireless Headphones,Virginia,36
2025-12-23,Wireless Headphones,Virginia,30
2025-12-24,Wireless Headphones,Virginia,27
2025-12-25,Wireless Headphones,Virginia,37
2025-12-26,Wireless Headphones,Virginia,31
2025-12-27,Wireless Headphones,Virginia,23
2025-12-28,Wireless Headphones,Virginia,24
2025-12-29,Wireless Headphones,Virginia,37
2025-12-30,Wireless Headphones,Virginia,33
2025-12-31,Wireless Headphones,Virginia,28
2026-01-01,Wireless Headphones,Virginia,31
2026-01-02,Wireless Headphones,Virginia,28
2026-01-03,Wireless Headphones,Virginia,26
2026-01-04,Wireless Headphones,Virginia,22
2026-01-05,Wireless Headphones,Virginia,22
2026-01-06,Wireless Headphones,Virginia,31
2026-01-07,Wireless Headphones,Virginia,36
2026-01-08,Wireless Headphones,Virginia,35
2026-01-09,Wireless Headphones,Virginia,36
2026-01-10,Wireless Headphones,Virginia,19
2026-01-11,Wireless Headphones,Virginia,24
2026-01-12,Wireless Headphones,Virginia,27
2026-01-13,Wireless Headphones,Virginia,30
2026-01-14,Wireless Headphones,Virginia,25
2026-01-15,Wireless Headphones,Virginia,27
2026-01-16,Wireless Headphones,Virginia,27
2026-01-17,Wireless Headphones,Virginia,24
2026-01-18,Wireless Headphones,Virginia,24
2026-01-19,Wireless Headphones,Virginia,30
2026-01-20,Wireless Headphones,Virginia,25
2026-01-21,Wireless Headphones,Virginia,28
2026-01-22,Wireless Headphones,Virginia,27
2026-01-23,Wireless Headphones,Virginia,32
2026-01-24,Wireless Headphones,Virginia,25
2026-01-25,Wireless Headphones,Virginia,24
2026-01-26,Wireless Headphones,Virginia,27
2026-01-27,Wireless Headphones,Virginia,20
2026-01-28,Wireless Headphones,Virginia,23
2026-01-29,Wireless Headphones,Virginia,34
2026-01-30,Wireless Headphones,Virginia,28
2026-01-31,Wireless Headphones,Virginia,20
2026-02-01,Wireless Headphones,Virginia,27
2026-02-02,Wireless Headphones,Virginia,36
2026-02-03,Wireless Headphones,Virginia,31
2026-02-04,Wireless Headphones,Virginia,30
2026-02-05,Wireless Headphones,Virginia,31
2026-02-06,Wireless Headphones,Virginia,32
2026-02-07,Wireless Headphones,Virginia,27
2026-02-08,Wireless Headphones,Virginia,24
2026-02-09,Wireless Headphones,Virginia,34
2026-02-10,Wireless Headphones,Virginia,36
2026-02-11,Wireless Headphones,Virginia,27
2026-02-12,Wireless Headphones,Virginia,34
2026-02-13,Wireless Headphones,Virginia,30
2026-02-14,Wireless Headphones,Virginia,16
2026-02-15,Wireless Headphones,Virginia,17
2026-02-16,Wireless Headphones,Virginia,27
2026-02-17,Wireless Headphones,Virginia,33
2026-02-18,Wireless Headphones,Virginia,32
2026-02-19,Wireless Headphones,Virginia,32
2026-02-20,Wireless Headphones,Virginia,38
2026-02-21,Wireless Headphones,Virginia,19
2026-02-22,Wireless Headphones,Virginia,23
2026-02-23,Wireless Headphones,Virginia,32
2026-02-24,Wireless Headphones,Virginia,28
2026-02-25,Wireless Headphones,Virginia,31
2026-02-26,Wireless Headphones,Virginia,25
2026-02-27,Wireless Headphones,Virginia,36
2026-02-28,Wireless Headphones,Virginia,21
2026-03-01,Wireless Headphones,Virginia,30
2026-03-02,Wireless Headphones,Virginia,32
2026-03-03,Wireless Headphones,Virginia,36
2026-03-04,Wireless Headphones,Virginia,32
2026-03-05,Wireless Headphones,Virginia,32
2026-03-06,Wireless Headphones,Virginia,30
2026-03-07,Wireless Headphones,Virginia,24
2026-03-08,Wireless Headphones,Virginia,25
2026-03-09,Wireless Headphones,Virginia,29
2026-03-10,Wireless Headphones,Virginia,32
2026-03-11,Wireless Headphones,Virginia,30
2026-03-12,Wireless Headphones,Virginia,41
2026-03-13,Wireless Headphones,Virginia,32
2026-03-14,Wireless Headphones,Virginia,28
2026-03-15,Wireless Headphones,Virginia,23
2026-03-16,Wireless Headphones,Virginia,33
2026-03-17,Wireless Headphones,Virginia,27
2026-03-18,Wireless Headphones,Virginia,31
2026-03-19,Wireless Headphones,Virginia,33
2026-03-20,Wireless Headphones,Virginia,39
2026-03-21,Wireless Headphones,Virginia,24
2026-03-22,Wireless Headphones,Virginia,28
2026-03-23,Wireless Headphones,Virginia,35
2026-03-24,Wireless Headphones,Virginia,39
2026-03-25,Wireless Headphones,Virginia,32
2026-03-26,Wireless Headphones,Virginia,42
2026-03-27,Wireless Headphones,Virginia,31
2026-03-28,Wireless Headphones,Virginia,22
2026-03-29,Wireless Headphones,Virginia,20
2026-03-30,Wireless Headphones,Virginia,42
2026-03-31,Wireless Headphones,Virginia,36
2026-04-01,Wireless Headphones,Virginia,32
2026-04-02,Wireless Headphones,Virginia,38
2026-04-03,Wireless Headphones,Virginia,36
2026-04-04,Wireless Headphones,Virginia,30
2026-04-05,Wireless Headphones,Virginia,20
2026-04-06,Wireless Headphones,Virginia,32
2026-04-07,Wireless Headphones,Virginia,31
2026-04-08,Wireless Headphones,Virginia,25
2026-04-09,Wireless Headphones,Virginia,37
2026-04-10,Wireless Headphones,Virginia,32
2026-04-11,Wireless Headphones,Virginia,26
2026-04-12,Wireless Headphones,Virginia,31
2026-04-13,Wireless Headphones,Virginia,32
2026-04-14,Wireless Headphones,Virginia,31
2026-04-15,Wireless Headphones,Virginia,33
2026-04-16,Wireless Headphones,Virginia,37
2026-04-17,Wireless Headphones,Virginia,31
2026-04-18,Wireless Headphones,Virginia,22
2026-04-19,Wireless Headphones,Virginia,27
2026-04-20,Wireless Headphones,Virginia,34
2026-04-21,Wireless Headphones,Virginia,25
2026-04-22,Wireless Headphones,Virginia,28
2026-04-23,Wireless Headphones,Virginia,39
2026-04-24,Wireless Headphones,Virginia,35
2026-04-25,Wireless Headphones,Virginia,22
2026-04-26,Wireless Headphones,Virginia,24
2026-04-27,Wireless Headphones,Virginia,33
2026-04-28,Wireless Headphones,Virginia,36
2026-04-29,Wireless Headphones,Virginia,28
2026-04-30,Wireless Headphones,Virginia,30
2026-05-01,Wireless Headphones,Virginia,34
2026-05-02,Wireless Headphones,Virginia,23
2026-05-03,Wireless Headphones,Virginia,25
2026-05-04,Wireless Headphones,Virginia,28
2026-05-05,Wireless Headphones,Virginia,34
2026-05-06,Wireless Headphones,Virginia,37
2026-05-07,Wireless Headphones,Virginia,34
2026-05-08,Wireless Headphones,Virginia,33
2026-05-09,Wireless Headphones,Virginia,23
2026-05-10,Wireless Headphones,Virginia,21
2026-05-11,Wireless Headphones,Virginia,32
2026-05-12,Wireless Headphones,Virginia,37
2026-05-13,Wireless Headphones,Virginia,32
2026-05-14,Wireless Headphones,Virginia,29
2026-05-15,Wireless Headphones,Virginia,31
2026-05-16,Wireless Headphones,Virginia,24
2026-05-17,Wireless Headphones,Virginia,23
2026-05-18,Wireless Headphones,Virginia,34
2026-05-19,Wireless Headphones,Virginia,34
2026-05-20,Wireless Headphones,Virginia,36
2026-05-21,Wireless Headphones,Virginia,38
2026-05-22,Wireless Headphones,Virginia,36
2026-05-23,Wireless Headphones,Virginia,21
2026-05-24,Wireless Headphones,Virginia,21
2026-05-25,Wireless Headphones,Virginia,32
2026-05-26,Wireless Headphones,Virginia,31
2026-05-27,Wireless Headphones,Virginia,28
2026-05-28,Wireless Headphones,Virginia,31
2026-05-29,Wireless Headphones,Virginia,31
2026-05-30,Wireless Headphones,Virginia,22
2026-05-31,Wireless Headphones,Virginia,23
2026-06-01,Wireless Headphones,Virginia,36
2026-06-02,Wireless Headphones,Virginia,32
2026-06-03,Wireless Headphones,Virginia,40
2026-06-04,Wireless Headphones,Virginia,32
2026-06-05,Wireless Headphones,Virginia,30
2026-06-06,Wireless Headphones,Virginia,23
2026-06-07,Wireless Headphones,Virginia,24
2026-06-08,Wireless Headphones,Virginia,33
2026-06-09,Wireless Headphones,Virginia,39
2026-06-10,Wireless Headphones,Virginia,28
2026-06-11,Wireless Headphones,Virginia,34
2026-06-12,Wireless Headphones,Virginia,32
2026-06-13,Wireless Headphones,Virginia,19
2026-06-14,Wireless Headphones,Virginia,25
2026-06-15,Wireless Headphones,Virginia,36
2026-06-16,Wireless Headphones,Virginia,28
2026-06-17,Wireless Headphones,Virginia,31
2026-06-18,Wireless Headphones,Virginia,25
2026-06-19,Wireless Headphones,Virginia,26
2026-06-20,Wireless Headphones,Virginia,26
2026-06-21,Wireless Headphones,Virginia,22
2026-06-22,Wireless Headphones,Virginia,27
2026-06-23,Wireless Headphones,Virginia,32
2026-06-24,Wireless Headphones,Virginia,29
2026-06-25,Wireless Headphones,Virginia,29
2026-06-26,Wireless Headphones,Virginia,34
2026-06-27,Wireless Headphones,Virginia,20
2026-06-28,Wireless Headphones,Virginia,20
2026-06-29,Wireless Headphones,Virginia,32
2026-06-30,Wireless Headphones,Virginia,35
2026-07-01,Wireless Headphones,Virginia,34
2026-07-02,Wireless Headphones,Virginia,27
2026-07-03,Wireless Headphones,Virginia,33
2026-07-04,Wireless Headphones,Virginia,19
2026-07-05,Wireless Headphones,Virginia,26
2026-07-06,Wireless Headphones,Virginia,25
2026-07-07,Wireless Headphones,Virginia,34
2026-07-08,Wireless Headphones,Virginia,27
2026-07-09,Wireless Headphones,Virginia,37
2026-07-10,Wireless Headphones,Virginia,31
2026-07-11,Wireless Headphones,Virginia,19
2026-07-12,Wireless Headphones,Virginia,20
2026-07-13,Wireless Headphones,Virginia,32
2026-07-14,Wireless Headphones,Virginia,33
2026-07-15,Wireless Headphones,Virginia,29
2026-07-16,Wireless Headphones,Virginia,30
2026-07-17,Wireless Headphones,Virginia,32
2026-07-18,Wireless Headphones,Virginia,22
2026-07-19,Wireless Headphones,Virginia,18
2026-07-20,Wireless Headphones,Virginia,27
2026-07-21,Wireless Headphones,Virginia,30
2026-07-22,Wireless Headphones,Virginia,34
2026-07-23,Wireless Headphones,Virginia,35
2026-07-24,Wireless Headphones,Virginia,32
2026-07-25,Wireless Headphones,Virginia,22
2026-07-26,Wireless Headphones,Virginia,23
2026-07-27,Wireless Headphones,Virginia,27
2026-07-28,Wireless Headphones,Virginia,29
2026-07-29,Wireless Headphones,Virginia,26
2026-07-30,Wireless Headphones,Virginia,25
2026-07-31,Wireless Headphones,Virginia,31
2026-08-01,Wireless Headphones,Virginia,21
2026-08-02,Wireless Headphones,Virginia,22
2026-08-03,Wireless Headphones,Virginia,29
2026-08-04,Wireless Headphones,Virginia,28
2026-08-05,Wireless Headphones,Virginia,29
2026-08-06,Wireless Headphones,Virginia,27
2026-08-07,Wireless Headphones,Virginia,29
2026-08-08,Wireless Headphones,Virginia,18
2026-08-09,Wireless Headphones,Virginia,21
2026-08-10,Wireless Headphones,Virginia,30
2026-08-11,Wireless Headphones,Virginia,25
2026-08-12,Wireless Headphones,Virginia,28
2026-08-13,Wireless Headphones,Virginia,26
2026-08-14,Wireless Headphones,Virginia,26
2026-08-15,Wireless Headphones,Virginia,18
2026-08-16,Wireless Headphones,Virginia,23
2026-08-17,Wireless Headphones,Virginia,31
2026-08-18,Wireless Headphones,Virginia,29
2026-08-19,Wireless Headphones,Virginia,34
2026-08-20,Wireless Headphones,Virginia,27
2026-08-21,Wireless Headphones,Virginia,38
2026-08-22,Wireless Headphones,Virginia,20
2026-08-23,Wireless Headphones,Virginia,21
2026-08-24,Wireless Headphones,Virginia,26
2026-08-25,Wireless Headphones,Virginia,29
2026-08-26,Wireless Headphones,Virginia,30
2026-08-27,Wireless Headphones,Virginia,27
2026-08-28,Wireless Headphones,Virginia,34
2026-08-29,Wireless Headphones,Virginia,21
2026-08-30,Wireless Headphones,Virginia,21
2026-08-31,Wireless Headphones,Virginia,25
2026-09-01,Wireless Headphones,Virginia,28
2026-09-02,Wireless Headphones,Virginia,26
2026-09-03,Wireless Headphones,Virginia,24
2026-09-04,Wireless Headphones,Virginia,24
2026-09-05,Wireless Headphones,Virginia,25
2026-09-06,Wireless Headphones,Virginia,19
2026-09-07,Wireless Headphones,Virginia,22
2026-09-08,Wireless Headphones,Virginia,24
2026-09-09,Wireless Headphones,Virginia,26
2026-09-10,Wireless Headphones,Virginia,28
2026-09-11,Wireless Headphones,Virginia,28
2026-09-12,Wireless Headphones,Virginia,21
2026-09-13,Wireless Headphones,Virginia,18
2026-09-14,Wireless Headphones,Virginia,27
2026-09-15,Wireless Headphones,Virginia,24
2026-09-16,Wireless Headphones,Virginia,24
2026-09-17,Wireless Headphones,Virginia,23
2026-09-18,Wireless Headphones,Virginia,23
2026-09-19,Wireless Headphones,Virginia,22
2026-09-20,Wireless Headphones,Virginia,21
2026-09-21,Wireless Headphones,Virginia,29
2026-09-22,Wireless Headphones,Virginia,26
2026-09-23,Wireless Headphones,Virginia,29
2026-09-24,Wireless Headphones,Virginia,21
2026-09-25,Wireless Headphones,Virginia,29
2026-09-26,Wireless Headphones,Virginia,20
2026-09-27,Wireless Headphones,Virginia,21
2026-09-28,Wireless Headphones,Virginia,28
2025-01-01,Mechanical Keyboard,Florida,28
2025-01-02,Mechanical Keyboard,Florida,26
2025-01-03,Mechanical Keyboard,Florida,29
2025-01-04,Mechanical Keyboard,Florida,25
2025-01-05,Mechanical Keyboard,Florida,26
2025-01-06,Mechanical Keyboard,Florida,27
2025-01-07,Mechanical Keyboard,Florida,28
2025-01-08,Mechanical Keyboard,Florida,29
2025-01-09,Mechanical Keyboard,Florida,31
2025-01-10,Mechanical Keyboard,Florida,27
2025-01-11,Mechanical Keyboard,Florida,20
2025-01-12,Mechanical Keyboard,Florida,21
2025-01-13,Mechanical Keyboard,Florida,33
2025-01-14,Mechanical Keyboard,Florida,28
2025-01-15,Mechanical Keyboard,Florida,32
2025-01-16,Mechanical Keyboard,Florida,36
2025-01-17,Mechanical Keyboard,Florida,27
2025-01-18,Mechanical Keyboard,Florida,23
2025-01-19,Mechanical Keyboard,Florida,26
2025-01-20,Mechanical Keyboard,Florida,31
2025-01-21,Mechanical Keyboard,Florida,30
2025-01-22,Mechanical Keyboard,Florida,37
2025-01-23,Mechanical Keyboard,Florida,31
2025-01-24,Mechanical Keyboard,Florida,36
2025-01-25,Mechanical Keyboard,Florida,25
2025-01-26,Mechanical Keyboard,Florida,23
2025-01-27,Mechanical Keyboard,Florida,34
2025-01-28,Mechanical Keyboard,Florida,33
2025-01-29,Mechanical Keyboard,Florida,36
2025-01-30,Mechanical Keyboard,Florida,30
2025-01-31,Mechanical Keyboard,Florida,32
2025-02-01,Mechanical Keyboard,Florida,25
2025-02-02,Mechanical Keyboard,Florida,27
2025-02-03,Mechanical Keyboard,Florida,30
2025-02-04,Mechanical Keyboard,Florida,38
2025-02-05,Mechanical Keyboard,Florida,36
2025-02-06,Mechanical Keyboard,Florida,29
2025-02-07,Mechanical Keyboard,Florida,39
2025-02-08,Mechanical Keyboard,Florida,32
2025-02-09,Mechanical Keyboard,Florida,28
2025-02-10,Mechanical Keyboard,Florida,40
2025-02-11,Mechanical Keyboard,Florida,34
2025-02-12,Mechanical Keyboard,Florida,27
2025-02-13,Mechanical Keyboard,Florida,27
2025-02-14,Mechanical Keyboard,Florida,35
2025-02-15,Mechanical Keyboard,Florida,23
2025-02-16,Mechanical Keyboard,Florida,22
2025-02-17,Mechanical Keyboard,Florida,34
2025-02-18,Mechanical Keyboard,Florida,37
2025-02-19,Mechanical Keyboard,Florida,28
2025-02-20,Mechanical Keyboard,Florida,32
2025-02-21,Mechanical Keyboard,Florida,40
2025-02-22,Mechanical Keyboard,Florida,22
2025-02-23,Mechanical Keyboard,Florida,28
2025-02-24,Mechanical Keyboard,Florida,32
2025-02-25,Mechanical Keyboard,Florida,36
2025-02-26,Mechanical Keyboard,Florida,39
2025-02-27,Mechanical Keyboard,Florida,37
2025-02-28,Mechanical Keyboard,Florida,38
2025-03-01,Mechanical Keyboard,Florida,22
2025-03-02,Mechanical Keyboard,Florida,30
2025-03-03,Mechanical Keyboard,Florida,32
2025-03-04,Mechanical Keyboard,Florida,37
2025-03-05,Mechanical Keyboard,Florida,37
2025-03-06,Mechanical Keyboard,Florida,38
2025-03-07,Mechanical Keyboard,Florida,37
2025-03-08,Mechanical Keyboard,Florida,23
2025-03-09,Mechanical Keyboard,Florida,22
2025-03-10,Mechanical Keyboard,Florida,39
2025-03-11,Mechanical Keyboard,Florida,36
2025-03-12,Mechanical Keyboard,Florida,40
2025-03-13,Mechanical Keyboard,Florida,35
2025-03-14,Mechanical Keyboard,Florida,30
2025-03-15,Mechanical Keyboard,Florida,29
2025-03-16,Mechanical Keyboard,Florida,25
2025-03-17,Mechanical Keyboard,Florida,37
2025-03-18,Mechanical Keyboard,Florida,33
2025-03-19,Mechanical Keyboard,Florida,43
2025-03-20,Mechanical Keyboard,Florida,32
2025-03-21,Mechanical Keyboard,Florida,34
2025-03-22,Mechanical Keyboard,Florida,26
2025-03-23,Mechanical Keyboard,Florida,23
2025-03-24,Mechanical Keyboard,Florida,37
2025-03-25,Mechanical Keyboard,Florida,42
2025-03-26,Mechanical Keyboard,Florida,33
2025-03-27,Mechanical Keyboard,Florida,37
2025-03-28,Mechanical Keyboard,Florida,24
2025-03-29,Mechanical Keyboard,Florida,26
2025-03-30,Mechanical Keyboard,Florida,25
2025-03-31,Mechanical Keyboard,Florida,32
2025-04-01,Mechanical Keyboard,Florida,41
2025-04-02,Mechanical Keyboard,Florida,35
2025-04-03,Mechanical Keyboard,Florida,35
2025-04-04,Mechanical Keyboard,Florida,34
2025-04-05,Mechanical Keyboard,Florida,20
2025-04-06,Mechanical Keyboard,Florida,23
2025-04-07,Mechanical Keyboard,Florida,40
2025-04-08,Mechanical Keyboard,Florida,27
2025-04-09,Mechanical Keyboard,Florida,33
2025-04-10,Mechanical Keyboard,Florida,34
2025-04-11,Mechanical Keyboard,Florida,44
2025-04-12,Mechanical Keyboard,Florida,29
2025-04-13,Mechanical Keyboard,Florida,25
2025-04-14,Mechanical Keyboard,Florida,42
2025-04-15,Mechanical Keyboard,Florida,33
2025-04-16,Mechanical Keyboard,Florida,40
2025-04-17,Mechanical Keyboard,Florida,30
2025-04-18,Mechanical Keyboard,Florida,41
2025-04-19,Mechanical Keyboard,Florida,25
2025-04-20,Mechanical Keyboard,Florida,23
2025-04-21,Mechanical Keyboard,Florida,35
2025-04-22,Mechanical Keyboard,Florida,37
2025-04-23,Mechanical Keyboard,Florida,34
2025-04-24,Mechanical Keyboard,Florida,38
2025-04-25,Mechanical Keyboard,Florida,34
2025-04-26,Mechanical Keyboard,Florida,28
2025-04-27,Mechanical Keyboard,Florida,28
2025-04-28,Mechanical Keyboard,Florida,36
2025-04-29,Mechanical Keyboard,Florida,34
2025-04-30,Mechanical Keyboard,Florida,37
2025-05-01,Mechanical Keyboard,Florida,38
2025-05-02,Mechanical Keyboard,Florida,44
2025-05-03,Mechanical Keyboard,Florida,29
2025-05-04,Mechanical Keyboard,Florida,29
2025-05-05,Mechanical Keyboard,Florida,49
2025-05-06,Mechanical Keyboard,Florida,38
2025-05-07,Mechanical Keyboard,Florida,38
2025-05-08,Mechanical Keyboard,Florida,39
2025-05-09,Mechanical Keyboard,Florida,31
2025-05-10,Mechanical Keyboard,Florida,25
2025-05-11,Mechanical Keyboard,Florida,24
2025-05-12,Mechanical Keyboard,Florida,38
2025-05-13,Mechanical Keyboard,Florida,35
2025-05-14,Mechanical Keyboard,Florida,36
2025-05-15,Mechanical Keyboard,Florida,40
2025-05-16,Mechanical Keyboard,Florida,39
2025-05-17,Mechanical Keyboard,Florida,26
2025-05-18,Mechanical Keyboard,Florida,24
2025-05-19,Mechanical Keyboard,Florida,40
2025-05-20,Mechanical Keyboard,Florida,39
2025-05-21,Mechanical Keyboard,Florida,29
2025-05-22,Mechanical Keyboard,Florida,34
2025-05-23,Mechanical Keyboard,Florida,36
2025-05-24,Mechanical Keyboard,Florida,28
2025-05-25,Mechanical Keyboard,Florida,29
2025-05-26,Mechanical Keyboard,Florida,37
2025-05-27,Mechanical Keyboard,Florida,38
2025-05-28,Mechanical Keyboard,Florida,36
2025-05-29,Mechanical Keyboard,Florida,33
2025-05-30,Mechanical Keyboard,Florida,34
2025-05-31,Mechanical Keyboard,Florida,26
2025-06-01,Mechanical Keyboard,Florida,25
2025-06-02,Mechanical Keyboard,Florida,26
2025-06-03,Mechanical Keyboard,Florida,33
2025-06-04,Mechanical Keyboard,Florida,34
2025-06-05,Mechanical Keyboard,Florida,33
2025-06-06,Mechanical Keyboard,Florida,33
2025-06-07,Mechanical Keyboard,Florida,26
2025-06-08,Mechanical Keyboard,Florida,22
2025-06-09,Mechanical Keyboard,Florida,27
2025-06-10,Mechanical Keyboard,Florida,33
2025-06-11,Mechanical Keyboard,Florida,37
2025-06-12,Mechanical Keyboard,Florida,41
2025-06-13,Mechanical Keyboard,Florida,37
2025-06-14,Mechanical Keyboard,Florida,21
2025-06-15,Mechanical Keyboard,Florida,24
2025-06-16,Mechanical Keyboard,Florida,35
2025-06-17,Mechanical Keyboard,Florida,35
2025-06-18,Mechanical Keyboard,Florida,36
2025-06-19,Mechanical Keyboard,Florida,30
2025-06-20,Mechanical Keyboard,Florida,34
2025-06-21,Mechanical Keyboard,Florida,26
2025-06-22,Mechanical Keyboard,Florida,27
2025-06-23,Mechanical Keyboard,Florida,31
2025-06-24,Mechanical Keyboard,Florida,33
2025-06-25,Mechanical Keyboard,Florida,23
2025-06-26,Mechanical Keyboard,Florida,32
2025-06-27,Mechanical Keyboard,Florida,32
2025-06-28,Mechanical Keyboard,Florida,22
2025-06-29,Mechanical Keyboard,Florida,25
2025-06-30,Mechanical Keyboard,Florida,34
2025-07-01,Mechanical Keyboard,Florida,23
2025-07-02,Mechanical Keyboard,Florida,33
2025-07-03,Mechanical Keyboard,Florida,29
2025-07-04,Mechanical Keyboard,Florida,34
2025-07-05,Mechanical Keyboard,Florida,20
2025-07-06,Mechanical Keyboard,Florida,24
2025-07-07,Mechanical Keyboard,Florida,31
2025-07-08,Mechanical Keyboard,Florida,33
2025-07-09,Mechanical Keyboard,Florida,33
2025-07-10,Mechanical Keyboard,Florida,31
2025-07-11,Mechanical Keyboard,Florida,26
2025-07-12,Mechanical Keyboard,Florida,19
2025-07-13,Mechanical Keyboard,Florida,22
2025-07-14,Mechanical Keyboard,Florida,32
2025-07-15,Mechanical Keyboard,Florida,30
2025-07-16,Mechanical Keyboard,Florida,35
2025-07-17,Mechanical Keyboard,Florida,31
2025-07-18,Mechanical Keyboard,Florida,28
2025-07-19,Mechanical Keyboard,Florida,23
2025-07-20,Mechanical Keyboard,Florida,24
2025-07-21,Mechanical Keyboard,Florida,33
2025-07-22,Mechanical Keyboard,Florida,39
2025-07-23,Mechanical Keyboard,Florida,30
2025-07-24,Mechanical Keyboard,Florida,32
2025-07-25,Mechanical Keyboard,Florida,34
2025-07-26,Mechanical Keyboard,Florida,24
2025-07-27,Mechanical Keyboard,Florida,22
2025-07-28,Mechanical Keyboard,Florida,26
2025-07-29,Mechanical Keyboard,Florida,30
2025-07-30,Mechanical Keyboard,Florida,28
2025-07-31,Mechanical Keyboard,Florida,26
2025-08-01,Mechanical Keyboard,Florida,27
2025-08-02,Mechanical Keyboard,Florida,19
2025-08-03,Mechanical Keyboard,Florida,24
2025-08-04,Mechanical Keyboard,Florida,32
2025-08-05,Mechanical Keyboard,Florida,27
2025-08-06,Mechanical Keyboard,Florida,29
2025-08-07,Mechanical Keyboard,Florida,24
2025-08-08,Mechanical Keyboard,Florida,28
2025-08-09,Mechanical Keyboard,Florida,23
2025-08-10,Mechanical Keyboard,Florida,24
2025-08-11,Mechanical Keyboard,Florida,28
2025-08-12,Mechanical Keyboard,Florida,34
2025-08-13,Mechanical Keyboard,Florida,25
2025-08-14,Mechanical Keyboard,Florida,26
2025-08-15,Mechanical Keyboard,Florida,33
2025-08-16,Mechanical Keyboard,Florida,27
2025-08-17,Mechanical Keyboard,Florida,23
2025-08-18,Mechanical Keyboard,Florida,30
2025-08-19,Mechanical Keyboard,Florida,22
2025-08-20,Mechanical Keyboard,Florida,23
2025-08-21,Mechanical Keyboard,Florida,31
2025-08-22,Mechanical Keyboard,Florida,29
2025-08-23,Mechanical Keyboard,Florida,19
2025-08-24,Mechanical Keyboard,Florida,22
2025-08-25,Mechanical Keyboard,Florida,31
2025-08-26,Mechanical Keyboard,Florida,34
2025-08-27,Mechanical Keyboard,Florida,31
2025-08-28,Mechanical Keyboard,Florida,35
2025-08-29,Mechanical Keyboard,Florida,30
2025-08-30,Mechanical Keyboard,Florida,22
2025-08-31,Mechanical Keyboard,Florida,25
2025-09-01,Mechanical Keyboard,Florida,25
2025-09-02,Mechanical Keyboard,Florida,39
2025-09-03,Mechanical Keyboard,Florida,30
2025-09-04,Mechanical Keyboard,Florida,30
2025-09-05,Mechanical Keyboard,Florida,31
2025-09-06,Mechanical Keyboard,Florida,26
2025-09-07,Mechanical Keyboard,Florida,23
2025-09-08,Mechanical Keyboard,Florida,23
2025-09-09,Mechanical Keyboard,Florida,34
2025-09-10,Mechanical Keyboard,Florida,28
2025-09-11,Mechanical Keyboard,Florida,29
2025-09-12,Mechanical Keyboard,Florida,24
2025-09-13,Mechanical Keyboard,Florida,22
2025-09-14,Mechanical Keyboard,Florida,19
2025-09-15,Mechanical Keyboard,Florida,29
2025-09-16,Mechanical Keyboard,Florida,28
2025-09-17,Mechanical Keyboard,Florida,36
2025-09-18,Mechanical Keyboard,Florida,36
2025-09-19,Mechanical Keyboard,Florida,29
2025-09-20,Mechanical Keyboard,Florida,21
2025-09-21,Mechanical Keyboard,Florida,20
2025-09-22,Mechanical Keyboard,Florida,33
2025-09-23,Mechanical Keyboard,Florida,28
2025-09-24,Mechanical Keyboard,Florida,27
2025-09-25,Mechanical Keyboard,Florida,32
2025-09-26,Mechanical Keyboard,Florida,27
2025-09-27,Mechanical Keyboard,Florida,21
2025-09-28,Mechanical Keyboard,Florida,17
2025-09-29,Mechanical Keyboard,Florida,31
2025-09-30,Mechanical Keyboard,Florida,36
2025-10-01,Mechanical Keyboard,Florida,31
2025-10-02,Mechanical Keyboard,Florida,33
2025-10-03,Mechanical Keyboard,Florida,25
2025-10-04,Mechanical Keyboard,Florida,21
2025-10-05,Mechanical Keyboard,Florida,18
2025-10-06,Mechanical Keyboard,Florida,28
2025-10-07,Mechanical Keyboard,Florida,31
2025-10-08,Mechanical Keyboard,Florida,29
2025-10-09,Mechanical Keyboard,Florida,24
2025-10-10,Mechanical Keyboard,Florida,24
2025-10-11,Mechanical Keyboard,Florida,17
2025-10-12,Mechanical Keyboard,Florida,22
2025-10-13,Mechanical Keyboard,Florida,35
2025-10-14,Mechanical Keyboard,Florida,33
2025-10-15,Mechanical Keyboard,Florida,22
2025-10-16,Mechanical Keyboard,Florida,33
2025-10-17,Mechanical Keyboard,Florida,32
2025-10-18,Mechanical Keyboard,Florida,17
2025-10-19,Mechanical Keyboard,Florida,20
2025-10-20,Mechanical Keyboard,Florida,32
2025-10-21,Mechanical Keyboard,Florida,30
2025-10-22,Mechanical Keyboard,Florida,24
2025-10-23,Mechanical Keyboard,Florida,30
2025-10-24,Mechanical Keyboard,Florida,21
2025-10-25,Mechanical Keyboard,Florida,20
2025-10-26,Mechanical Keyboard,Florida,24
2025-10-27,Mechanical Keyboard,Florida,28
2025-10-28,Mechanical Keyboard,Florida,27
2025-10-29,Mechanical Keyboard,Florida,31
2025-10-30,Mechanical Keyboard,Florida,32
2025-10-31,Mechanical Keyboard,Florida,33
2025-11-01,Mechanical Keyboard,Florida,28
2025-11-02,Mechanical Keyboard,Florida,28
2025-11-03,Mechanical Keyboard,Florida,37
2025-11-04,Mechanical Keyboard,Florida,35
2025-11-05,Mechanical Keyboard,Florida,34
2025-11-06,Mechanical Keyboard,Florida,33
2025-11-07,Mechanical Keyboard,Florida,29
2025-11-08,Mechanical Keyboard,Florida,22
2025-11-09,Mechanical Keyboard,Florida,24
2025-11-10,Mechanical Keyboard,Florida,35
2025-11-11,Mechanical Keyboard,Florida,40
2025-11-12,Mechanical Keyboard,Florida,34
2025-11-13,Mechanical Keyboard,Florida,38
2025-11-14,Mechanical Keyboard,Florida,38
2025-11-15,Mechanical Keyboard,Florida,24
2025-11-16,Mechanical Keyboard,Florida,27
2025-11-17,Mechanical Keyboard,Florida,33
2025-11-18,Mechanical Keyboard,Florida,39
2025-11-19,Mechanical Keyboard,Florida,37
2025-11-20,Mechanical Keyboard,Florida,29
2025-11-21,Mechanical Keyboard,Florida,35
2025-11-22,Mechanical Keyboard,Florida,30
2025-11-23,Mechanical Keyboard,Florida,24
2025-11-24,Mechanical Keyboard,Florida,36
2025-11-25,Mechanical Keyboard,Florida,36
2025-11-26,Mechanical Keyboard,Florida,30
2025-11-27,Mechanical Keyboard,Florida,36
2025-11-28,Mechanical Keyboard,Florida,28
2025-11-29,Mechanical Keyboard,Florida,23
2025-11-30,Mechanical Keyboard,Florida,28
2025-12-01,Mechanical Keyboard,Florida,37
2025-12-02,Mechanical Keyboard,Florida,34
2025-12-03,Mechanical Keyboard,Florida,38
2025-12-04,Mechanical Keyboard,Florida,35
2025-12-05,Mechanical Keyboard,Florida,36
2025-12-06,Mechanical Keyboard,Florida,28
2025-12-07,Mechanical Keyboard,Florida,24
2025-12-08,Mechanical Keyboard,Florida,36
2025-12-09,Mechanical Keyboard,Florida,34
2025-12-10,Mechanical Keyboard,Florida,29
2025-12-11,Mechanical Keyboard,Florida,32
2025-12-12,Mechanical Keyboard,Florida,42
2025-12-13,Mechanical Keyboard,Florida,27
2025-12-14,Mechanical Keyboard,Florida,22
2025-12-15,Mechanical Keyboard,Florida,29
2025-12-16,Mechanical Keyboard,Florida,35
2025-12-17,Mechanical Keyboard,Florida,42
2025-12-18,Mechanical Keyboard,Florida,35
2025-12-19,Mechanical Keyboard,Florida,41
2025-12-20,Mechanical Keyboard,Florida,27
2025-12-21,Mechanical Keyboard,Florida,28
2025-12-22,Mechanical Keyboard,Florida,30
2025-12-23,Mechanical Keyboard,Florida,40
2025-12-24,Mechanical Keyboard,Florida,34
2025-12-25,Mechanical Keyboard,Florida,39
2025-12-26,Mechanical Keyboard,Florida,32
2025-12-27,Mechanical Keyboard,Florida,27
2025-12-28,Mechanical Keyboard,Florida,27
2025-12-29,Mechanical Keyboard,Florida,35
2025-12-30,Mechanical Keyboard,Florida,37
2025-12-31,Mechanical Keyboard,Florida,35
2026-01-01,Mechanical Keyboard,Florida,30
2026-01-02,Mechanical Keyboard,Florida,38
2026-01-03,Mechanical Keyboard,Florida,27
2026-01-04,Mechanical Keyboard,Florida,21
2026-01-05,Mechanical Keyboard,Florida,34
2026-01-06,Mechanical Keyboard,Florida,29
2026-01-07,Mechanical Keyboard,Florida,28
2026-01-08,Mechanical Keyboard,Florida,36
2026-01-09,Mechanical Keyboard,Florida,26
2026-01-10,Mechanical Keyboard,Florida,26
2026-01-11,Mechanical Keyboard,Florida,23
2026-01-12,Mechanical Keyboard,Florida,31
2026-01-13,Mechanical Keyboard,Florida,34
2026-01-14,Mechanical Keyboard,Florida,34
2026-01-15,Mechanical Keyboard,Florida,29
2026-01-16,Mechanical Keyboard,Florida,35
2026-01-17,Mechanical Keyboard,Florida,24
2026-01-18,Mechanical Keyboard,Florida,20
2026-01-19,Mechanical Keyboard,Florida,32
2026-01-20,Mechanical Keyboard,Florida,38
2026-01-21,Mechanical Keyboard,Florida,39
2026-01-22,Mechanical Keyboard,Florida,35
2026-01-23,Mechanical Keyboard,Florida,28
2026-01-24,Mechanical Keyboard,Florida,25
2026-01-25,Mechanical Keyboard,Florida,26
2026-01-26,Mechanical Keyboard,Florida,35
2026-01-27,Mechanical Keyboard,Florida,35
2026-01-28,Mechanical Keyboard,Florida,34
2026-01-29,Mechanical Keyboard,Florida,32
2026-01-30,Mechanical Keyboard,Florida,30
2026-01-31,Mechanical Keyboard,Florida,18
2026-02-01,Mechanical Keyboard,Florida,26
2026-02-02,Mechanical Keyboard,Florida,35
2026-02-03,Mechanical Keyboard,Florida,36
2026-02-04,Mechanical Keyboard,Florida,29
2026-02-05,Mechanical Keyboard,Florida,37
2026-02-06,Mechanical Keyboard,Florida,43
2026-02-07,Mechanical Keyboard,Florida,25
2026-02-08,Mechanical Keyboard,Florida,25
2026-02-09,Mechanical Keyboard,Florida,35
2026-02-10,Mechanical Keyboard,Florida,42
2026-02-11,Mechanical Keyboard,Florida,30
2026-02-12,Mechanical Keyboard,Florida,35
2026-02-13,Mechanical Keyboard,Florida,31
2026-02-14,Mechanical Keyboard,Florida,23
2026-02-15,Mechanical Keyboard,Florida,25
2026-02-16,Mechanical Keyboard,Florida,40
2026-02-17,Mechanical Keyboard,Florida,42
2026-02-18,Mechanical Keyboard,Florida,36
2026-02-19,Mechanical Keyboard,Florida,33
2026-02-20,Mechanical Keyboard,Florida,44
2026-02-21,Mechanical Keyboard,Florida,24
2026-02-22,Mechanical Keyboard,Florida,23
2026-02-23,Mechanical Keyboard,Florida,27
2026-02-24,Mechanical Keyboard,Florida,40
2026-02-25,Mechanical Keyboard,Florida,38
2026-02-26,Mechanical Keyboard,Florida,44
2026-02-27,Mechanical Keyboard,Florida,28
2026-02-28,Mechanical Keyboard,Florida,29
2026-03-01,Mechanical Keyboard,Florida,26
2026-03-02,Mechanical Keyboard,Florida,39
2026-03-03,Mechanical Keyboard,Florida,29
2026-03-04,Mechanical Keyboard,Florida,42
2026-03-05,Mechanical Keyboard,Florida,39
2026-03-06,Mechanical Keyboard,Florida,35
2026-03-07,Mechanical Keyboard,Florida,28
2026-03-08,Mechanical Keyboard,Florida,24
2026-03-09,Mechanical Keyboard,Florida,33
2026-03-10,Mechanical Keyboard,Florida,34
2026-03-11,Mechanical Keyboard,Florida,28
2026-03-12,Mechanical Keyboard,Florida,39
2026-03-13,Mechanical Keyboard,Florida,41
2026-03-14,Mechanical Keyboard,Florida,24
2026-03-15,Mechanical Keyboard,Florida,27
2026-03-16,Mechanical Keyboard,Florida,34
2026-03-17,Mechanical Keyboard,Florida,37
2026-03-18,Mechanical Keyboard,Florida,33
2026-03-19,Mechanical Keyboard,Florida,32
2026-03-20,Mechanical Keyboard,Florida,40
2026-03-21,Mechanical Keyboard,Florida,26
2026-03-22,Mechanical Keyboard,Florida,32
2026-03-23,Mechanical Keyboard,Florida,36
2026-03-24,Mechanical Keyboard,Florida,32
2026-03-25,Mechanical Keyboard,Florida,41
2026-03-26,Mechanical Keyboard,Florida,38
2026-03-27,Mechanical Keyboard,Florida,39
2026-03-28,Mechanical Keyboard,Florida,30
2026-03-29,Mechanical Keyboard,Florida,24
2026-03-30,Mechanical Keyboard,Florida,35
2026-03-31,Mechanical Keyboard,Florida,35
2026-04-01,Mechanical Keyboard,Florida,30
2026-04-02,Mechanical Keyboard,Florida,35
2026-04-03,Mechanical Keyboard,Florida,42
2026-04-04,Mechanical Keyboard,Florida,27
2026-04-05,Mechanical Keyboard,Florida,22
2026-04-06,Mechanical Keyboard,Florida,29
2026-04-07,Mechanical Keyboard,Florida,43
2026-04-08,Mechanical Keyboard,Florida,36
2026-04-09,Mechanical Keyboard,Florida,33
2026-04-10,Mechanical Keyboard,Florida,35
2026-04-11,Mechanical Keyboard,Florida,22
2026-04-12,Mechanical Keyboard,Florida,31
2026-04-13,Mechanical Keyboard,Florida,34
2026-04-14,Mechanical Keyboard,Florida,42
2026-04-15,Mechanical Keyboard,Florida,36
2026-04-16,Mechanical Keyboard,Florida,42
2026-04-17,Mechanical Keyboard,Florida,37
2026-04-18,Mechanical Keyboard,Florida,29
2026-04-19,Mechanical Keyboard,Florida,29
2026-04-20,Mechanical Keyboard,Florida,39
2026-04-21,Mechanical Keyboard,Florida,38
2026-04-22,Mechanical Keyboard,Florida,35
2026-04-23,Mechanical Keyboard,Florida,44
2026-04-24,Mechanical Keyboard,Florida,32
2026-04-25,Mechanical Keyboard,Florida,26
2026-04-26,Mechanical Keyboard,Florida,26
2026-04-27,Mechanical Keyboard,Florida,38
2026-04-28,Mechanical Keyboard,Florida,34
2026-04-29,Mechanical Keyboard,Florida,37
2026-04-30,Mechanical Keyboard,Florida,35
2026-05-01,Mechanical Keyboard,Florida,29
2026-05-02,Mechanical Keyboard,Florida,26
2026-05-03,Mechanical Keyboard,Florida,23
2026-05-04,Mechanical Keyboard,Florida,28
2026-05-05,Mechanical Keyboard,Florida,36
2026-05-06,Mechanical Keyboard,Florida,38
2026-05-07,Mechanical Keyboard,Florida,38
2026-05-08,Mechanical Keyboard,Florida,38
2026-05-09,Mechanical Keyboard,Florida,20
2026-05-10,Mechanical Keyboard,Florida,22
2026-05-11,Mechanical Keyboard,Florida,44
2026-05-12,Mechanical Keyboard,Florida,31
2026-05-13,Mechanical Keyboard,Florida,38
2026-05-14,Mechanical Keyboard,Florida,33
2026-05-15,Mechanical Keyboard,Florida,36
2026-05-16,Mechanical Keyboard,Florida,24
2026-05-17,Mechanical Keyboard,Florida,28
2026-05-18,Mechanical Keyboard,Florida,36
2026-05-19,Mechanical Keyboard,Florida,34
2026-05-20,Mechanical Keyboard,Florida,31
2026-05-21,Mechanical Keyboard,Florida,37
2026-05-22,Mechanical Keyboard,Florida,30
2026-05-23,Mechanical Keyboard,Florida,27
2026-05-24,Mechanical Keyboard,Florida,34
2026-05-25,Mechanical Keyboard,Florida,41
2026-05-26,Mechanical Keyboard,Florida,39
2026-05-27,Mechanical Keyboard,Florida,35
2026-05-28,Mechanical Keyboard,Florida,27
2026-05-29,Mechanical Keyboard,Florida,30
2026-05-30,Mechanical Keyboard,Florida,30
2026-05-31,Mechanical Keyboard,Florida,24
2026-06-01,Mechanical Keyboard,Florida,31
2026-06-02,Mechanical Keyboard,Florida,33
2026-06-03,Mechanical Keyboard,Florida,30
2026-06-04,Mechanical Keyboard,Florida,29
2026-06-05,Mechanical Keyboard,Florida,34
2026-06-06,Mechanical Keyboard,Florida,22
2026-06-07,Mechanical Keyboard,Florida,23
2026-06-08,Mechanical Keyboard,Florida,31
2026-06-09,Mechanical Keyboard,Florida,36
2026-06-10,Mechanical Keyboard,Florida,33
2026-06-11,Mechanical Keyboard,Florida,33
2026-06-12,Mechanical Keyboard,Florida,37
2026-06-13,Mechanical Keyboard,Florida,25
2026-06-14,Mechanical Keyboard,Florida,24
2026-06-15,Mechanical Keyboard,Florida,36
2026-06-16,Mechanical Keyboard,Florida,37
2026-06-17,Mechanical Keyboard,Florida,34
2026-06-18,Mechanical Keyboard,Florida,34
2026-06-19,Mechanical Keyboard,Florida,31
2026-06-20,Mechanical Keyboard,Florida,22
2026-06-21,Mechanical Keyboard,Florida,27
2026-06-22,Mechanical Keyboard,Florida,36
2026-06-23,Mechanical Keyboard,Florida,36
2026-06-24,Mechanical Keyboard,Florida,35
2026-06-25,Mechanical Keyboard,Florida,34
2026-06-26,Mechanical Keyboard,Florida,37
2026-06-27,Mechanical Keyboard,Florida,28
2026-06-28,Mechanical Keyboard,Florida,28
2026-06-29,Mechanical Keyboard,Florida,34
2026-06-30,Mechanical Keyboard,Florida,40
2026-07-01,Mechanical Keyboard,Florida,33
2026-07-02,Mechanical Keyboard,Florida,35
2026-07-03,Mechanical Keyboard,Florida,33
2026-07-04,Mechanical Keyboard,Florida,24
2026-07-05,Mechanical Keyboard,Florida,21
2026-07-06,Mechanical Keyboard,Florida,35
2026-07-07,Mechanical Keyboard,Florida,43
2026-07-08,Mechanical Keyboard,Florida,31
2026-07-09,Mechanical Keyboard,Florida,32
2026-07-10,Mechanical Keyboard,Florida,30
2026-07-11,Mechanical Keyboard,Florida,22
2026-07-12,Mechanical Keyboard,Florida,28
2026-07-13,Mechanical Keyboard,Florida,30
2026-07-14,Mechanical Keyboard,Florida,30
2026-07-15,Mechanical Keyboard,Florida,26
2026-07-16,Mechanical Keyboard,Florida,29
2026-07-17,Mechanical Keyboard,Florida,26
2026-07-18,Mechanical Keyboard,Florida,25
2026-07-19,Mechanical Keyboard,Florida,31
2026-07-20,Mechanical Keyboard,Florida,31
2026-07-21,Mechanical Keyboard,Florida,26
2026-07-22,Mechanical Keyboard,Florida,36
2026-07-23,Mechanical Keyboard,Florida,29
2026-07-24,Mechanical Keyboard,Florida,37
2026-07-25,Mechanical Keyboard,Florida,23
2026-07-26,Mechanical Keyboard,Florida,22
2026-07-27,Mechanical Keyboard,Florida,32
2026-07-28,Mechanical Keyboard,Florida,35
2026-07-29,Mechanical Keyboard,Florida,31
2026-07-30,Mechanical Keyboard,Florida,30
2026-07-31,Mechanical Keyboard,Florida,31
2026-08-01,Mechanical Keyboard,Florida,19
2026-08-02,Mechanical Keyboard,Florida,23
2026-08-03,Mechanical Keyboard,Florida,24
2026-08-04,Mechanical Keyboard,Florida,29
2026-08-05,Mechanical Keyboard,Florida,33
2026-08-06,Mechanical Keyboard,Florida,31
2026-08-07,Mechanical Keyboard,Florida,32
2026-08-08,Mechanical Keyboard,Florida,22
2026-08-09,Mechanical Keyboard,Florida,25
2026-08-10,Mechanical Keyboard,Florida,34
2026-08-11,Mechanical Keyboard,Florida,32
2026-08-12,Mechanical Keyboard,Florida,34
2026-08-13,Mechanical Keyboard,Florida,33
2026-08-14,Mechanical Keyboard,Florida,29
2026-08-15,Mechanical Keyboard,Florida,19
2026-08-16,Mechanical Keyboard,Florida,23
2026-08-17,Mechanical Keyboard,Florida,32
2026-08-18,Mechanical Keyboard,Florida,34
2026-08-19,Mechanical Keyboard,Florida,27
2026-08-20,Mechanical Keyboard,Florida,27
2026-08-21,Mechanical Keyboard,Florida,32
2026-08-22,Mechanical Keyboard,Florida,22
2026-08-23,Mechanical Keyboard,Florida,17
2026-08-24,Mechanical Keyboard,Florida,32
2026-08-25,Mechanical Keyboard,Florida,24
2026-08-26,Mechanical Keyboard,Florida,27
2026-08-27,Mechanical Keyboard,Florida,35
2026-08-28,Mechanical Keyboard,Florida,37
2026-08-29,Mechanical Keyboard,Florida,19
2026-08-30,Mechanical Keyboard,Florida,21
2026-08-31,Mechanical Keyboard,Florida,30
2026-09-01,Mechanical Keyboard,Florida,35
2026-09-02,Mechanical Keyboard,Florida,27
2026-09-03,Mechanical Keyboard,Florida,27
2026-09-04,Mechanical Keyboard,Florida,34
2026-09-05,Mechanical Keyboard,Florida,20
2026-09-06,Mechanical Keyboard,Florida,23
2026-09-07,Mechanical Keyboard,Florida,24
2026-09-08,Mechanical Keyboard,Florida,28
2026-09-09,Mechanical Keyboard,Florida,23
2026-09-10,Mechanical Keyboard,Florida,25
2026-09-11,Mechanical Keyboard,Florida,32
2026-09-12,Mechanical Keyboard,Florida,21
2026-09-13,Mechanical Keyboard,Florida,20
2026-09-14,Mechanical Keyboard,Florida,26
2026-09-15,Mechanical Keyboard,Florida,28
2026-09-16,Mechanical Keyboard,Florida,30
2026-09-17,Mechanical Keyboard,Florida,32
2026-09-18,Mechanical Keyboard,Florida,20
2026-09-19,Mechanical Keyboard,Florida,19
2026-09-20,Mechanical Keyboard,Florida,22
2026-09-21,Mechanical Keyboard,Florida,29
2026-09-22,Mechanical Keyboard,Florida,30
2026-09-23,Mechanical Keyboard,Florida,30
2026-09-24,Mechanical Keyboard,Florida,28
2026-09-25,Mechanical Keyboard,Florida,27
2026-09-26,Mechanical Keyboard,Florida,21
2026-09-27,Mechanical Keyboard,Florida,24
2026-09-28,Mechanical Keyboard,Florida,26
2025-01-01,Mechanical Keyboard,Georgia,25
2025-01-02,Mechanical Keyboard,Georgia,26
2025-01-03,Mechanical Keyboard,Georgia,30
2025-01-04,Mechanical Keyboard,Georgia,18
2025-01-05,Mechanical Keyboard,Georgia,21
2025-01-06,Mechanical Keyboard,Georgia,29
2025-01-07,Mechanical Keyboard,Georgia,25
2025-01-08,Mechanical Keyboard,Georgia,25
2025-01-09,Mechanical Keyboard,Georgia,24
2025-01-10,Mechanical Keyboard,Georgia,24
2025-01-11,Mechanical Keyboard,Georgia,20
2025-01-12,Mechanical Keyboard,Georgia,19
2025-01-13,Mechanical Keyboard,Georgia,26
2025-01-14,Mechanical Keyboard,Georgia,22
2025-01-15,Mechanical Keyboard,Georgia,22
2025-01-16,Mechanical Keyboard,Georgia,32
2025-01-17,Mechanical Keyboard,Georgia,25
2025-01-18,Mechanical Keyboard,Georgia,17
2025-01-19,Mechanical Keyboard,Georgia,22
2025-01-20,Mechanical Keyboard,Georgia,26
2025-01-21,Mechanical Keyboard,Georgia,27
2025-01-22,Mechanical Keyboard,Georgia,25
2025-01-23,Mechanical Keyboard,Georgia,24
2025-01-24,Mechanical Keyboard,Georgia,25
2025-01-25,Mechanical Keyboard,Georgia,15
2025-01-26,Mechanical Keyboard,Georgia,18
2025-01-27,Mechanical Keyboard,Georgia,26
2025-01-28,Mechanical Keyboard,Georgia,31
2025-01-29,Mechanical Keyboard,Georgia,25
2025-01-30,Mechanical Keyboard,Georgia,18
2025-01-31,Mechanical Keyboard,Georgia,25
2025-02-01,Mechanical Keyboard,Georgia,26
2025-02-02,Mechanical Keyboard,Georgia,22
2025-02-03,Mechanical Keyboard,Georgia,24
2025-02-04,Mechanical Keyboard,Georgia,29
2025-02-05,Mechanical Keyboard,Georgia,24
2025-02-06,Mechanical Keyboard,Georgia,22
2025-02-07,Mechanical Keyboard,Georgia,26
2025-02-08,Mechanical Keyboard,Georgia,20
2025-02-09,Mechanical Keyboard,Georgia,15
2025-02-10,Mechanical Keyboard,Georgia,23
2025-02-11,Mechanical Keyboard,Georgia,27
2025-02-12,Mechanical Keyboard,Georgia,25
2025-02-13,Mechanical Keyboard,Georgia,28
2025-02-14,Mechanical Keyboard,Georgia,23
2025-02-15,Mechanical Keyboard,Georgia,21
2025-02-16,Mechanical Keyboard,Georgia,17
2025-02-17,Mechanical Keyboard,Georgia,32
2025-02-18,Mechanical Keyboard,Georgia,21
2025-02-19,Mechanical Keyboard,Georgia,23
2025-02-20,Mechanical Keyboard,Georgia,28
2025-02-21,Mechanical Keyboard,Georgia,32
2025-02-22,Mechanical Keyboard,Georgia,20
2025-02-23,Mechanical Keyboard,Georgia,21
2025-02-24,Mechanical Keyboard,Georgia,27
2025-02-25,Mechanical Keyboard,Georgia,23
2025-02-26,Mechanical Keyboard,Georgia,25
2025-02-27,Mechanical Keyboard,Georgia,23
2025-02-28,Mechanical Keyboard,Georgia,23
2025-03-01,Mechanical Keyboard,Georgia,21
2025-03-02,Mechanical Keyboard,Georgia,18
2025-03-03,Mechanical Keyboard,Georgia,29
2025-03-04,Mechanical Keyboard,Georgia,23
2025-03-05,Mechanical Keyboard,Georgia,29
2025-03-06,Mechanical Keyboard,Georgia,26
2025-03-07,Mechanical Keyboard,Georgia,33
2025-03-08,Mechanical Keyboard,Georgia,21
2025-03-09,Mechanical Keyboard,Georgia,23
2025-03-10,Mechanical Keyboard,Georgia,25
2025-03-11,Mechanical Keyboard,Georgia,28
2025-03-12,Mechanical Keyboard,Georgia,25
2025-03-13,Mechanical Keyboard,Georgia,26
2025-03-14,Mechanical Keyboard,Georgia,27
2025-03-15,Mechanical Keyboard,Georgia,19
2025-03-16,Mechanical Keyboard,Georgia,17
2025-03-17,Mechanical Keyboard,Georgia,23
2025-03-18,Mechanical Keyboard,Georgia,20
2025-03-19,Mechanical Keyboard,Georgia,24
2025-03-20,Mechanical Keyboard,Georgia,30
2025-03-21,Mechanical Keyboard,Georgia,22
2025-03-22,Mechanical Keyboard,Georgia,17
2025-03-23,Mechanical Keyboard,Georgia,25
2025-03-24,Mechanical Keyboard,Georgia,26
2025-03-25,Mechanical Keyboard,Georgia,29
2025-03-26,Mechanical Keyboard,Georgia,30
2025-03-27,Mechanical Keyboard,Georgia,30
2025-03-28,Mechanical Keyboard,Georgia,23
2025-03-29,Mechanical Keyboard,Georgia,20
2025-03-30,Mechanical Keyboard,Georgia,16
2025-03-31,Mechanical Keyboard,Georgia,36
2025-04-01,Mechanical Keyboard,Georgia,23
2025-04-02,Mechanical Keyboard,Georgia,25
2025-04-03,Mechanical Keyboard,Georgia,25
2025-04-04,Mechanical Keyboard,Georgia,23
2025-04-05,Mechanical Keyboard,Georgia,24
2025-04-06,Mechanical Keyboard,Georgia,27
2025-04-07,Mechanical Keyboard,Georgia,27
2025-04-08,Mechanical Keyboard,Georgia,24
2025-04-09,Mechanical Keyboard,Georgia,21
2025-04-10,Mechanical Keyboard,Georgia,27
2025-04-11,Mechanical Keyboard,Georgia,27
2025-04-12,Mechanical Keyboard,Georgia,19
2025-04-13,Mechanical Keyboard,Georgia,21
2025-04-14,Mechanical Keyboard,Georgia,30
2025-04-15,Mechanical Keyboard,Georgia,29
2025-04-16,Mechanical Keyboard,Georgia,27
2025-04-17,Mechanical Keyboard,Georgia,24
2025-04-18,Mechanical Keyboard,Georgia,30
2025-04-19,Mechanical Keyboard,Georgia,21
2025-04-20,Mechanical Keyboard,Georgia,23
2025-04-21,Mechanical Keyboard,Georgia,31
2025-04-22,Mechanical Keyboard,Georgia,23
2025-04-23,Mechanical Keyboard,Georgia,23
2025-04-24,Mechanical Keyboard,Georgia,26
2025-04-25,Mechanical Keyboard,Georgia,25
2025-04-26,Mechanical Keyboard,Georgia,23
2025-04-27,Mechanical Keyboard,Georgia,22
2025-04-28,Mechanical Keyboard,Georgia,32
2025-04-29,Mechanical Keyboard,Georgia,30
2025-04-30,Mechanical Keyboard,Georgia,29
2025-05-01,Mechanical Keyboard,Georgia,32
2025-05-02,Mechanical Keyboard,Georgia,29
2025-05-03,Mechanical Keyboard,Georgia,21
2025-05-04,Mechanical Keyboard,Georgia,24
2025-05-05,Mechanical Keyboard,Georgia,28
2025-05-06,Mechanical Keyboard,Georgia,27
2025-05-07,Mechanical Keyboard,Georgia,25
2025-05-08,Mechanical Keyboard,Georgia,30
2025-05-09,Mechanical Keyboard,Georgia,32
2025-05-10,Mechanical Keyboard,Georgia,20
2025-05-11,Mechanical Keyboard,Georgia,24
2025-05-12,Mechanical Keyboard,Georgia,21
2025-05-13,Mechanical Keyboard,Georgia,28
2025-05-14,Mechanical Keyboard,Georgia,28
2025-05-15,Mechanical Keyboard,Georgia,25
2025-05-16,Mechanical Keyboard,Georgia,36
2025-05-17,Mechanical Keyboard,Georgia,20
2025-05-18,Mechanical Keyboard,Georgia,19
2025-05-19,Mechanical Keyboard,Georgia,28
2025-05-20,Mechanical Keyboard,Georgia,21
2025-05-21,Mechanical Keyboard,Georgia,25
2025-05-22,Mechanical Keyboard,Georgia,31
2025-05-23,Mechanical Keyboard,Georgia,26
2025-05-24,Mechanical Keyboard,Georgia,18
2025-05-25,Mechanical Keyboard,Georgia,24
2025-05-26,Mechanical Keyboard,Georgia,32
2025-05-27,Mechanical Keyboard,Georgia,30
2025-05-28,Mechanical Keyboard,Georgia,26
2025-05-29,Mechanical Keyboard,Georgia,27
2025-05-30,Mechanical Keyboard,Georgia,25
2025-05-31,Mechanical Keyboard,Georgia,18
2025-06-01,Mechanical Keyboard,Georgia,17
2025-06-02,Mechanical Keyboard,Georgia,25
2025-06-03,Mechanical Keyboard,Georgia,23
2025-06-04,Mechanical Keyboard,Georgia,22
2025-06-05,Mechanical Keyboard,Georgia,27
2025-06-06,Mechanical Keyboard,Georgia,27
2025-06-07,Mechanical Keyboard,Georgia,24
2025-06-08,Mechanical Keyboard,Georgia,18
2025-06-09,Mechanical Keyboard,Georgia,28
2025-06-10,Mechanical Keyboard,Georgia,28
2025-06-11,Mechanical Keyboard,Georgia,26
2025-06-12,Mechanical Keyboard,Georgia,29
2025-06-13,Mechanical Keyboard,Georgia,29
2025-06-14,Mechanical Keyboard,Georgia,20
2025-06-15,Mechanical Keyboard,Georgia,19
2025-06-16,Mechanical Keyboard,Georgia,26
2025-06-17,Mechanical Keyboard,Georgia,22
2025-06-18,Mechanical Keyboard,Georgia,24
2025-06-19,Mechanical Keyboard,Georgia,25
2025-06-20,Mechanical Keyboard,Georgia,23
2025-06-21,Mechanical Keyboard,Georgia,21
2025-06-22,Mechanical Keyboard,Georgia,22
2025-06-23,Mechanical Keyboard,Georgia,24
2025-06-24,Mechanical Keyboard,Georgia,28
2025-06-25,Mechanical Keyboard,Georgia,23
2025-06-26,Mechanical Keyboard,Georgia,26
2025-06-27,Mechanical Keyboard,Georgia,24
2025-06-28,Mechanical Keyboard,Georgia,21
2025-06-29,Mechanical Keyboard,Georgia,18
2025-06-30,Mechanical Keyboard,Georgia,30
2025-07-01,Mechanical Keyboard,Georgia,24
2025-07-02,Mechanical Keyboard,Georgia,23
2025-07-03,Mechanical Keyboard,Georgia,21
2025-07-04,Mechanical Keyboard,Georgia,26
2025-07-05,Mechanical Keyboard,Georgia,20
2025-07-06,Mechanical Keyboard,Georgia,19
2025-07-07,Mechanical Keyboard,Georgia,32
2025-07-08,Mechanical Keyboard,Georgia,30
2025-07-09,Mechanical Keyboard,Georgia,24
2025-07-10,Mechanical Keyboard,Georgia,24
2025-07-11,Mechanical Keyboard,Georgia,27
2025-07-12,Mechanical Keyboard,Georgia,17
2025-07-13,Mechanical Keyboard,Georgia,21
2025-07-14,Mechanical Keyboard,Georgia,26
2025-07-15,Mechanical Keyboard,Georgia,26
2025-07-16,Mechanical Keyboard,Georgia,27
2025-07-17,Mechanical Keyboard,Georgia,30
2025-07-18,Mechanical Keyboard,Georgia,26
2025-07-19,Mechanical Keyboard,Georgia,18
2025-07-20,Mechanical Keyboard,Georgia,22
2025-07-21,Mechanical Keyboard,Georgia,28
2025-07-22,Mechanical Keyboard,Georgia,24
2025-07-23,Mechanical Keyboard,Georgia,25
2025-07-24,Mechanical Keyboard,Georgia,26
2025-07-25,Mechanical Keyboard,Georgia,26
2025-07-26,Mechanical Keyboard,Georgia,15
2025-07-27,Mechanical Keyboard,Georgia,15
2025-07-28,Mechanical Keyboard,Georgia,23
2025-07-29,Mechanical Keyboard,Georgia,22
2025-07-30,Mechanical Keyboard,Georgia,23
2025-07-31,Mechanical Keyboard,Georgia,27
2025-08-01,Mechanical Keyboard,Georgia,23
2025-08-02,Mechanical Keyboard,Georgia,18
2025-08-03,Mechanical Keyboard,Georgia,15
2025-08-04,Mechanical Keyboard,Georgia,22
2025-08-05,Mechanical Keyboard,Georgia,25
2025-08-06,Mechanical Keyboard,Georgia,25
2025-08-07,Mechanical Keyboard,Georgia,22
2025-08-08,Mechanical Keyboard,Georgia,24
2025-08-09,Mechanical Keyboard,Georgia,22
2025-08-10,Mechanical Keyboard,Georgia,17
2025-08-11,Mechanical Keyboard,Georgia,22
2025-08-12,Mechanical Keyboard,Georgia,23
2025-08-13,Mechanical Keyboard,Georgia,24
2025-08-14,Mechanical Keyboard,Georgia,23
2025-08-15,Mechanical Keyboard,Georgia,24
2025-08-16,Mechanical Keyboard,Georgia,14
2025-08-17,Mechanical Keyboard,Georgia,15
2025-08-18,Mechanical Keyboard,Georgia,23
2025-08-19,Mechanical Keyboard,Georgia,23
2025-08-20,Mechanical Keyboard,Georgia,22
2025-08-21,Mechanical Keyboard,Georgia,23
2025-08-22,Mechanical Keyboard,Georgia,24
2025-08-23,Mechanical Keyboard,Georgia,19
2025-08-24,Mechanical Keyboard,Georgia,17
2025-08-25,Mechanical Keyboard,Georgia,25
2025-08-26,Mechanical Keyboard,Georgia,22
2025-08-27,Mechanical Keyboard,Georgia,25
2025-08-28,Mechanical Keyboard,Georgia,25
2025-08-29,Mechanical Keyboard,Georgia,26
2025-08-30,Mechanical Keyboard,Georgia,19
2025-08-31,Mechanical Keyboard,Georgia,19
2025-09-01,Mechanical Keyboard,Georgia,22
2025-09-02,Mechanical Keyboard,Georgia,23
2025-09-03,Mechanical Keyboard,Georgia,25
2025-09-04,Mechanical Keyboard,Georgia,21
2025-09-05,Mechanical Keyboard,Georgia,21
2025-09-06,Mechanical Keyboard,Georgia,17
2025-09-07,Mechanical Keyboard,Georgia,17
2025-09-08,Mechanical Keyboard,Georgia,20
2025-09-09,Mechanical Keyboard,Georgia,22
2025-09-10,Mechanical Keyboard,Georgia,22
2025-09-11,Mechanical Keyboard,Georgia,17
2025-09-12,Mechanical Keyboard,Georgia,22
2025-09-13,Mechanical Keyboard,Georgia,16
2025-09-14,Mechanical Keyboard,Georgia,16
2025-09-15,Mechanical Keyboard,Georgia,26
2025-09-16,Mechanical Keyboard,Georgia,19
2025-09-17,Mechanical Keyboard,Georgia,20
2025-09-18,Mechanical Keyboard,Georgia,16
2025-09-19,Mechanical Keyboard,Georgia,21
2025-09-20,Mechanical Keyboard,Georgia,16
2025-09-21,Mechanical Keyboard,Georgia,16
2025-09-22,Mechanical Keyboard,Georgia,26
2025-09-23,Mechanical Keyboard,Georgia,25
2025-09-24,Mechanical Keyboard,Georgia,23
2025-09-25,Mechanical Keyboard,Georgia,22
2025-09-26,Mechanical Keyboard,Georgia,25
2025-09-27,Mechanical Keyboard,Georgia,16
2025-09-28,Mechanical Keyboard,Georgia,15
2025-09-29,Mechanical Keyboard,Georgia,18
2025-09-30,Mechanical Keyboard,Georgia,21
2025-10-01,Mechanical Keyboard,Georgia,24
2025-10-02,Mechanical Keyboard,Georgia,28
2025-10-03,Mechanical Keyboard,Georgia,22
2025-10-04,Mechanical Keyboard,Georgia,15
2025-10-05,Mechanical Keyboard,Georgia,14
2025-10-06,Mechanical Keyboard,Georgia,24
2025-10-07,Mechanical Keyboard,Georgia,17
2025-10-08,Mechanical Keyboard,Georgia,24
2025-10-09,Mechanical Keyboard,Georgia,24
2025-10-10,Mechanical Keyboard,Georgia,23
2025-10-11,Mechanical Keyboard,Georgia,16
2025-10-12,Mechanical Keyboard,Georgia,17
2025-10-13,Mechanical Keyboard,Georgia,23
2025-10-14,Mechanical Keyboard,Georgia,20
2025-10-15,Mechanical Keyboard,Georgia,27
2025-10-16,Mechanical Keyboard,Georgia,21
2025-10-17,Mechanical Keyboard,Georgia,24
2025-10-18,Mechanical Keyboard,Georgia,12
2025-10-19,Mechanical Keyboard,Georgia,19
2025-10-20,Mechanical Keyboard,Georgia,26
2025-10-21,Mechanical Keyboard,Georgia,22
2025-10-22,Mechanical Keyboard,Georgia,24
2025-10-23,Mechanical Keyboard,Georgia,24
2025-10-24,Mechanical Keyboard,Georgia,20
2025-10-25,Mechanical Keyboard,Georgia,17
2025-10-26,Mechanical Keyboard,Georgia,15
2025-10-27,Mechanical Keyboard,Georgia,21
2025-10-28,Mechanical Keyboard,Georgia,25
2025-10-29,Mechanical Keyboard,Georgia,25
2025-10-30,Mechanical Keyboard,Georgia,20
2025-10-31,Mechanical Keyboard,Georgia,20
2025-11-01,Mechanical Keyboard,Georgia,18
2025-11-02,Mechanical Keyboard,Georgia,21
2025-11-03,Mechanical Keyboard,Georgia,23
2025-11-04,Mechanical Keyboard,Georgia,28
2025-11-05,Mechanical Keyboard,Georgia,29
2025-11-06,Mechanical Keyboard,Georgia,26
2025-11-07,Mechanical Keyboard,Georgia,30
2025-11-08,Mechanical Keyboard,Georgia,19
2025-11-09,Mechanical Keyboard,Georgia,19
2025-11-10,Mechanical Keyboard,Georgia,24
2025-11-11,Mechanical Keyboard,Georgia,30
2025-11-12,Mechanical Keyboard,Georgia,24
2025-11-13,Mechanical Keyboard,Georgia,28
2025-11-14,Mechanical Keyboard,Georgia,26
2025-11-15,Mechanical Keyboard,Georgia,17
2025-11-16,Mechanical Keyboard,Georgia,18
2025-11-17,Mechanical Keyboard,Georgia,31
2025-11-18,Mechanical Keyboard,Georgia,27
2025-11-19,Mechanical Keyboard,Georgia,23
2025-11-20,Mechanical Keyboard,Georgia,28
2025-11-21,Mechanical Keyboard,Georgia,26
2025-11-22,Mechanical Keyboard,Georgia,28
2025-11-23,Mechanical Keyboard,Georgia,20
2025-11-24,Mechanical Keyboard,Georgia,25
2025-11-25,Mechanical Keyboard,Georgia,31
2025-11-26,Mechanical Keyboard,Georgia,21
2025-11-27,Mechanical Keyboard,Georgia,27
2025-11-28,Mechanical Keyboard,Georgia,33
2025-11-29,Mechanical Keyboard,Georgia,19
2025-11-30,Mechanical Keyboard,Georgia,15
2025-12-01,Mechanical Keyboard,Georgia,27
2025-12-02,Mechanical Keyboard,Georgia,33
2025-12-03,Mechanical Keyboard,Georgia,29
2025-12-04,Mechanical Keyboard,Georgia,25
2025-12-05,Mechanical Keyboard,Georgia,26
2025-12-06,Mechanical Keyboard,Georgia,19
2025-12-07,Mechanical Keyboard,Georgia,21
2025-12-08,Mechanical Keyboard,Georgia,32
2025-12-09,Mechanical Keyboard,Georgia,31
2025-12-10,Mechanical Keyboard,Georgia,29
2025-12-11,Mechanical Keyboard,Georgia,23
2025-12-12,Mechanical Keyboard,Georgia,23
2025-12-13,Mechanical Keyboard,Georgia,22
2025-12-14,Mechanical Keyboard,Georgia,17
2025-12-15,Mechanical Keyboard,Georgia,27
2025-12-16,Mechanical Keyboard,Georgia,29
2025-12-17,Mechanical Keyboard,Georgia,24
2025-12-18,Mechanical Keyboard,Georgia,25
2025-12-19,Mechanical Keyboard,Georgia,28
2025-12-20,Mechanical Keyboard,Georgia,22
2025-12-21,Mechanical Keyboard,Georgia,23
2025-12-22,Mechanical Keyboard,Georgia,30
2025-12-23,Mechanical Keyboard,Georgia,28
2025-12-24,Mechanical Keyboard,Georgia,25
2025-12-25,Mechanical Keyboard,Georgia,24
2025-12-26,Mechanical Keyboard,Georgia,26
2025-12-27,Mechanical Keyboard,Georgia,21
2025-12-28,Mechanical Keyboard,Georgia,21
2025-12-29,Mechanical Keyboard,Georgia,21
2025-12-30,Mechanical Keyboard,Georgia,25
2025-12-31,Mechanical Keyboard,Georgia,32
2026-01-01,Mechanical Keyboard,Georgia,25
2026-01-02,Mechanical Keyboard,Georgia,21
2026-01-03,Mechanical Keyboard,Georgia,24
2026-01-04,Mechanical Keyboard,Georgia,18
2026-01-05,Mechanical Keyboard,Georgia,26
2026-01-06,Mechanical Keyboard,Georgia,26
2026-01-07,Mechanical Keyboard,Georgia,24
2026-01-08,Mechanical Keyboard,Georgia,23
2026-01-09,Mechanical Keyboard,Georgia,32
2026-01-10,Mechanical Keyboard,Georgia,21
2026-01-11,Mechanical Keyboard,Georgia,20
2026-01-12,Mechanical Keyboard,Georgia,27
2026-01-13,Mechanical Keyboard,Georgia,22
2026-01-14,Mechanical Keyboard,Georgia,29
2026-01-15,Mechanical Keyboard,Georgia,23
2026-01-16,Mechanical Keyboard,Georgia,26
2026-01-17,Mechanical Keyboard,Georgia,15
2026-01-18,Mechanical Keyboard,Georgia,14
2026-01-19,Mechanical Keyboard,Georgia,26
2026-01-20,Mechanical Keyboard,Georgia,23
2026-01-21,Mechanical Keyboard,Georgia,19
2026-01-22,Mechanical Keyboard,Georgia,27
2026-01-23,Mechanical Keyboard,Georgia,32
2026-01-24,Mechanical Keyboard,Georgia,22
2026-01-25,Mechanical Keyboard,Georgia,18
2026-01-26,Mechanical Keyboard,Georgia,25
2026-01-27,Mechanical Keyboard,Georgia,28
2026-01-28,Mechanical Keyboard,Georgia,29
2026-01-29,Mechanical Keyboard,Georgia,24
2026-01-30,Mechanical Keyboard,Georgia,25
2026-01-31,Mechanical Keyboard,Georgia,19
2026-02-01,Mechanical Keyboard,Georgia,21
2026-02-02,Mechanical Keyboard,Georgia,26
2026-02-03,Mechanical Keyboard,Georgia,26
2026-02-04,Mechanical Keyboard,Georgia,31
2026-02-05,Mechanical Keyboard,Georgia,31
2026-02-06,Mechanical Keyboard,Georgia,28
2026-02-07,Mechanical Keyboard,Georgia,24
2026-02-08,Mechanical Keyboard,Georgia,19
2026-02-09,Mechanical Keyboard,Georgia,32
2026-02-10,Mechanical Keyboard,Georgia,28
2026-02-11,Mechanical Keyboard,Georgia,37
2026-02-12,Mechanical Keyboard,Georgia,23
2026-02-13,Mechanical Keyboard,Georgia,25
2026-02-14,Mechanical Keyboard,Georgia,21
2026-02-15,Mechanical Keyboard,Georgia,20
2026-02-16,Mechanical Keyboard,Georgia,33
2026-02-17,Mechanical Keyboard,Georgia,25
2026-02-18,Mechanical Keyboard,Georgia,30
2026-02-19,Mechanical Keyboard,Georgia,30
2026-02-20,Mechanical Keyboard,Georgia,29
2026-02-21,Mechanical Keyboard,Georgia,17
2026-02-22,Mechanical Keyboard,Georgia,23
2026-02-23,Mechanical Keyboard,Georgia,31
2026-02-24,Mechanical Keyboard,Georgia,29
2026-02-25,Mechanical Keyboard,Georgia,27
2026-02-26,Mechanical Keyboard,Georgia,27
2026-02-27,Mechanical Keyboard,Georgia,26
2026-02-28,Mechanical Keyboard,Georgia,21
2026-03-01,Mechanical Keyboard,Georgia,20
2026-03-02,Mechanical Keyboard,Georgia,25
2026-03-03,Mechanical Keyboard,Georgia,24
2026-03-04,Mechanical Keyboard,Georgia,25
2026-03-05,Mechanical Keyboard,Georgia,29
2026-03-06,Mechanical Keyboard,Georgia,28
2026-03-07,Mechanical Keyboard,Georgia,21
2026-03-08,Mechanical Keyboard,Georgia,22
2026-03-09,Mechanical Keyboard,Georgia,26
2026-03-10,Mechanical Keyboard,Georgia,33
2026-03-11,Mechanical Keyboard,Georgia,27
2026-03-12,Mechanical Keyboard,Georgia,26
2026-03-13,Mechanical Keyboard,Georgia,29
2026-03-14,Mechanical Keyboard,Georgia,16
2026-03-15,Mechanical Keyboard,Georgia,18
2026-03-16,Mechanical Keyboard,Georgia,31
2026-03-17,Mechanical Keyboard,Georgia,22
2026-03-18,Mechanical Keyboard,Georgia,32
2026-03-19,Mechanical Keyboard,Georgia,33
2026-03-20,Mechanical Keyboard,Georgia,27
2026-03-21,Mechanical Keyboard,Georgia,21
2026-03-22,Mechanical Keyboard,Georgia,23
2026-03-23,Mechanical Keyboard,Georgia,26
2026-03-24,Mechanical Keyboard,Georgia,31
2026-03-25,Mechanical Keyboard,Georgia,26
2026-03-26,Mechanical Keyboard,Georgia,26
2026-03-27,Mechanical Keyboard,Georgia,25
2026-03-28,Mechanical Keyboard,Georgia,21
2026-03-29,Mechanical Keyboard,Georgia,23
2026-03-30,Mechanical Keyboard,Georgia,27
2026-03-31,Mechanical Keyboard,Georgia,24
2026-04-01,Mechanical Keyboard,Georgia,25
2026-04-02,Mechanical Keyboard,Georgia,30
2026-04-03,Mechanical Keyboard,Georgia,34
2026-04-04,Mechanical Keyboard,Georgia,22
2026-04-05,Mechanical Keyboard,Georgia,20
2026-04-06,Mechanical Keyboard,Georgia,31
2026-04-07,Mechanical Keyboard,Georgia,27
2026-04-08,Mechanical Keyboard,Georgia,27
2026-04-09,Mechanical Keyboard,Georgia,25
2026-04-10,Mechanical Keyboard,Georgia,33
2026-04-11,Mechanical Keyboard,Georgia,14
2026-04-12,Mechanical Keyboard,Georgia,23
2026-04-13,Mechanical Keyboard,Georgia,27
2026-04-14,Mechanical Keyboard,Georgia,27
2026-04-15,Mechanical Keyboard,Georgia,34
2026-04-16,Mechanical Keyboard,Georgia,26
2026-04-17,Mechanical Keyboard,Georgia,26
2026-04-18,Mechanical Keyboard,Georgia,20
2026-04-19,Mechanical Keyboard,Georgia,22
2026-04-20,Mechanical Keyboard,Georgia,27
2026-04-21,Mechanical Keyboard,Georgia,23
2026-04-22,Mechanical Keyboard,Georgia,25
2026-04-23,Mechanical Keyboard,Georgia,33
2026-04-24,Mechanical Keyboard,Georgia,28
2026-04-25,Mechanical Keyboard,Georgia,22
2026-04-26,Mechanical Keyboard,Georgia,20
2026-04-27,Mechanical Keyboard,Georgia,26
2026-04-28,Mechanical Keyboard,Georgia,34
2026-04-29,Mechanical Keyboard,Georgia,28
2026-04-30,Mechanical Keyboard,Georgia,27
2026-05-01,Mechanical Keyboard,Georgia,31
2026-05-02,Mechanical Keyboard,Georgia,19
2026-05-03,Mechanical Keyboard,Georgia,19
2026-05-04,Mechanical Keyboard,Georgia,28
2026-05-05,Mechanical Keyboard,Georgia,28
2026-05-06,Mechanical Keyboard,Georgia,29
2026-05-07,Mechanical Keyboard,Georgia,35
2026-05-08,Mechanical Keyboard,Georgia,29
2026-05-09,Mechanical Keyboard,Georgia,15
2026-05-10,Mechanical Keyboard,Georgia,21
2026-05-11,Mechanical Keyboard,Georgia,28
2026-05-12,Mechanical Keyboard,Georgia,28
2026-05-13,Mechanical Keyboard,Georgia,29
2026-05-14,Mechanical Keyboard,Georgia,28
2026-05-15,Mechanical Keyboard,Georgia,28
2026-05-16,Mechanical Keyboard,Georgia,22
2026-05-17,Mechanical Keyboard,Georgia,19
2026-05-18,Mechanical Keyboard,Georgia,25
2026-05-19,Mechanical Keyboard,Georgia,38
2026-05-20,Mechanical Keyboard,Georgia,25
2026-05-21,Mechanical Keyboard,Georgia,28
2026-05-22,Mechanical Keyboard,Georgia,23
2026-05-23,Mechanical Keyboard,Georgia,21
2026-05-24,Mechanical Keyboard,Georgia,18
2026-05-25,Mechanical Keyboard,Georgia,26
2026-05-26,Mechanical Keyboard,Georgia,31
2026-05-27,Mechanical Keyboard,Georgia,29
2026-05-28,Mechanical Keyboard,Georgia,30
2026-05-29,Mechanical Keyboard,Georgia,22
2026-05-30,Mechanical Keyboard,Georgia,25
2026-05-31,Mechanical Keyboard,Georgia,17
2026-06-01,Mechanical Keyboard,Georgia,32
2026-06-02,Mechanical Keyboard,Georgia,30
2026-06-03,Mechanical Keyboard,Georgia,29
2026-06-04,Mechanical Keyboard,Georgia,24
2026-06-05,Mechanical Keyboard,Georgia,27
2026-06-06,Mechanical Keyboard,Georgia,18
2026-06-07,Mechanical Keyboard,Georgia,20
2026-06-08,Mechanical Keyboard,Georgia,26
2026-06-09,Mechanical Keyboard,Georgia,20
2026-06-10,Mechanical Keyboard,Georgia,30
2026-06-11,Mechanical Keyboard,Georgia,26
2026-06-12,Mechanical Keyboard,Georgia,25
2026-06-13,Mechanical Keyboard,Georgia,18
2026-06-14,Mechanical Keyboard,Georgia,20
2026-06-15,Mechanical Keyboard,Georgia,24
2026-06-16,Mechanical Keyboard,Georgia,19
2026-06-17,Mechanical Keyboard,Georgia,28
2026-06-18,Mechanical Keyboard,Georgia,28
2026-06-19,Mechanical Keyboard,Georgia,26
2026-06-20,Mechanical Keyboard,Georgia,17
2026-06-21,Mechanical Keyboard,Georgia,20
2026-06-22,Mechanical Keyboard,Georgia,22
2026-06-23,Mechanical Keyboard,Georgia,23
2026-06-24,Mechanical Keyboard,Georgia,24
2026-06-25,Mechanical Keyboard,Georgia,29
2026-06-26,Mechanical Keyboard,Georgia,26
2026-06-27,Mechanical Keyboard,Georgia,19
2026-06-28,Mechanical Keyboard,Georgia,24
2026-06-29,Mechanical Keyboard,Georgia,28
2026-06-30,Mechanical Keyboard,Georgia,28
2026-07-01,Mechanical Keyboard,Georgia,24
2026-07-02,Mechanical Keyboard,Georgia,23
2026-07-03,Mechanical Keyboard,Georgia,19
2026-07-04,Mechanical Keyboard,Georgia,21
2026-07-05,Mechanical Keyboard,Georgia,19
2026-07-06,Mechanical Keyboard,Georgia,25
2026-07-07,Mechanical Keyboard,Georgia,25
2026-07-08,Mechanical Keyboard,Georgia,27
2026-07-09,Mechanical Keyboard,Georgia,20
2026-07-10,Mechanical Keyboard,Georgia,23
2026-07-11,Mechanical Keyboard,Georgia,16
2026-07-12,Mechanical Keyboard,Georgia,22
2026-07-13,Mechanical Keyboard,Georgia,28
2026-07-14,Mechanical Keyboard,Georgia,19
2026-07-15,Mechanical Keyboard,Georgia,21
2026-07-16,Mechanical Keyboard,Georgia,25
2026-07-17,Mechanical Keyboard,Georgia,24
2026-07-18,Mechanical Keyboard,Georgia,16
2026-07-19,Mechanical Keyboard,Georgia,23
2026-07-20,Mechanical Keyboard,Georgia,26
2026-07-21,Mechanical Keyboard,Georgia,27
2026-07-22,Mechanical Keyboard,Georgia,23
2026-07-23,Mechanical Keyboard,Georgia,27
2026-07-24,Mechanical Keyboard,Georgia,24
2026-07-25,Mechanical Keyboard,Georgia,18
2026-07-26,Mechanical Keyboard,Georgia,20
2026-07-27,Mechanical Keyboard,Georgia,20
2026-07-28,Mechanical Keyboard,Georgia,30
2026-07-29,Mechanical Keyboard,Georgia,26
2026-07-30,Mechanical Keyboard,Georgia,29
2026-07-31,Mechanical Keyboard,Georgia,22
2026-08-01,Mechanical Keyboard,Georgia,15
2026-08-02,Mechanical Keyboard,Georgia,15
2026-08-03,Mechanical Keyboard,Georgia,24
2026-08-04,Mechanical Keyboard,Georgia,24
2026-08-05,Mechanical Keyboard,Georgia,22
2026-08-06,Mechanical Keyboard,Georgia,21
2026-08-07,Mechanical Keyboard,Georgia,20
2026-08-08,Mechanical Keyboard,Georgia,17
2026-08-09,Mechanical Keyboard,Georgia,16
2026-08-10,Mechanical Keyboard,Georgia,22
2026-08-11,Mechanical Keyboard,Georgia,28
2026-08-12,Mechanical Keyboard,Georgia,23
2026-08-13,Mechanical Keyboard,Georgia,27
2026-08-14,Mechanical Keyboard,Georgia,22
2026-08-15,Mechanical Keyboard,Georgia,18
2026-08-16,Mechanical Keyboard,Georgia,17
2026-08-17,Mechanical Keyboard,Georgia,19
2026-08-18,Mechanical Keyboard,Georgia,28
2026-08-19,Mechanical Keyboard,Georgia,23
2026-08-20,Mechanical Keyboard,Georgia,26
2026-08-21,Mechanical Keyboard,Georgia,22
2026-08-22,Mechanical Keyboard,Georgia,17
2026-08-23,Mechanical Keyboard,Georgia,16
2026-08-24,Mechanical Keyboard,Georgia,27
2026-08-25,Mechanical Keyboard,Georgia,25
2026-08-26,Mechanical Keyboard,Georgia,25
2026-08-27,Mechanical Keyboard,Georgia,28
2026-08-28,Mechanical Keyboard,Georgia,27
2026-08-29,Mechanical Keyboard,Georgia,19
2026-08-30,Mechanical Keyboard,Georgia,14
2026-08-31,Mechanical Keyboard,Georgia,22
2026-09-01,Mechanical Keyboard,Georgia,20
2026-09-02,Mechanical Keyboard,Georgia,25
2026-09-03,Mechanical Keyboard,Georgia,23
2026-09-04,Mechanical Keyboard,Georgia,19
2026-09-05,Mechanical Keyboard,Georgia,16
2026-09-06,Mechanical Keyboard,Georgia,14
2026-09-07,Mechanical Keyboard,Georgia,22
2026-09-08,Mechanical Keyboard,Georgia,18
2026-09-09,Mechanical Keyboard,Georgia,24
2026-09-10,Mechanical Keyboard,Georgia,24
2026-09-11,Mechanical Keyboard,Georgia,28
2026-09-12,Mechanical Keyboard,Georgia,18
2026-09-13,Mechanical Keyboard,Georgia,16
2026-09-14,Mechanical Keyboard,Georgia,25
2026-09-15,Mechanical Keyboard,Georgia,19
2026-09-16,Mechanical Keyboard,Georgia,20
2026-09-17,Mechanical Keyboard,Georgia,23
2026-09-18,Mechanical Keyboard,Georgia,17
2026-09-19,Mechanical Keyboard,Georgia,16
2026-09-20,Mechanical Keyboard,Georgia,15
2026-09-21,Mechanical Keyboard,Georgia,23
2026-09-22,Mechanical Keyboard,Georgia,20
2026-09-23,Mechanical Keyboard,Georgia,24
2026-09-24,Mechanical Keyboard,Georgia,23
2026-09-25,Mechanical Keyboard,Georgia,26
2026-09-26,Mechanical Keyboard,Georgia,17
2026-09-27,Mechanical Keyboard,Georgia,15
2026-09-28,Mechanical Keyboard,Georgia,22
2025-01-01,Mechanical Keyboard,Texas,25
2025-01-02,Mechanical Keyboard,Texas,31
2025-01-03,Mechanical Keyboard,Texas,31
2025-01-04,Mechanical Keyboard,Texas,28
2025-01-05,Mechanical Keyboard,Texas,20
2025-01-06,Mechanical Keyboard,Texas,28
2025-01-07,Mechanical Keyboard,Texas,27
2025-01-08,Mechanical Keyboard,Texas,30
2025-01-09,Mechanical Keyboard,Texas,31
2025-01-10,Mechanical Keyboard,Texas,29
2025-01-11,Mechanical Keyboard,Texas,24
2025-01-12,Mechanical Keyboard,Texas,20
2025-01-13,Mechanical Keyboard,Texas,33
2025-01-14,Mechanical Keyboard,Texas,31
2025-01-15,Mechanical Keyboard,Texas,29
2025-01-16,Mechanical Keyboard,Texas,28
2025-01-17,Mechanical Keyboard,Texas,38
2025-01-18,Mechanical Keyboard,Texas,19
2025-01-19,Mechanical Keyboard,Texas,22
2025-01-20,Mechanical Keyboard,Texas,27
2025-01-21,Mechanical Keyboard,Texas,36
2025-01-22,Mechanical Keyboard,Texas,33
2025-01-23,Mechanical Keyboard,Texas,27
2025-01-24,Mechanical Keyboard,Texas,31
2025-01-25,Mechanical Keyboard,Texas,22
2025-01-26,Mechanical Keyboard,Texas,20
2025-01-27,Mechanical Keyboard,Texas,32
2025-01-28,Mechanical Keyboard,Texas,31
2025-01-29,Mechanical Keyboard,Texas,30
2025-01-30,Mechanical Keyboard,Texas,29
2025-01-31,Mechanical Keyboard,Texas,31
2025-02-01,Mechanical Keyboard,Texas,23
2025-02-02,Mechanical Keyboard,Texas,23
2025-02-03,Mechanical Keyboard,Texas,29
2025-02-04,Mechanical Keyboard,Texas,37
2025-02-05,Mechanical Keyboard,Texas,27
2025-02-06,Mechanical Keyboard,Texas,33
2025-02-07,Mechanical Keyboard,Texas,30
2025-02-08,Mechanical Keyboard,Texas,28
2025-02-09,Mechanical Keyboard,Texas,20
2025-02-10,Mechanical Keyboard,Texas,28
2025-02-11,Mechanical Keyboard,Texas,28
2025-02-12,Mechanical Keyboard,Texas,32
2025-02-13,Mechanical Keyboard,Texas,26
2025-02-14,Mechanical Keyboard,Texas,29
2025-02-15,Mechanical Keyboard,Texas,17
2025-02-16,Mechanical Keyboard,Texas,23
2025-02-17,Mechanical Keyboard,Texas,29
2025-02-18,Mechanical Keyboard,Texas,26
2025-02-19,Mechanical Keyboard,Texas,35
2025-02-20,Mechanical Keyboard,Texas,26
2025-02-21,Mechanical Keyboard,Texas,34
2025-02-22,Mechanical Keyboard,Texas,21
2025-02-23,Mechanical Keyboard,Texas,27
2025-02-24,Mechanical Keyboard,Texas,34
2025-02-25,Mechanical Keyboard,Texas,27
2025-02-26,Mechanical Keyboard,Texas,28
2025-02-27,Mechanical Keyboard,Texas,33
2025-02-28,Mechanical Keyboard,Texas,30
2025-03-01,Mechanical Keyboard,Texas,23
2025-03-02,Mechanical Keyboard,Texas,27
2025-03-03,Mechanical Keyboard,Texas,30
2025-03-04,Mechanical Keyboard,Texas,33
2025-03-05,Mechanical Keyboard,Texas,36
2025-03-06,Mechanical Keyboard,Texas,36
2025-03-07,Mechanical Keyboard,Texas,32
2025-03-08,Mechanical Keyboard,Texas,23
2025-03-09,Mechanical Keyboard,Texas,19
2025-03-10,Mechanical Keyboard,Texas,28
2025-03-11,Mechanical Keyboard,Texas,34
2025-03-12,Mechanical Keyboard,Texas,32
2025-03-13,Mechanical Keyboard,Texas,33
2025-03-14,Mechanical Keyboard,Texas,37
2025-03-15,Mechanical Keyboard,Texas,20
2025-03-16,Mechanical Keyboard,Texas,23
2025-03-17,Mechanical Keyboard,Texas,33
2025-03-18,Mechanical Keyboard,Texas,30
2025-03-19,Mechanical Keyboard,Texas,38
2025-03-20,Mechanical Keyboard,Texas,36
2025-03-21,Mechanical Keyboard,Texas,34
2025-03-22,Mechanical Keyboard,Texas,29
2025-03-23,Mechanical Keyboard,Texas,19
2025-03-24,Mechanical Keyboard,Texas,32
2025-03-25,Mechanical Keyboard,Texas,34
2025-03-26,Mechanical Keyboard,Texas,29
2025-03-27,Mechanical Keyboard,Texas,34
2025-03-28,Mechanical Keyboard,Texas,28
2025-03-29,Mechanical Keyboard,Texas,26
2025-03-30,Mechanical Keyboard,Texas,27
2025-03-31,Mechanical Keyboard,Texas,34
2025-04-01,Mechanical Keyboard,Texas,26
2025-04-02,Mechanical Keyboard,Texas,29
2025-04-03,Mechanical Keyboard,Texas,35
2025-04-04,Mechanical Keyboard,Texas,33
2025-04-05,Mechanical Keyboard,Texas,16
2025-04-06,Mechanical Keyboard,Texas,28
2025-04-07,Mechanical Keyboard,Texas,33
2025-04-08,Mechanical Keyboard,Texas,30
2025-04-09,Mechanical Keyboard,Texas,37
2025-04-10,Mechanical Keyboard,Texas,30
2025-04-11,Mechanical Keyboard,Texas,30
2025-04-12,Mechanical Keyboard,Texas,25
2025-04-13,Mechanical Keyboard,Texas,29
2025-04-14,Mechanical Keyboard,Texas,39
2025-04-15,Mechanical Keyboard,Texas,34
2025-04-16,Mechanical Keyboard,Texas,35
2025-04-17,Mechanical Keyboard,Texas,36
2025-04-18,Mechanical Keyboard,Texas,28
2025-04-19,Mechanical Keyboard,Texas,26
2025-04-20,Mechanical Keyboard,Texas,22
2025-04-21,Mechanical Keyboard,Texas,34
2025-04-22,Mechanical Keyboard,Texas,32
2025-04-23,Mechanical Keyboard,Texas,35
2025-04-24,Mechanical Keyboard,Texas,33
2025-04-25,Mechanical Keyboard,Texas,21
2025-04-26,Mechanical Keyboard,Texas,25
2025-04-27,Mechanical Keyboard,Texas,26
2025-04-28,Mechanical Keyboard,Texas,35
2025-04-29,Mechanical Keyboard,Texas,33
2025-04-30,Mechanical Keyboard,Texas,39
2025-05-01,Mechanical Keyboard,Texas,34
2025-05-02,Mechanical Keyboard,Texas,34
2025-05-03,Mechanical Keyboard,Texas,27
2025-05-04,Mechanical Keyboard,Texas,25
2025-05-05,Mechanical Keyboard,Texas,29
2025-05-06,Mechanical Keyboard,Texas,23
2025-05-07,Mechanical Keyboard,Texas,31
2025-05-08,Mechanical Keyboard,Texas,35
2025-05-09,Mechanical Keyboard,Texas,31
2025-05-10,Mechanical Keyboard,Texas,26
2025-05-11,Mechanical Keyboard,Texas,24
2025-05-12,Mechanical Keyboard,Texas,37
2025-05-13,Mechanical Keyboard,Texas,31
2025-05-14,Mechanical Keyboard,Texas,34
2025-05-15,Mechanical Keyboard,Texas,34
2025-05-16,Mechanical Keyboard,Texas,38
2025-05-17,Mechanical Keyboard,Texas,19
2025-05-18,Mechanical Keyboard,Texas,22
2025-05-19,Mechanical Keyboard,Texas,36
2025-05-20,Mechanical Keyboard,Texas,38
2025-05-21,Mechanical Keyboard,Texas,33
2025-05-22,Mechanical Keyboard,Texas,31
2025-05-23,Mechanical Keyboard,Texas,35
2025-05-24,Mechanical Keyboard,Texas,26
2025-05-25,Mechanical Keyboard,Texas,23
2025-05-26,Mechanical Keyboard,Texas,34
2025-05-27,Mechanical Keyboard,Texas,37
2025-05-28,Mechanical Keyboard,Texas,40
2025-05-29,Mechanical Keyboard,Texas,35
2025-05-30,Mechanical Keyboard,Texas,33
2025-05-31,Mechanical Keyboard,Texas,24
2025-06-01,Mechanical Keyboard,Texas,24
2025-06-02,Mechanical Keyboard,Texas,31
2025-06-03,Mechanical Keyboard,Texas,32
2025-06-04,Mechanical Keyboard,Texas,27
2025-06-05,Mechanical Keyboard,Texas,36
2025-06-06,Mechanical Keyboard,Texas,27
2025-06-07,Mechanical Keyboard,Texas,22
2025-06-08,Mechanical Keyboard,Texas,23
2025-06-09,Mechanical Keyboard,Texas,39
2025-06-10,Mechanical Keyboard,Texas,30
2025-06-11,Mechanical Keyboard,Texas,29
2025-06-12,Mechanical Keyboard,Texas,29
2025-06-13,Mechanical Keyboard,Texas,37
2025-06-14,Mechanical Keyboard,Texas,15
2025-06-15,Mechanical Keyboard,Texas,20
2025-06-16,Mechanical Keyboard,Texas,41
2025-06-17,Mechanical Keyboard,Texas,33
2025-06-18,Mechanical Keyboard,Texas,27
2025-06-19,Mechanical Keyboard,Texas,31
2025-06-20,Mechanical Keyboard,Texas,31
2025-06-21,Mechanical Keyboard,Texas,25
2025-06-22,Mechanical Keyboard,Texas,28
2025-06-23,Mechanical Keyboard,Texas,33
2025-06-24,Mechanical Keyboard,Texas,29
2025-06-25,Mechanical Keyboard,Texas,34
2025-06-26,Mechanical Keyboard,Texas,29
2025-06-27,Mechanical Keyboard,Texas,27
2025-06-28,Mechanical Keyboard,Texas,18
2025-06-29,Mechanical Keyboard,Texas,19
2025-06-30,Mechanical Keyboard,Texas,28
2025-07-01,Mechanical Keyboard,Texas,25
2025-07-02,Mechanical Keyboard,Texas,31
2025-07-03,Mechanical Keyboard,Texas,25
2025-07-04,Mechanical Keyboard,Texas,18
2025-07-05,Mechanical Keyboard,Texas,19
2025-07-06,Mechanical Keyboard,Texas,20
2025-07-07,Mechanical Keyboard,Texas,27
2025-07-08,Mechanical Keyboard,Texas,35
2025-07-09,Mechanical Keyboard,Texas,27
2025-07-10,Mechanical Keyboard,Texas,33
2025-07-11,Mechanical Keyboard,Texas,29
2025-07-12,Mechanical Keyboard,Texas,21
2025-07-13,Mechanical Keyboard,Texas,19
2025-07-14,Mechanical Keyboard,Texas,29
2025-07-15,Mechanical Keyboard,Texas,27
2025-07-16,Mechanical Keyboard,Texas,30
2025-07-17,Mechanical Keyboard,Texas,29
2025-07-18,Mechanical Keyboard,Texas,26
2025-07-19,Mechanical Keyboard,Texas,24
2025-07-20,Mechanical Keyboard,Texas,23
2025-07-21,Mechanical Keyboard,Texas,28
2025-07-22,Mechanical Keyboard,Texas,30
2025-07-23,Mechanical Keyboard,Texas,29
2025-07-24,Mechanical Keyboard,Texas,26
2025-07-25,Mechanical Keyboard,Texas,30
2025-07-26,Mechanical Keyboard,Texas,20
2025-07-27,Mechanical Keyboard,Texas,19
2025-07-28,Mechanical Keyboard,Texas,24
2025-07-29,Mechanical Keyboard,Texas,28
2025-07-30,Mechanical Keyboard,Texas,31
2025-07-31,Mechanical Keyboard,Texas,27
2025-08-01,Mechanical Keyboard,Texas,36
2025-08-02,Mechanical Keyboard,Texas,22
2025-08-03,Mechanical Keyboard,Texas,23
2025-08-04,Mechanical Keyboard,Texas,30
2025-08-05,Mechanical Keyboard,Texas,34
2025-08-06,Mechanical Keyboard,Texas,25
2025-08-07,Mechanical Keyboard,Texas,19
2025-08-08,Mechanical Keyboard,Texas,26
2025-08-09,Mechanical Keyboard,Texas,22
2025-08-10,Mechanical Keyboard,Texas,21
2025-08-11,Mechanical Keyboard,Texas,29
2025-08-12,Mechanical Keyboard,Texas,32
2025-08-13,Mechanical Keyboard,Texas,29
2025-08-14,Mechanical Keyboard,Texas,30
2025-08-15,Mechanical Keyboard,Texas,25
2025-08-16,Mechanical Keyboard,Texas,18
2025-08-17,Mechanical Keyboard,Texas,24
2025-08-18,Mechanical Keyboard,Texas,28
2025-08-19,Mechanical Keyboard,Texas,26
2025-08-20,Mechanical Keyboard,Texas,26
2025-08-21,Mechanical Keyboard,Texas,25
2025-08-22,Mechanical Keyboard,Texas,25
2025-08-23,Mechanical Keyboard,Texas,17
2025-08-24,Mechanical Keyboard,Texas,17
2025-08-25,Mechanical Keyboard,Texas,27
2025-08-26,Mechanical Keyboard,Texas,26
2025-08-27,Mechanical Keyboard,Texas,31
2025-08-28,Mechanical Keyboard,Texas,29
2025-08-29,Mechanical Keyboard,Texas,29
2025-08-30,Mechanical Keyboard,Texas,18
2025-08-31,Mechanical Keyboard,Texas,20
2025-09-01,Mechanical Keyboard,Texas,27
2025-09-02,Mechanical Keyboard,Texas,29
2025-09-03,Mechanical Keyboard,Texas,26
2025-09-04,Mechanical Keyboard,Texas,30
2025-09-05,Mechanical Keyboard,Texas,26
2025-09-06,Mechanical Keyboard,Texas,21
2025-09-07,Mechanical Keyboard,Texas,18
2025-09-08,Mechanical Keyboard,Texas,21
2025-09-09,Mechanical Keyboard,Texas,27
2025-09-10,Mechanical Keyboard,Texas,29
2025-09-11,Mechanical Keyboard,Texas,28
2025-09-12,Mechanical Keyboard,Texas,28
2025-09-13,Mechanical Keyboard,Texas,18
2025-09-14,Mechanical Keyboard,Texas,17
2025-09-15,Mechanical Keyboard,Texas,28
2025-09-16,Mechanical Keyboard,Texas,28
2025-09-17,Mechanical Keyboard,Texas,25
2025-09-18,Mechanical Keyboard,Texas,30
2025-09-19,Mechanical Keyboard,Texas,24
2025-09-20,Mechanical Keyboard,Texas,18
2025-09-21,Mechanical Keyboard,Texas,23
2025-09-22,Mechanical Keyboard,Texas,29
2025-09-23,Mechanical Keyboard,Texas,25
2025-09-24,Mechanical Keyboard,Texas,27
2025-09-25,Mechanical Keyboard,Texas,27
2025-09-26,Mechanical Keyboard,Texas,18
2025-09-27,Mechanical Keyboard,Texas,17
2025-09-28,Mechanical Keyboard,Texas,19
2025-09-29,Mechanical Keyboard,Texas,25
2025-09-30,Mechanical Keyboard,Texas,27
2025-10-01,Mechanical Keyboard,Texas,29
2025-10-02,Mechanical Keyboard,Texas,25
2025-10-03,Mechanical Keyboard,Texas,23
2025-10-04,Mechanical Keyboard,Texas,20
2025-10-05,Mechanical Keyboard,Texas,18
2025-10-06,Mechanical Keyboard,Texas,25
2025-10-07,Mechanical Keyboard,Texas,25
2025-10-08,Mechanical Keyboard,Texas,33
2025-10-09,Mechanical Keyboard,Texas,19
2025-10-10,Mechanical Keyboard,Texas,25
2025-10-11,Mechanical Keyboard,Texas,19
2025-10-12,Mechanical Keyboard,Texas,17
2025-10-13,Mechanical Keyboard,Texas,29
2025-10-14,Mechanical Keyboard,Texas,28
2025-10-15,Mechanical Keyboard,Texas,26
2025-10-16,Mechanical Keyboard,Texas,25
2025-10-17,Mechanical Keyboard,Texas,26
2025-10-18,Mechanical Keyboard,Texas,19
2025-10-19,Mechanical Keyboard,Texas,19
2025-10-20,Mechanical Keyboard,Texas,25
2025-10-21,Mechanical Keyboard,Texas,27
2025-10-22,Mechanical Keyboard,Texas,28
2025-10-23,Mechanical Keyboard,Texas,22
2025-10-24,Mechanical Keyboard,Texas,23
2025-10-25,Mechanical Keyboard,Texas,15
2025-10-26,Mechanical Keyboard,Texas,21
2025-10-27,Mechanical Keyboard,Texas,27
2025-10-28,Mechanical Keyboard,Texas,27
2025-10-29,Mechanical Keyboard,Texas,21
2025-10-30,Mechanical Keyboard,Texas,31
2025-10-31,Mechanical Keyboard,Texas,24
2025-11-01,Mechanical Keyboard,Texas,23
2025-11-02,Mechanical Keyboard,Texas,25
2025-11-03,Mechanical Keyboard,Texas,27
2025-11-04,Mechanical Keyboard,Texas,29
2025-11-05,Mechanical Keyboard,Texas,32
2025-11-06,Mechanical Keyboard,Texas,42
2025-11-07,Mechanical Keyboard,Texas,32
2025-11-08,Mechanical Keyboard,Texas,27
2025-11-09,Mechanical Keyboard,Texas,26
2025-11-10,Mechanical Keyboard,Texas,32
2025-11-11,Mechanical Keyboard,Texas,27
2025-11-12,Mechanical Keyboard,Texas,35
2025-11-13,Mechanical Keyboard,Texas,25
2025-11-14,Mechanical Keyboard,Texas,37
2025-11-15,Mechanical Keyboard,Texas,23
2025-11-16,Mechanical Keyboard,Texas,16
2025-11-17,Mechanical Keyboard,Texas,30
2025-11-18,Mechanical Keyboard,Texas,34
2025-11-19,Mechanical Keyboard,Texas,30
2025-11-20,Mechanical Keyboard,Texas,34
2025-11-21,Mechanical Keyboard,Texas,28
2025-11-22,Mechanical Keyboard,Texas,19
2025-11-23,Mechanical Keyboard,Texas,23
2025-11-24,Mechanical Keyboard,Texas,31
2025-11-25,Mechanical Keyboard,Texas,30
2025-11-26,Mechanical Keyboard,Texas,36
2025-11-27,Mechanical Keyboard,Texas,28
2025-11-28,Mechanical Keyboard,Texas,32
2025-11-29,Mechanical Keyboard,Texas,23
2025-11-30,Mechanical Keyboard,Texas,19
2025-12-01,Mechanical Keyboard,Texas,27
2025-12-02,Mechanical Keyboard,Texas,33
2025-12-03,Mechanical Keyboard,Texas,40
2025-12-04,Mechanical Keyboard,Texas,35
2025-12-05,Mechanical Keyboard,Texas,26
2025-12-06,Mechanical Keyboard,Texas,15
2025-12-07,Mechanical Keyboard,Texas,26
2025-12-08,Mechanical Keyboard,Texas,32
2025-12-09,Mechanical Keyboard,Texas,37
2025-12-10,Mechanical Keyboard,Texas,29
2025-12-11,Mechanical Keyboard,Texas,34
2025-12-12,Mechanical Keyboard,Texas,36
2025-12-13,Mechanical Keyboard,Texas,23
2025-12-14,Mechanical Keyboard,Texas,23
2025-12-15,Mechanical Keyboard,Texas,33
2025-12-16,Mechanical Keyboard,Texas,35
2025-12-17,Mechanical Keyboard,Texas,33
2025-12-18,Mechanical Keyboard,Texas,36
2025-12-19,Mechanical Keyboard,Texas,31
2025-12-20,Mechanical Keyboard,Texas,20
2025-12-21,Mechanical Keyboard,Texas,30
2025-12-22,Mechanical Keyboard,Texas,30
2025-12-23,Mechanical Keyboard,Texas,30
2025-12-24,Mechanical Keyboard,Texas,32
2025-12-25,Mechanical Keyboard,Texas,33
2025-12-26,Mechanical Keyboard,Texas,31
2025-12-27,Mechanical Keyboard,Texas,24
2025-12-28,Mechanical Keyboard,Texas,24
2025-12-29,Mechanical Keyboard,Texas,33
2025-12-30,Mechanical Keyboard,Texas,23
2025-12-31,Mechanical Keyboard,Texas,40
2026-01-01,Mechanical Keyboard,Texas,29
2026-01-02,Mechanical Keyboard,Texas,31
2026-01-03,Mechanical Keyboard,Texas,18
2026-01-04,Mechanical Keyboard,Texas,20
2026-01-05,Mechanical Keyboard,Texas,27
2026-01-06,Mechanical Keyboard,Texas,35
2026-01-07,Mechanical Keyboard,Texas,27
2026-01-08,Mechanical Keyboard,Texas,32
2026-01-09,Mechanical Keyboard,Texas,27
2026-01-10,Mechanical Keyboard,Texas,20
2026-01-11,Mechanical Keyboard,Texas,21
2026-01-12,Mechanical Keyboard,Texas,34
2026-01-13,Mechanical Keyboard,Texas,23
2026-01-14,Mechanical Keyboard,Texas,25
2026-01-15,Mechanical Keyboard,Texas,23
2026-01-16,Mechanical Keyboard,Texas,26
2026-01-17,Mechanical Keyboard,Texas,19
2026-01-18,Mechanical Keyboard,Texas,17
2026-01-19,Mechanical Keyboard,Texas,27
2026-01-20,Mechanical Keyboard,Texas,22
2026-01-21,Mechanical Keyboard,Texas,26
2026-01-22,Mechanical Keyboard,Texas,34
2026-01-23,Mechanical Keyboard,Texas,31
2026-01-24,Mechanical Keyboard,Texas,22
2026-01-25,Mechanical Keyboard,Texas,19
2026-01-26,Mechanical Keyboard,Texas,24
2026-01-27,Mechanical Keyboard,Texas,25
2026-01-28,Mechanical Keyboard,Texas,29
2026-01-29,Mechanical Keyboard,Texas,32
2026-01-30,Mechanical Keyboard,Texas,33
2026-01-31,Mechanical Keyboard,Texas,23
2026-02-01,Mechanical Keyboard,Texas,21
2026-02-02,Mechanical Keyboard,Texas,31
2026-02-03,Mechanical Keyboard,Texas,30
2026-02-04,Mechanical Keyboard,Texas,30
2026-02-05,Mechanical Keyboard,Texas,39
2026-02-06,Mechanical Keyboard,Texas,25
2026-02-07,Mechanical Keyboard,Texas,22
2026-02-08,Mechanical Keyboard,Texas,26
2026-02-09,Mechanical Keyboard,Texas,26
2026-02-10,Mechanical Keyboard,Texas,29
2026-02-11,Mechanical Keyboard,Texas,29
2026-02-12,Mechanical Keyboard,Texas,30
2026-02-13,Mechanical Keyboard,Texas,25
2026-02-14,Mechanical Keyboard,Texas,24
2026-02-15,Mechanical Keyboard,Texas,25
2026-02-16,Mechanical Keyboard,Texas,33
2026-02-17,Mechanical Keyboard,Texas,28
2026-02-18,Mechanical Keyboard,Texas,31
2026-02-19,Mechanical Keyboard,Texas,28
2026-02-20,Mechanical Keyboard,Texas,30
2026-02-21,Mechanical Keyboard,Texas,29
2026-02-22,Mechanical Keyboard,Texas,23
2026-02-23,Mechanical Keyboard,Texas,27
2026-02-24,Mechanical Keyboard,Texas,32
2026-02-25,Mechanical Keyboard,Texas,26
2026-02-26,Mechanical Keyboard,Texas,27
2026-02-27,Mechanical Keyboard,Texas,27
2026-02-28,Mechanical Keyboard,Texas,22
2026-03-01,Mechanical Keyboard,Texas,26
2026-03-02,Mechanical Keyboard,Texas,35
2026-03-03,Mechanical Keyboard,Texas,34
2026-03-04,Mechanical Keyboard,Texas,28
2026-03-05,Mechanical Keyboard,Texas,30
2026-03-06,Mechanical Keyboard,Texas,34
2026-03-07,Mechanical Keyboard,Texas,22
2026-03-08,Mechanical Keyboard,Texas,23
2026-03-09,Mechanical Keyboard,Texas,34
2026-03-10,Mechanical Keyboard,Texas,31
2026-03-11,Mechanical Keyboard,Texas,33
2026-03-12,Mechanical Keyboard,Texas,39
2026-03-13,Mechanical Keyboard,Texas,32
2026-03-14,Mechanical Keyboard,Texas,27
2026-03-15,Mechanical Keyboard,Texas,25
2026-03-16,Mechanical Keyboard,Texas,27
2026-03-17,Mechanical Keyboard,Texas,28
2026-03-18,Mechanical Keyboard,Texas,29
2026-03-19,Mechanical Keyboard,Texas,29
2026-03-20,Mechanical Keyboard,Texas,32
2026-03-21,Mechanical Keyboard,Texas,26
2026-03-22,Mechanical Keyboard,Texas,27
2026-03-23,Mechanical Keyboard,Texas,34
2026-03-24,Mechanical Keyboard,Texas,31
2026-03-25,Mechanical Keyboard,Texas,24
2026-03-26,Mechanical Keyboard,Texas,33
2026-03-27,Mechanical Keyboard,Texas,33
2026-03-28,Mechanical Keyboard,Texas,24
2026-03-29,Mechanical Keyboard,Texas,30
2026-03-30,Mechanical Keyboard,Texas,37
2026-03-31,Mechanical Keyboard,Texas,36
2026-04-01,Mechanical Keyboard,Texas,29
2026-04-02,Mechanical Keyboard,Texas,31
2026-04-03,Mechanical Keyboard,Texas,33
2026-04-04,Mechanical Keyboard,Texas,22
2026-04-05,Mechanical Keyboard,Texas,26
2026-04-06,Mechanical Keyboard,Texas,34
2026-04-07,Mechanical Keyboard,Texas,29
2026-04-08,Mechanical Keyboard,Texas,38
2026-04-09,Mechanical Keyboard,Texas,33
2026-04-10,Mechanical Keyboard,Texas,26
2026-04-11,Mechanical Keyboard,Texas,24
2026-04-12,Mechanical Keyboard,Texas,25
2026-04-13,Mechanical Keyboard,Texas,37
2026-04-14,Mechanical Keyboard,Texas,32
2026-04-15,Mechanical Keyboard,Texas,36
2026-04-16,Mechanical Keyboard,Texas,34
2026-04-17,Mechanical Keyboard,Texas,28
2026-04-18,Mechanical Keyboard,Texas,20
2026-04-19,Mechanical Keyboard,Texas,27
2026-04-20,Mechanical Keyboard,Texas,38
2026-04-21,Mechanical Keyboard,Texas,34
2026-04-22,Mechanical Keyboard,Texas,39
2026-04-23,Mechanical Keyboard,Texas,37
2026-04-24,Mechanical Keyboard,Texas,36
2026-04-25,Mechanical Keyboard,Texas,21
2026-04-26,Mechanical Keyboard,Texas,29
2026-04-27,Mechanical Keyboard,Texas,35
2026-04-28,Mechanical Keyboard,Texas,31
2026-04-29,Mechanical Keyboard,Texas,30
2026-04-30,Mechanical Keyboard,Texas,34
2026-05-01,Mechanical Keyboard,Texas,26
2026-05-02,Mechanical Keyboard,Texas,26
2026-05-03,Mechanical Keyboard,Texas,21
2026-05-04,Mechanical Keyboard,Texas,34
2026-05-05,Mechanical Keyboard,Texas,30
2026-05-06,Mechanical Keyboard,Texas,31
2026-05-07,Mechanical Keyboard,Texas,30
2026-05-08,Mechanical Keyboard,Texas,32
2026-05-09,Mechanical Keyboard,Texas,29
2026-05-10,Mechanical Keyboard,Texas,28
2026-05-11,Mechanical Keyboard,Texas,34
2026-05-12,Mechanical Keyboard,Texas,32
2026-05-13,Mechanical Keyboard,Texas,36
2026-05-14,Mechanical Keyboard,Texas,37
2026-05-15,Mechanical Keyboard,Texas,29
2026-05-16,Mechanical Keyboard,Texas,24
2026-05-17,Mechanical Keyboard,Texas,19
2026-05-18,Mechanical Keyboard,Texas,37
2026-05-19,Mechanical Keyboard,Texas,40
2026-05-20,Mechanical Keyboard,Texas,33
2026-05-21,Mechanical Keyboard,Texas,24
2026-05-22,Mechanical Keyboard,Texas,35
2026-05-23,Mechanical Keyboard,Texas,21
2026-05-24,Mechanical Keyboard,Texas,22
2026-05-25,Mechanical Keyboard,Texas,35
2026-05-26,Mechanical Keyboard,Texas,33
2026-05-27,Mechanical Keyboard,Texas,31
2026-05-28,Mechanical Keyboard,Texas,30
2026-05-29,Mechanical Keyboard,Texas,33
2026-05-30,Mechanical Keyboard,Texas,23
2026-05-31,Mechanical Keyboard,Texas,21
2026-06-01,Mechanical Keyboard,Texas,30
2026-06-02,Mechanical Keyboard,Texas,32
2026-06-03,Mechanical Keyboard,Texas,30
2026-06-04,Mechanical Keyboard,Texas,26
2026-06-05,Mechanical Keyboard,Texas,35
2026-06-06,Mechanical Keyboard,Texas,15
2026-06-07,Mechanical Keyboard,Texas,22
2026-06-08,Mechanical Keyboard,Texas,29
2026-06-09,Mechanical Keyboard,Texas,32
2026-06-10,Mechanical Keyboard,Texas,33
2026-06-11,Mechanical Keyboard,Texas,35
2026-06-12,Mechanical Keyboard,Texas,28
2026-06-13,Mechanical Keyboard,Texas,24
2026-06-14,Mechanical Keyboard,Texas,23
2026-06-15,Mechanical Keyboard,Texas,25
2026-06-16,Mechanical Keyboard,Texas,38
2026-06-17,Mechanical Keyboard,Texas,26
2026-06-18,Mechanical Keyboard,Texas,33
2026-06-19,Mechanical Keyboard,Texas,33
2026-06-20,Mechanical Keyboard,Texas,24
2026-06-21,Mechanical Keyboard,Texas,21
2026-06-22,Mechanical Keyboard,Texas,34
2026-06-23,Mechanical Keyboard,Texas,25
2026-06-24,Mechanical Keyboard,Texas,31
2026-06-25,Mechanical Keyboard,Texas,29
2026-06-26,Mechanical Keyboard,Texas,29
2026-06-27,Mechanical Keyboard,Texas,24
2026-06-28,Mechanical Keyboard,Texas,26
2026-06-29,Mechanical Keyboard,Texas,30
2026-06-30,Mechanical Keyboard,Texas,34
2026-07-01,Mechanical Keyboard,Texas,30
2026-07-02,Mechanical Keyboard,Texas,26
2026-07-03,Mechanical Keyboard,Texas,28
2026-07-04,Mechanical Keyboard,Texas,21
2026-07-05,Mechanical Keyboard,Texas,20
2026-07-06,Mechanical Keyboard,Texas,31
2026-07-07,Mechanical Keyboard,Texas,30
2026-07-08,Mechanical Keyboard,Texas,24
2026-07-09,Mechanical Keyboard,Texas,24
2026-07-10,Mechanical Keyboard,Texas,31
2026-07-11,Mechanical Keyboard,Texas,19
2026-07-12,Mechanical Keyboard,Texas,22
2026-07-13,Mechanical Keyboard,Texas,32
2026-07-14,Mechanical Keyboard,Texas,25
2026-07-15,Mechanical Keyboard,Texas,24
2026-07-16,Mechanical Keyboard,Texas,35
2026-07-17,Mechanical Keyboard,Texas,31
2026-07-18,Mechanical Keyboard,Texas,20
2026-07-19,Mechanical Keyboard,Texas,19
2026-07-20,Mechanical Keyboard,Texas,28
2026-07-21,Mechanical Keyboard,Texas,25
2026-07-22,Mechanical Keyboard,Texas,33
2026-07-23,Mechanical Keyboard,Texas,27
2026-07-24,Mechanical Keyboard,Texas,33
2026-07-25,Mechanical Keyboard,Texas,20
2026-07-26,Mechanical Keyboard,Texas,19
2026-07-27,Mechanical Keyboard,Texas,28
2026-07-28,Mechanical Keyboard,Texas,20
2026-07-29,Mechanical Keyboard,Texas,29
2026-07-30,Mechanical Keyboard,Texas,29
2026-07-31,Mechanical Keyboard,Texas,32
2026-08-01,Mechanical Keyboard,Texas,16
2026-08-02,Mechanical Keyboard,Texas,23
2026-08-03,Mechanical Keyboard,Texas,30
2026-08-04,Mechanical Keyboard,Texas,32
2026-08-05,Mechanical Keyboard,Texas,27
2026-08-06,Mechanical Keyboard,Texas,31
2026-08-07,Mechanical Keyboard,Texas,23
2026-08-08,Mechanical Keyboard,Texas,22
2026-08-09,Mechanical Keyboard,Texas,18
2026-08-10,Mechanical Keyboard,Texas,22
2026-08-11,Mechanical Keyboard,Texas,24
2026-08-12,Mechanical Keyboard,Texas,28
2026-08-13,Mechanical Keyboard,Texas,25
2026-08-14,Mechanical Keyboard,Texas,29
2026-08-15,Mechanical Keyboard,Texas,16
2026-08-16,Mechanical Keyboard,Texas,15
2026-08-17,Mechanical Keyboard,Texas,32
2026-08-18,Mechanical Keyboard,Texas,31
2026-08-19,Mechanical Keyboard,Texas,24
2026-08-20,Mechanical Keyboard,Texas,28
2026-08-21,Mechanical Keyboard,Texas,31
2026-08-22,Mechanical Keyboard,Texas,21
2026-08-23,Mechanical Keyboard,Texas,21
2026-08-24,Mechanical Keyboard,Texas,31
2026-08-25,Mechanical Keyboard,Texas,25
2026-08-26,Mechanical Keyboard,Texas,28
2026-08-27,Mechanical Keyboard,Texas,28
2026-08-28,Mechanical Keyboard,Texas,27
2026-08-29,Mechanical Keyboard,Texas,19
2026-08-30,Mechanical Keyboard,Texas,20
2026-08-31,Mechanical Keyboard,Texas,28
2026-09-01,Mechanical Keyboard,Texas,23
2026-09-02,Mechanical Keyboard,Texas,29
2026-09-03,Mechanical Keyboard,Texas,23
2026-09-04,Mechanical Keyboard,Texas,26
2026-09-05,Mechanical Keyboard,Texas,19
2026-09-06,Mechanical Keyboard,Texas,20
2026-09-07,Mechanical Keyboard,Texas,20
2026-09-08,Mechanical Keyboard,Texas,29
2026-09-09,Mechanical Keyboard,Texas,24
2026-09-10,Mechanical Keyboard,Texas,30
2026-09-11,Mechanical Keyboard,Texas,25
2026-09-12,Mechanical Keyboard,Texas,19
2026-09-13,Mechanical Keyboard,Texas,24
2026-09-14,Mechanical Keyboard,Texas,25
2026-09-15,Mechanical Keyboard,Texas,30
2026-09-16,Mechanical Keyboard,Texas,26
2026-09-17,Mechanical Keyboard,Texas,28
2026-09-18,Mechanical Keyboard,Texas,27
2026-09-19,Mechanical Keyboard,Texas,21
2026-09-20,Mechanical Keyboard,Texas,18
2026-09-21,Mechanical Keyboard,Texas,23
2026-09-22,Mechanical Keyboard,Texas,24
2026-09-23,Mechanical Keyboard,Texas,27
2026-09-24,Mechanical Keyboard,Texas,26
2026-09-25,Mechanical Keyboard,Texas,29
2026-09-26,Mechanical Keyboard,Texas,22
2026-09-27,Mechanical Keyboard,Texas,17
2026-09-28,Mechanical Keyboard,Texas,24
2025-01-01,Mechanical Keyboard,North Carolina,20
2025-01-02,Mechanical Keyboard,North Carolina,30
2025-01-03,Mechanical Keyboard,North Carolina,25
2025-01-04,Mechanical Keyboard,North Carolina,18
2025-01-05,Mechanical Keyboard,North Carolina,15
2025-01-06,Mechanical Keyboard,North Carolina,24
2025-01-07,Mechanical Keyboard,North Carolina,25
2025-01-08,Mechanical Keyboard,North Carolina,23
2025-01-09,Mechanical Keyboard,North Carolina,27
2025-01-10,Mechanical Keyboard,North Carolina,30
2025-01-11,Mechanical Keyboard,North Carolina,15
2025-01-12,Mechanical Keyboard,North Carolina,15
2025-01-13,Mechanical Keyboard,North Carolina,21
2025-01-14,Mechanical Keyboard,North Carolina,28
2025-01-15,Mechanical Keyboard,North Carolina,27
2025-01-16,Mechanical Keyboard,North Carolina,23
2025-01-17,Mechanical Keyboard,North Carolina,24
2025-01-18,Mechanical Keyboard,North Carolina,16
2025-01-19,Mechanical Keyboard,North Carolina,19
2025-01-20,Mechanical Keyboard,North Carolina,23
2025-01-21,Mechanical Keyboard,North Carolina,23
2025-01-22,Mechanical Keyboard,North Carolina,26
2025-01-23,Mechanical Keyboard,North Carolina,23
2025-01-24,Mechanical Keyboard,North Carolina,23
2025-01-25,Mechanical Keyboard,North Carolina,17
2025-01-26,Mechanical Keyboard,North Carolina,19
2025-01-27,Mechanical Keyboard,North Carolina,29
2025-01-28,Mechanical Keyboard,North Carolina,25
2025-01-29,Mechanical Keyboard,North Carolina,26
2025-01-30,Mechanical Keyboard,North Carolina,23
2025-01-31,Mechanical Keyboard,North Carolina,22
2025-02-01,Mechanical Keyboard,North Carolina,20
2025-02-02,Mechanical Keyboard,North Carolina,19
2025-02-03,Mechanical Keyboard,North Carolina,21
2025-02-04,Mechanical Keyboard,North Carolina,24
2025-02-05,Mechanical Keyboard,North Carolina,25
2025-02-06,Mechanical Keyboard,North Carolina,24
2025-02-07,Mechanical Keyboard,North Carolina,30
2025-02-08,Mechanical Keyboard,North Carolina,20
2025-02-09,Mechanical Keyboard,North Carolina,22
2025-02-10,Mechanical Keyboard,North Carolina,26
2025-02-11,Mechanical Keyboard,North Carolina,25
2025-02-12,Mechanical Keyboard,North Carolina,22
2025-02-13,Mechanical Keyboard,North Carolina,25
2025-02-14,Mechanical Keyboard,North Carolina,25
2025-02-15,Mechanical Keyboard,North Carolina,15
2025-02-16,Mechanical Keyboard,North Carolina,17
2025-02-17,Mechanical Keyboard,North Carolina,24
2025-02-18,Mechanical Keyboard,North Carolina,26
2025-02-19,Mechanical Keyboard,North Carolina,27
2025-02-20,Mechanical Keyboard,North Carolina,23
2025-02-21,Mechanical Keyboard,North Carolina,27
2025-02-22,Mechanical Keyboard,North Carolina,18
2025-02-23,Mechanical Keyboard,North Carolina,12
2025-02-24,Mechanical Keyboard,North Carolina,24
2025-02-25,Mechanical Keyboard,North Carolina,28
2025-02-26,Mechanical Keyboard,North Carolina,20
2025-02-27,Mechanical Keyboard,North Carolina,26
2025-02-28,Mechanical Keyboard,North Carolina,30
2025-03-01,Mechanical Keyboard,North Carolina,17
2025-03-02,Mechanical Keyboard,North Carolina,19
2025-03-03,Mechanical Keyboard,North Carolina,22
2025-03-04,Mechanical Keyboard,North Carolina,31
2025-03-05,Mechanical Keyboard,North Carolina,26
2025-03-06,Mechanical Keyboard,North Carolina,26
2025-03-07,Mechanical Keyboard,North Carolina,31
2025-03-08,Mechanical Keyboard,North Carolina,21
2025-03-09,Mechanical Keyboard,North Carolina,17
2025-03-10,Mechanical Keyboard,North Carolina,24
2025-03-11,Mechanical Keyboard,North Carolina,28
2025-03-12,Mechanical Keyboard,North Carolina,24
2025-03-13,Mechanical Keyboard,North Carolina,20
2025-03-14,Mechanical Keyboard,North Carolina,26
2025-03-15,Mechanical Keyboard,North Carolina,16
2025-03-16,Mechanical Keyboard,North Carolina,23
2025-03-17,Mechanical Keyboard,North Carolina,27
2025-03-18,Mechanical Keyboard,North Carolina,23
2025-03-19,Mechanical Keyboard,North Carolina,24
2025-03-20,Mechanical Keyboard,North Carolina,20
2025-03-21,Mechanical Keyboard,North Carolina,23
2025-03-22,Mechanical Keyboard,North Carolina,22
2025-03-23,Mechanical Keyboard,North Carolina,24
2025-03-24,Mechanical Keyboard,North Carolina,29
2025-03-25,Mechanical Keyboard,North Carolina,26
2025-03-26,Mechanical Keyboard,North Carolina,25
2025-03-27,Mechanical Keyboard,North Carolina,23
2025-03-28,Mechanical Keyboard,North Carolina,33
2025-03-29,Mechanical Keyboard,North Carolina,19
2025-03-30,Mechanical Keyboard,North Carolina,24
2025-03-31,Mechanical Keyboard,North Carolina,31
2025-04-01,Mechanical Keyboard,North Carolina,21
2025-04-02,Mechanical Keyboard,North Carolina,25
2025-04-03,Mechanical Keyboard,North Carolina,25
2025-04-04,Mechanical Keyboard,North Carolina,26
2025-04-05,Mechanical Keyboard,North Carolina,19
2025-04-06,Mechanical Keyboard,North Carolina,27
2025-04-07,Mechanical Keyboard,North Carolina,23
2025-04-08,Mechanical Keyboard,North Carolina,27
2025-04-09,Mechanical Keyboard,North Carolina,29
2025-04-10,Mechanical Keyboard,North Carolina,27
2025-04-11,Mechanical Keyboard,North Carolina,27
2025-04-12,Mechanical Keyboard,North Carolina,17
2025-04-13,Mechanical Keyboard,North Carolina,20
2025-04-14,Mechanical Keyboard,North Carolina,28
2025-04-15,Mechanical Keyboard,North Carolina,28
2025-04-16,Mechanical Keyboard,North Carolina,28
2025-04-17,Mechanical Keyboard,North Carolina,31
2025-04-18,Mechanical Keyboard,North Carolina,30
2025-04-19,Mechanical Keyboard,North Carolina,20
2025-04-20,Mechanical Keyboard,North Carolina,17
2025-04-21,Mechanical Keyboard,North Carolina,25
2025-04-22,Mechanical Keyboard,North Carolina,26
2025-04-23,Mechanical Keyboard,North Carolina,27
2025-04-24,Mechanical Keyboard,North Carolina,25
2025-04-25,Mechanical Keyboard,North Carolina,24
2025-04-26,Mechanical Keyboard,North Carolina,17
2025-04-27,Mechanical Keyboard,North Carolina,16
2025-04-28,Mechanical Keyboard,North Carolina,26
2025-04-29,Mechanical Keyboard,North Carolina,22
2025-04-30,Mechanical Keyboard,North Carolina,23
2025-05-01,Mechanical Keyboard,North Carolina,25
2025-05-02,Mechanical Keyboard,North Carolina,22
2025-05-03,Mechanical Keyboard,North Carolina,20
2025-05-04,Mechanical Keyboard,North Carolina,21
2025-05-05,Mechanical Keyboard,North Carolina,25
2025-05-06,Mechanical Keyboard,North Carolina,25
2025-05-07,Mechanical Keyboard,North Carolina,28
2025-05-08,Mechanical Keyboard,North Carolina,24
2025-05-09,Mechanical Keyboard,North Carolina,24
2025-05-10,Mechanical Keyboard,North Carolina,22
2025-05-11,Mechanical Keyboard,North Carolina,21
2025-05-12,Mechanical Keyboard,North Carolina,28
2025-05-13,Mechanical Keyboard,North Carolina,29
2025-05-14,Mechanical Keyboard,North Carolina,20
2025-05-15,Mechanical Keyboard,North Carolina,31
2025-05-16,Mechanical Keyboard,North Carolina,28
2025-05-17,Mechanical Keyboard,North Carolina,22
2025-05-18,Mechanical Keyboard,North Carolina,20
2025-05-19,Mechanical Keyboard,North Carolina,26
2025-05-20,Mechanical Keyboard,North Carolina,25
2025-05-21,Mechanical Keyboard,North Carolina,27
2025-05-22,Mechanical Keyboard,North Carolina,25
2025-05-23,Mechanical Keyboard,North Carolina,29
2025-05-24,Mechanical Keyboard,North Carolina,16
2025-05-25,Mechanical Keyboard,North Carolina,18
2025-05-26,Mechanical Keyboard,North Carolina,33
2025-05-27,Mechanical Keyboard,North Carolina,24
2025-05-28,Mechanical Keyboard,North Carolina,26
2025-05-29,Mechanical Keyboard,North Carolina,23
2025-05-30,Mechanical Keyboard,North Carolina,27
2025-05-31,Mechanical Keyboard,North Carolina,18
2025-06-01,Mechanical Keyboard,North Carolina,18
2025-06-02,Mechanical Keyboard,North Carolina,28
2025-06-03,Mechanical Keyboard,North Carolina,23
2025-06-04,Mechanical Keyboard,North Carolina,28
2025-06-05,Mechanical Keyboard,North Carolina,28
2025-06-06,Mechanical Keyboard,North Carolina,28
2025-06-07,Mechanical Keyboard,North Carolina,19
2025-06-08,Mechanical Keyboard,North Carolina,26
2025-06-09,Mechanical Keyboard,North Carolina,28
2025-06-10,Mechanical Keyboard,North Carolina,26
2025-06-11,Mechanical Keyboard,North Carolina,23
2025-06-12,Mechanical Keyboard,North Carolina,25
2025-06-13,Mechanical Keyboard,North Carolina,30
2025-06-14,Mechanical Keyboard,North Carolina,22
2025-06-15,Mechanical Keyboard,North Carolina,22
2025-06-16,Mechanical Keyboard,North Carolina,28
2025-06-17,Mechanical Keyboard,North Carolina,21
2025-06-18,Mechanical Keyboard,North Carolina,27
2025-06-19,Mechanical Keyboard,North Carolina,21
2025-06-20,Mechanical Keyboard,North Carolina,21
2025-06-21,Mechanical Keyboard,North Carolina,19
2025-06-22,Mechanical Keyboard,North Carolina,20
2025-06-23,Mechanical Keyboard,North Carolina,28
2025-06-24,Mechanical Keyboard,North Carolina,27
2025-06-25,Mechanical Keyboard,North Carolina,27
2025-06-26,Mechanical Keyboard,North Carolina,22
2025-06-27,Mechanical Keyboard,North Carolina,25
2025-06-28,Mechanical Keyboard,North Carolina,15
2025-06-29,Mechanical Keyboard,North Carolina,14
2025-06-30,Mechanical Keyboard,North Carolina,27
2025-07-01,Mechanical Keyboard,North Carolina,22
2025-07-02,Mechanical Keyboard,North Carolina,26
2025-07-03,Mechanical Keyboard,North Carolina,27
2025-07-04,Mechanical Keyboard,North Carolina,22
2025-07-05,Mechanical Keyboard,North Carolina,19
2025-07-06,Mechanical Keyboard,North Carolina,16
2025-07-07,Mechanical Keyboard,North Carolina,19
2025-07-08,Mechanical Keyboard,North Carolina,24
2025-07-09,Mechanical Keyboard,North Carolina,22
2025-07-10,Mechanical Keyboard,North Carolina,23
2025-07-11,Mechanical Keyboard,North Carolina,29
2025-07-12,Mechanical Keyboard,North Carolina,14
2025-07-13,Mechanical Keyboard,North Carolina,18
2025-07-14,Mechanical Keyboard,North Carolina,21
2025-07-15,Mechanical Keyboard,North Carolina,26
2025-07-16,Mechanical Keyboard,North Carolina,25
2025-07-17,Mechanical Keyboard,North Carolina,25
2025-07-18,Mechanical Keyboard,North Carolina,21
2025-07-19,Mechanical Keyboard,North Carolina,16
2025-07-20,Mechanical Keyboard,North Carolina,19
2025-07-21,Mechanical Keyboard,North Carolina,29
2025-07-22,Mechanical Keyboard,North Carolina,25
2025-07-23,Mechanical Keyboard,North Carolina,21
2025-07-24,Mechanical Keyboard,North Carolina,25
2025-07-25,Mechanical Keyboard,North Carolina,31
2025-07-26,Mechanical Keyboard,North Carolina,18
2025-07-27,Mechanical Keyboard,North Carolina,20
2025-07-28,Mechanical Keyboard,North Carolina,22
2025-07-29,Mechanical Keyboard,North Carolina,24
2025-07-30,Mechanical Keyboard,North Carolina,26
2025-07-31,Mechanical Keyboard,North Carolina,25
2025-08-01,Mechanical Keyboard,North Carolina,20
2025-08-02,Mechanical Keyboard,North Carolina,15
2025-08-03,Mechanical Keyboard,North Carolina,18
2025-08-04,Mechanical Keyboard,North Carolina,26
2025-08-05,Mechanical Keyboard,North Carolina,26
2025-08-06,Mechanical Keyboard,North Carolina,27
2025-08-07,Mechanical Keyboard,North Carolina,23
2025-08-08,Mechanical Keyboard,North Carolina,22
2025-08-09,Mechanical Keyboard,North Carolina,19
2025-08-10,Mechanical Keyboard,North Carolina,18
2025-08-11,Mechanical Keyboard,North Carolina,20
2025-08-12,Mechanical Keyboard,North Carolina,20
2025-08-13,Mechanical Keyboard,North Carolina,24
2025-08-14,Mechanical Keyboard,North Carolina,22
2025-08-15,Mechanical Keyboard,North Carolina,22
2025-08-16,Mechanical Keyboard,North Carolina,18
2025-08-17,Mechanical Keyboard,North Carolina,18
2025-08-18,Mechanical Keyboard,North Carolina,26
2025-08-19,Mechanical Keyboard,North Carolina,17
2025-08-20,Mechanical Keyboard,North Carolina,23
2025-08-21,Mechanical Keyboard,North Carolina,24
2025-08-22,Mechanical Keyboard,North Carolina,18
2025-08-23,Mechanical Keyboard,North Carolina,15
2025-08-24,Mechanical Keyboard,North Carolina,15
2025-08-25,Mechanical Keyboard,North Carolina,22
2025-08-26,Mechanical Keyboard,North Carolina,27
2025-08-27,Mechanical Keyboard,North Carolina,28
2025-08-28,Mechanical Keyboard,North Carolina,20
2025-08-29,Mechanical Keyboard,North Carolina,24
2025-08-30,Mechanical Keyboard,North Carolina,17
2025-08-31,Mechanical Keyboard,North Carolina,17
2025-09-01,Mechanical Keyboard,North Carolina,22
2025-09-02,Mechanical Keyboard,North Carolina,22
2025-09-03,Mechanical Keyboard,North Carolina,26
2025-09-04,Mechanical Keyboard,North Carolina,24
2025-09-05,Mechanical Keyboard,North Carolina,19
2025-09-06,Mechanical Keyboard,North Carolina,17
2025-09-07,Mechanical Keyboard,North Carolina,17
2025-09-08,Mechanical Keyboard,North Carolina,22
2025-09-09,Mechanical Keyboard,North Carolina,24
2025-09-10,Mechanical Keyboard,North Carolina,22
2025-09-11,Mechanical Keyboard,North Carolina,22
2025-09-12,Mechanical Keyboard,North Carolina,22
2025-09-13,Mechanical Keyboard,North Carolina,12
2025-09-14,Mechanical Keyboard,North Carolina,15
2025-09-15,Mechanical Keyboard,North Carolina,20
2025-09-16,Mechanical Keyboard,North Carolina,18
2025-09-17,Mechanical Keyboard,North Carolina,25
2025-09-18,Mechanical Keyboard,North Carolina,23
2025-09-19,Mechanical Keyboard,North Carolina,21
2025-09-20,Mechanical Keyboard,North Carolina,15
2025-09-21,Mechanical Keyboard,North Carolina,16
2025-09-22,Mechanical Keyboard,North Carolina,24
2025-09-23,Mechanical Keyboard,North Carolina,19
2025-09-24,Mechanical Keyboard,North Carolina,21
2025-09-25,Mechanical Keyboard,North Carolina,24
2025-09-26,Mechanical Keyboard,North Carolina,16
2025-09-27,Mechanical Keyboard,North Carolina,16
2025-09-28,Mechanical Keyboard,North Carolina,15
2025-09-29,Mechanical Keyboard,North Carolina,21
2025-09-30,Mechanical Keyboard,North Carolina,20
2025-10-01,Mechanical Keyboard,North Carolina,21
2025-10-02,Mechanical Keyboard,North Carolina,26
2025-10-03,Mechanical Keyboard,North Carolina,20
2025-10-04,Mechanical Keyboard,North Carolina,16
2025-10-05,Mechanical Keyboard,North Carolina,19
2025-10-06,Mechanical Keyboard,North Carolina,20
2025-10-07,Mechanical Keyboard,North Carolina,26
2025-10-08,Mechanical Keyboard,North Carolina,21
2025-10-09,Mechanical Keyboard,North Carolina,25
2025-10-10,Mechanical Keyboard,North Carolina,23
2025-10-11,Mechanical Keyboard,North Carolina,16
2025-10-12,Mechanical Keyboard,North Carolina,15
2025-10-13,Mechanical Keyboard,North Carolina,19
2025-10-14,Mechanical Keyboard,North Carolina,21
2025-10-15,Mechanical Keyboard,North Carolina,23
2025-10-16,Mechanical Keyboard,North Carolina,21
2025-10-17,Mechanical Keyboard,North Carolina,20
2025-10-18,Mechanical Keyboard,North Carolina,15
2025-10-19,Mechanical Keyboard,North Carolina,17
2025-10-20,Mechanical Keyboard,North Carolina,24
2025-10-21,Mechanical Keyboard,North Carolina,19
2025-10-22,Mechanical Keyboard,North Carolina,19
2025-10-23,Mechanical Keyboard,North Carolina,22
2025-10-24,Mechanical Keyboard,North Carolina,25
2025-10-25,Mechanical Keyboard,North Carolina,17
2025-10-26,Mechanical Keyboard,North Carolina,13
2025-10-27,Mechanical Keyboard,North Carolina,20
2025-10-28,Mechanical Keyboard,North Carolina,19
2025-10-29,Mechanical Keyboard,North Carolina,20
2025-10-30,Mechanical Keyboard,North Carolina,25
2025-10-31,Mechanical Keyboard,North Carolina,17
2025-11-01,Mechanical Keyboard,North Carolina,15
2025-11-02,Mechanical Keyboard,North Carolina,17
2025-11-03,Mechanical Keyboard,North Carolina,26
2025-11-04,Mechanical Keyboard,North Carolina,27
2025-11-05,Mechanical Keyboard,North Carolina,26
2025-11-06,Mechanical Keyboard,North Carolina,29
2025-11-07,Mechanical Keyboard,North Carolina,20
2025-11-08,Mechanical Keyboard,North Carolina,21
2025-11-09,Mechanical Keyboard,North Carolina,18
2025-11-10,Mechanical Keyboard,North Carolina,27
2025-11-11,Mechanical Keyboard,North Carolina,21
2025-11-12,Mechanical Keyboard,North Carolina,25
2025-11-13,Mechanical Keyboard,North Carolina,26
2025-11-14,Mechanical Keyboard,North Carolina,29
2025-11-15,Mechanical Keyboard,North Carolina,15
2025-11-16,Mechanical Keyboard,North Carolina,18
2025-11-17,Mechanical Keyboard,North Carolina,22
2025-11-18,Mechanical Keyboard,North Carolina,27
2025-11-19,Mechanical Keyboard,North Carolina,28
2025-11-20,Mechanical Keyboard,North Carolina,29
2025-11-21,Mechanical Keyboard,North Carolina,24
2025-11-22,Mechanical Keyboard,North Carolina,20
2025-11-23,Mechanical Keyboard,North Carolina,21
2025-11-24,Mechanical Keyboard,North Carolina,20
2025-11-25,Mechanical Keyboard,North Carolina,27
2025-11-26,Mechanical Keyboard,North Carolina,28
2025-11-27,Mechanical Keyboard,North Carolina,24
2025-11-28,Mechanical Keyboard,North Carolina,22
2025-11-29,Mechanical Keyboard,North Carolina,21
2025-11-30,Mechanical Keyboard,North Carolina,16
2025-12-01,Mechanical Keyboard,North Carolina,26
2025-12-02,Mechanical Keyboard,North Carolina,26
2025-12-03,Mechanical Keyboard,North Carolina,29
2025-12-04,Mechanical Keyboard,North Carolina,24
2025-12-05,Mechanical Keyboard,North Carolina,24
2025-12-06,Mechanical Keyboard,North Carolina,20
2025-12-07,Mechanical Keyboard,North Carolina,22
2025-12-08,Mechanical Keyboard,North Carolina,34
2025-12-09,Mechanical Keyboard,North Carolina,22
2025-12-10,Mechanical Keyboard,North Carolina,27
2025-12-11,Mechanical Keyboard,North Carolina,23
2025-12-12,Mechanical Keyboard,North Carolina,30
2025-12-13,Mechanical Keyboard,North Carolina,17
2025-12-14,Mechanical Keyboard,North Carolina,18
2025-12-15,Mechanical Keyboard,North Carolina,25
2025-12-16,Mechanical Keyboard,North Carolina,26
2025-12-17,Mechanical Keyboard,North Carolina,27
2025-12-18,Mechanical Keyboard,North Carolina,28
2025-12-19,Mechanical Keyboard,North Carolina,26
2025-12-20,Mechanical Keyboard,North Carolina,16
2025-12-21,Mechanical Keyboard,North Carolina,21
2025-12-22,Mechanical Keyboard,North Carolina,26
2025-12-23,Mechanical Keyboard,North Carolina,30
2025-12-24,Mechanical Keyboard,North Carolina,24
2025-12-25,Mechanical Keyboard,North Carolina,21
2025-12-26,Mechanical Keyboard,North Carolina,26
2025-12-27,Mechanical Keyboard,North Carolina,22
2025-12-28,Mechanical Keyboard,North Carolina,20
2025-12-29,Mechanical Keyboard,North Carolina,26
2025-12-30,Mechanical Keyboard,North Carolina,24
2025-12-31,Mechanical Keyboard,North Carolina,32
2026-01-01,Mechanical Keyboard,North Carolina,21
2026-01-02,Mechanical Keyboard,North Carolina,22
2026-01-03,Mechanical Keyboard,North Carolina,19
2026-01-04,Mechanical Keyboard,North Carolina,14
2026-01-05,Mechanical Keyboard,North Carolina,27
2026-01-06,Mechanical Keyboard,North Carolina,26
2026-01-07,Mechanical Keyboard,North Carolina,26
2026-01-08,Mechanical Keyboard,North Carolina,25
2026-01-09,Mechanical Keyboard,North Carolina,23
2026-01-10,Mechanical Keyboard,North Carolina,15
2026-01-11,Mechanical Keyboard,North Carolina,17
2026-01-12,Mechanical Keyboard,North Carolina,21
2026-01-13,Mechanical Keyboard,North Carolina,25
2026-01-14,Mechanical Keyboard,North Carolina,26
2026-01-15,Mechanical Keyboard,North Carolina,28
2026-01-16,Mechanical Keyboard,North Carolina,25
2026-01-17,Mechanical Keyboard,North Carolina,19
2026-01-18,Mechanical Keyboard,North Carolina,17
2026-01-19,Mechanical Keyboard,North Carolina,22
2026-01-20,Mechanical Keyboard,North Carolina,25
2026-01-21,Mechanical Keyboard,North Carolina,23
2026-01-22,Mechanical Keyboard,North Carolina,25
2026-01-23,Mechanical Keyboard,North Carolina,21
2026-01-24,Mechanical Keyboard,North Carolina,16
2026-01-25,Mechanical Keyboard,North Carolina,19
2026-01-26,Mechanical Keyboard,North Carolina,26
2026-01-27,Mechanical Keyboard,North Carolina,21
2026-01-28,Mechanical Keyboard,North Carolina,26
2026-01-29,Mechanical Keyboard,North Carolina,22
2026-01-30,Mechanical Keyboard,North Carolina,24
2026-01-31,Mechanical Keyboard,North Carolina,20
2026-02-01,Mechanical Keyboard,North Carolina,20
2026-02-02,Mechanical Keyboard,North Carolina,28
2026-02-03,Mechanical Keyboard,North Carolina,31
2026-02-04,Mechanical Keyboard,North Carolina,23
2026-02-05,Mechanical Keyboard,North Carolina,22
2026-02-06,Mechanical Keyboard,North Carolina,23
2026-02-07,Mechanical Keyboard,North Carolina,18
2026-02-08,Mechanical Keyboard,North Carolina,13
2026-02-09,Mechanical Keyboard,North Carolina,25
2026-02-10,Mechanical Keyboard,North Carolina,24
2026-02-11,Mechanical Keyboard,North Carolina,28
2026-02-12,Mechanical Keyboard,North Carolina,26
2026-02-13,Mechanical Keyboard,North Carolina,23
2026-02-14,Mechanical Keyboard,North Carolina,20
2026-02-15,Mechanical Keyboard,North Carolina,20
2026-02-16,Mechanical Keyboard,North Carolina,23
2026-02-17,Mechanical Keyboard,North Carolina,24
2026-02-18,Mechanical Keyboard,North Carolina,18
2026-02-19,Mechanical Keyboard,North Carolina,22
2026-02-20,Mechanical Keyboard,North Carolina,23
2026-02-21,Mechanical Keyboard,North Carolina,19
2026-02-22,Mechanical Keyboard,North Carolina,16
2026-02-23,Mechanical Keyboard,North Carolina,24
2026-02-24,Mechanical Keyboard,North Carolina,22
2026-02-25,Mechanical Keyboard,North Carolina,26
2026-02-26,Mechanical Keyboard,North Carolina,27
2026-02-27,Mechanical Keyboard,North Carolina,26
2026-02-28,Mechanical Keyboard,North Carolina,18
2026-03-01,Mechanical Keyboard,North Carolina,16
2026-03-02,Mechanical Keyboard,North Carolina,24
2026-03-03,Mechanical Keyboard,North Carolina,25
2026-03-04,Mechanical Keyboard,North Carolina,25
2026-03-05,Mechanical Keyboard,North Carolina,27
2026-03-06,Mechanical Keyboard,North Carolina,31
2026-03-07,Mechanical Keyboard,North Carolina,21
2026-03-08,Mechanical Keyboard,North Carolina,17
2026-03-09,Mechanical Keyboard,North Carolina,28
2026-03-10,Mechanical Keyboard,North Carolina,28
2026-03-11,Mechanical Keyboard,North Carolina,24
2026-03-12,Mechanical Keyboard,North Carolina,29
2026-03-13,Mechanical Keyboard,North Carolina,26
2026-03-14,Mechanical Keyboard,North Carolina,16
2026-03-15,Mechanical Keyboard,North Carolina,20
2026-03-16,Mechanical Keyboard,North Carolina,27
2026-03-17,Mechanical Keyboard,North Carolina,26
2026-03-18,Mechanical Keyboard,North Carolina,26
2026-03-19,Mechanical Keyboard,North Carolina,24
2026-03-20,Mechanical Keyboard,North Carolina,28
2026-03-21,Mechanical Keyboard,North Carolina,19
2026-03-22,Mechanical Keyboard,North Carolina,20
2026-03-23,Mechanical Keyboard,North Carolina,27
2026-03-24,Mechanical Keyboard,North Carolina,23
2026-03-25,Mechanical Keyboard,North Carolina,23
2026-03-26,Mechanical Keyboard,North Carolina,19
2026-03-27,Mechanical Keyboard,North Carolina,28
2026-03-28,Mechanical Keyboard,North Carolina,16
2026-03-29,Mechanical Keyboard,North Carolina,20
2026-03-30,Mechanical Keyboard,North Carolina,27
2026-03-31,Mechanical Keyboard,North Carolina,28
2026-04-01,Mechanical Keyboard,North Carolina,23
2026-04-02,Mechanical Keyboard,North Carolina,26
2026-04-03,Mechanical Keyboard,North Carolina,32
2026-04-04,Mechanical Keyboard,North Carolina,24
2026-04-05,Mechanical Keyboard,North Carolina,22
2026-04-06,Mechanical Keyboard,North Carolina,28
2026-04-07,Mechanical Keyboard,North Carolina,23
2026-04-08,Mechanical Keyboard,North Carolina,29
2026-04-09,Mechanical Keyboard,North Carolina,26
2026-04-10,Mechanical Keyboard,North Carolina,28
2026-04-11,Mechanical Keyboard,North Carolina,18
2026-04-12,Mechanical Keyboard,North Carolina,19
2026-04-13,Mechanical Keyboard,North Carolina,27
2026-04-14,Mechanical Keyboard,North Carolina,27
2026-04-15,Mechanical Keyboard,North Carolina,28
2026-04-16,Mechanical Keyboard,North Carolina,25
2026-04-17,Mechanical Keyboard,North Carolina,22
2026-04-18,Mechanical Keyboard,North Carolina,23
2026-04-19,Mechanical Keyboard,North Carolina,25
2026-04-20,Mechanical Keyboard,North Carolina,28
2026-04-21,Mechanical Keyboard,North Carolina,22
2026-04-22,Mechanical Keyboard,North Carolina,24
2026-04-23,Mechanical Keyboard,North Carolina,28
2026-04-24,Mechanical Keyboard,North Carolina,31
2026-04-25,Mechanical Keyboard,North Carolina,17
2026-04-26,Mechanical Keyboard,North Carolina,19
2026-04-27,Mechanical Keyboard,North Carolina,27
2026-04-28,Mechanical Keyboard,North Carolina,29
2026-04-29,Mechanical Keyboard,North Carolina,26
2026-04-30,Mechanical Keyboard,North Carolina,22
2026-05-01,Mechanical Keyboard,North Carolina,28
2026-05-02,Mechanical Keyboard,North Carolina,22
2026-05-03,Mechanical Keyboard,North Carolina,19
2026-05-04,Mechanical Keyboard,North Carolina,28
2026-05-05,Mechanical Keyboard,North Carolina,25
2026-05-06,Mechanical Keyboard,North Carolina,24
2026-05-07,Mechanical Keyboard,North Carolina,30
2026-05-08,Mechanical Keyboard,North Carolina,27
2026-05-09,Mechanical Keyboard,North Carolina,20
2026-05-10,Mechanical Keyboard,North Carolina,23
2026-05-11,Mechanical Keyboard,North Carolina,23
2026-05-12,Mechanical Keyboard,North Carolina,25
2026-05-13,Mechanical Keyboard,North Carolina,27
2026-05-14,Mechanical Keyboard,North Carolina,24
2026-05-15,Mechanical Keyboard,North Carolina,29
2026-05-16,Mechanical Keyboard,North Carolina,19
2026-05-17,Mechanical Keyboard,North Carolina,17
2026-05-18,Mechanical Keyboard,North Carolina,26
2026-05-19,Mechanical Keyboard,North Carolina,27
2026-05-20,Mechanical Keyboard,North Carolina,29
2026-05-21,Mechanical Keyboard,North Carolina,28
2026-05-22,Mechanical Keyboard,North Carolina,28
2026-05-23,Mechanical Keyboard,North Carolina,20
2026-05-24,Mechanical Keyboard,North Carolina,19
2026-05-25,Mechanical Keyboard,North Carolina,24
2026-05-26,Mechanical Keyboard,North Carolina,27
2026-05-27,Mechanical Keyboard,North Carolina,25
2026-05-28,Mechanical Keyboard,North Carolina,32
2026-05-29,Mechanical Keyboard,North Carolina,31
2026-05-30,Mechanical Keyboard,North Carolina,21
2026-05-31,Mechanical Keyboard,North Carolina,20
2026-06-01,Mechanical Keyboard,North Carolina,25
2026-06-02,Mechanical Keyboard,North Carolina,21
2026-06-03,Mechanical Keyboard,North Carolina,25
2026-06-04,Mechanical Keyboard,North Carolina,26
2026-06-05,Mechanical Keyboard,North Carolina,26
2026-06-06,Mechanical Keyboard,North Carolina,20
2026-06-07,Mechanical Keyboard,North Carolina,21
2026-06-08,Mechanical Keyboard,North Carolina,23
2026-06-09,Mechanical Keyboard,North Carolina,23
2026-06-10,Mechanical Keyboard,North Carolina,30
2026-06-11,Mechanical Keyboard,North Carolina,28
2026-06-12,Mechanical Keyboard,North Carolina,24
2026-06-13,Mechanical Keyboard,North Carolina,18
2026-06-14,Mechanical Keyboard,North Carolina,18
2026-06-15,Mechanical Keyboard,North Carolina,25
2026-06-16,Mechanical Keyboard,North Carolina,27
2026-06-17,Mechanical Keyboard,North Carolina,33
2026-06-18,Mechanical Keyboard,North Carolina,26
2026-06-19,Mechanical Keyboard,North Carolina,27
2026-06-20,Mechanical Keyboard,North Carolina,15
2026-06-21,Mechanical Keyboard,North Carolina,17
2026-06-22,Mechanical Keyboard,North Carolina,29
2026-06-23,Mechanical Keyboard,North Carolina,26
2026-06-24,Mechanical Keyboard,North Carolina,12
2026-06-25,Mechanical Keyboard,North Carolina,27
2026-06-26,Mechanical Keyboard,North Carolina,31
2026-06-27,Mechanical Keyboard,North Carolina,14
2026-06-28,Mechanical Keyboard,North Carolina,22
2026-06-29,Mechanical Keyboard,North Carolina,17
2026-06-30,Mechanical Keyboard,North Carolina,28
2026-07-01,Mechanical Keyboard,North Carolina,24
2026-07-02,Mechanical Keyboard,North Carolina,17
2026-07-03,Mechanical Keyboard,North Carolina,25
2026-07-04,Mechanical Keyboard,North Carolina,20
2026-07-05,Mechanical Keyboard,North Carolina,18
2026-07-06,Mechanical Keyboard,North Carolina,25
2026-07-07,Mechanical Keyboard,North Carolina,23
2026-07-08,Mechanical Keyboard,North Carolina,18
2026-07-09,Mechanical Keyboard,North Carolina,26
2026-07-10,Mechanical Keyboard,North Carolina,29
2026-07-11,Mechanical Keyboard,North Carolina,20
2026-07-12,Mechanical Keyboard,North Carolina,13
2026-07-13,Mechanical Keyboard,North Carolina,19
2026-07-14,Mechanical Keyboard,North Carolina,21
2026-07-15,Mechanical Keyboard,North Carolina,19
2026-07-16,Mechanical Keyboard,North Carolina,24
2026-07-17,Mechanical Keyboard,North Carolina,25
2026-07-18,Mechanical Keyboard,North Carolina,14
2026-07-19,Mechanical Keyboard,North Carolina,19
2026-07-20,Mechanical Keyboard,North Carolina,26
2026-07-21,Mechanical Keyboard,North Carolina,22
2026-07-22,Mechanical Keyboard,North Carolina,23
2026-07-23,Mechanical Keyboard,North Carolina,18
2026-07-24,Mechanical Keyboard,North Carolina,23
2026-07-25,Mechanical Keyboard,North Carolina,17
2026-07-26,Mechanical Keyboard,North Carolina,18
2026-07-27,Mechanical Keyboard,North Carolina,25
2026-07-28,Mechanical Keyboard,North Carolina,24
2026-07-29,Mechanical Keyboard,North Carolina,23
2026-07-30,Mechanical Keyboard,North Carolina,25
2026-07-31,Mechanical Keyboard,North Carolina,27
2026-08-01,Mechanical Keyboard,North Carolina,16
2026-08-02,Mechanical Keyboard,North Carolina,17
2026-08-03,Mechanical Keyboard,North Carolina,22
2026-08-04,Mechanical Keyboard,North Carolina,21
2026-08-05,Mechanical Keyboard,North Carolina,24
2026-08-06,Mechanical Keyboard,North Carolina,21
2026-08-07,Mechanical Keyboard,North Carolina,23
2026-08-08,Mechanical Keyboard,North Carolina,16
2026-08-09,Mechanical Keyboard,North Carolina,16
2026-08-10,Mechanical Keyboard,North Carolina,21
2026-08-11,Mechanical Keyboard,North Carolina,21
2026-08-12,Mechanical Keyboard,North Carolina,18
2026-08-13,Mechanical Keyboard,North Carolina,23
2026-08-14,Mechanical Keyboard,North Carolina,23
2026-08-15,Mechanical Keyboard,North Carolina,18
2026-08-16,Mechanical Keyboard,North Carolina,15
2026-08-17,Mechanical Keyboard,North Carolina,27
2026-08-18,Mechanical Keyboard,North Carolina,21
2026-08-19,Mechanical Keyboard,North Carolina,20
2026-08-20,Mechanical Keyboard,North Carolina,20
2026-08-21,Mechanical Keyboard,North Carolina,18
2026-08-22,Mechanical Keyboard,North Carolina,19
2026-08-23,Mechanical Keyboard,North Carolina,19
2026-08-24,Mechanical Keyboard,North Carolina,24
2026-08-25,Mechanical Keyboard,North Carolina,20
2026-08-26,Mechanical Keyboard,North Carolina,27
2026-08-27,Mechanical Keyboard,North Carolina,21
2026-08-28,Mechanical Keyboard,North Carolina,22
2026-08-29,Mechanical Keyboard,North Carolina,19
2026-08-30,Mechanical Keyboard,North Carolina,18
2026-08-31,Mechanical Keyboard,North Carolina,28
2026-09-01,Mechanical Keyboard,North Carolina,22
2026-09-02,Mechanical Keyboard,North Carolina,20
2026-09-03,Mechanical Keyboard,North Carolina,20
2026-09-04,Mechanical Keyboard,North Carolina,17
2026-09-05,Mechanical Keyboard,North Carolina,15
2026-09-06,Mechanical Keyboard,North Carolina,18
2026-09-07,Mechanical Keyboard,North Carolina,23
2026-09-08,Mechanical Keyboard,North Carolina,21
2026-09-09,Mechanical Keyboard,North Carolina,19
2026-09-10,Mechanical Keyboard,North Carolina,22
2026-09-11,Mechanical Keyboard,North Carolina,24
2026-09-12,Mechanical Keyboard,North Carolina,16
2026-09-13,Mechanical Keyboard,North Carolina,16
2026-09-14,Mechanical Keyboard,North Carolina,19
2026-09-15,Mechanical Keyboard,North Carolina,24
2026-09-16,Mechanical Keyboard,North Carolina,13
2026-09-17,Mechanical Keyboard,North Carolina,22
2026-09-18,Mechanical Keyboard,North Carolina,28
2026-09-19,Mechanical Keyboard,North Carolina,13
2026-09-20,Mechanical Keyboard,North Carolina,15
2026-09-21,Mechanical Keyboard,North Carolina,21
2026-09-22,Mechanical Keyboard,North Carolina,20
2026-09-23,Mechanical Keyboard,North Carolina,24
2026-09-24,Mechanical Keyboard,North Carolina,23
2026-09-25,Mechanical Keyboard,North Carolina,22
2026-09-26,Mechanical Keyboard,North Carolina,17
2026-09-27,Mechanical Keyboard,North Carolina,16
2026-09-28,Mechanical Keyboard,North Carolina,29
2025-01-01,Mechanical Keyboard,Virginia,21
2025-01-02,Mechanical Keyboard,Virginia,21
2025-01-03,Mechanical Keyboard,Virginia,17
2025-01-04,Mechanical Keyboard,Virginia,14
2025-01-05,Mechanical Keyboard,Virginia,17
2025-01-06,Mechanical Keyboard,Virginia,18
2025-01-07,Mechanical Keyboard,Virginia,16
2025-01-08,Mechanical Keyboard,Virginia,21
2025-01-09,Mechanical Keyboard,Virginia,24
2025-01-10,Mechanical Keyboard,Virginia,21
2025-01-11,Mechanical Keyboard,Virginia,15
2025-01-12,Mechanical Keyboard,Virginia,12
2025-01-13,Mechanical Keyboard,Virginia,22
2025-01-14,Mechanical Keyboard,Virginia,23
2025-01-15,Mechanical Keyboard,Virginia,17
2025-01-16,Mechanical Keyboard,Virginia,24
2025-01-17,Mechanical Keyboard,Virginia,23
2025-01-18,Mechanical Keyboard,Virginia,17
2025-01-19,Mechanical Keyboard,Virginia,16
2025-01-20,Mechanical Keyboard,Virginia,23
2025-01-21,Mechanical Keyboard,Virginia,22
2025-01-22,Mechanical Keyboard,Virginia,23
2025-01-23,Mechanical Keyboard,Virginia,16
2025-01-24,Mechanical Keyboard,Virginia,17
2025-01-25,Mechanical Keyboard,Virginia,14
2025-01-26,Mechanical Keyboard,Virginia,15
2025-01-27,Mechanical Keyboard,Virginia,22
2025-01-28,Mechanical Keyboard,Virginia,22
2025-01-29,Mechanical Keyboard,Virginia,24
2025-01-30,Mechanical Keyboard,Virginia,24
2025-01-31,Mechanical Keyboard,Virginia,19
2025-02-01,Mechanical Keyboard,Virginia,17
2025-02-02,Mechanical Keyboard,Virginia,15
2025-02-03,Mechanical Keyboard,Virginia,22
2025-02-04,Mechanical Keyboard,Virginia,23
2025-02-05,Mechanical Keyboard,Virginia,13
2025-02-06,Mechanical Keyboard,Virginia,29
2025-02-07,Mechanical Keyboard,Virginia,24
2025-02-08,Mechanical Keyboard,Virginia,15
2025-02-09,Mechanical Keyboard,Virginia,20
2025-02-10,Mechanical Keyboard,Virginia,21
2025-02-11,Mechanical Keyboard,Virginia,23
2025-02-12,Mechanical Keyboard,Virginia,21
2025-02-13,Mechanical Keyboard,Virginia,27
2025-02-14,Mechanical Keyboard,Virginia,22
2025-02-15,Mechanical Keyboard,Virginia,17
2025-02-16,Mechanical Keyboard,Virginia,19
2025-02-17,Mechanical Keyboard,Virginia,24
2025-02-18,Mechanical Keyboard,Virginia,22
2025-02-19,Mechanical Keyboard,Virginia,25
2025-02-20,Mechanical Keyboard,Virginia,29
2025-02-21,Mechanical Keyboard,Virginia,23
2025-02-22,Mechanical Keyboard,Virginia,17
2025-02-23,Mechanical Keyboard,Virginia,17
2025-02-24,Mechanical Keyboard,Virginia,26
2025-02-25,Mechanical Keyboard,Virginia,21
2025-02-26,Mechanical Keyboard,Virginia,22
2025-02-27,Mechanical Keyboard,Virginia,18
2025-02-28,Mechanical Keyboard,Virginia,19
2025-03-01,Mechanical Keyboard,Virginia,16
2025-03-02,Mechanical Keyboard,Virginia,17
2025-03-03,Mechanical Keyboard,Virginia,28
2025-03-04,Mechanical Keyboard,Virginia,25
2025-03-05,Mechanical Keyboard,Virginia,21
2025-03-06,Mechanical Keyboard,Virginia,21
2025-03-07,Mechanical Keyboard,Virginia,27
2025-03-08,Mechanical Keyboard,Virginia,19
2025-03-09,Mechanical Keyboard,Virginia,17
2025-03-10,Mechanical Keyboard,Virginia,22
2025-03-11,Mechanical Keyboard,Virginia,26
2025-03-12,Mechanical Keyboard,Virginia,20
2025-03-13,Mechanical Keyboard,Virginia,24
2025-03-14,Mechanical Keyboard,Virginia,30
2025-03-15,Mechanical Keyboard,Virginia,17
2025-03-16,Mechanical Keyboard,Virginia,15
2025-03-17,Mechanical Keyboard,Virginia,24
2025-03-18,Mechanical Keyboard,Virginia,22
2025-03-19,Mechanical Keyboard,Virginia,19
2025-03-20,Mechanical Keyboard,Virginia,25
2025-03-21,Mechanical Keyboard,Virginia,26
2025-03-22,Mechanical Keyboard,Virginia,16
2025-03-23,Mechanical Keyboard,Virginia,16
2025-03-24,Mechanical Keyboard,Virginia,21
2025-03-25,Mechanical Keyboard,Virginia,23
2025-03-26,Mechanical Keyboard,Virginia,22
2025-03-27,Mechanical Keyboard,Virginia,20
2025-03-28,Mechanical Keyboard,Virginia,28
2025-03-29,Mechanical Keyboard,Virginia,18
2025-03-30,Mechanical Keyboard,Virginia,18
2025-03-31,Mechanical Keyboard,Virginia,26
2025-04-01,Mechanical Keyboard,Virginia,26
2025-04-02,Mechanical Keyboard,Virginia,22
2025-04-03,Mechanical Keyboard,Virginia,24
2025-04-04,Mechanical Keyboard,Virginia,23
2025-04-05,Mechanical Keyboard,Virginia,18
2025-04-06,Mechanical Keyboard,Virginia,18
2025-04-07,Mechanical Keyboard,Virginia,22
2025-04-08,Mechanical Keyboard,Virginia,20
2025-04-09,Mechanical Keyboard,Virginia,24
2025-04-10,Mechanical Keyboard,Virginia,23
2025-04-11,Mechanical Keyboard,Virginia,18
2025-04-12,Mechanical Keyboard,Virginia,18
2025-04-13,Mechanical Keyboard,Virginia,19
2025-04-14,Mechanical Keyboard,Virginia,31
2025-04-15,Mechanical Keyboard,Virginia,22
2025-04-16,Mechanical Keyboard,Virginia,22
2025-04-17,Mechanical Keyboard,Virginia,20
2025-04-18,Mechanical Keyboard,Virginia,24
2025-04-19,Mechanical Keyboard,Virginia,18
2025-04-20,Mechanical Keyboard,Virginia,16
2025-04-21,Mechanical Keyboard,Virginia,23
2025-04-22,Mechanical Keyboard,Virginia,18
2025-04-23,Mechanical Keyboard,Virginia,26
2025-04-24,Mechanical Keyboard,Virginia,21
2025-04-25,Mechanical Keyboard,Virginia,23
2025-04-26,Mechanical Keyboard,Virginia,14
2025-04-27,Mechanical Keyboard,Virginia,16
2025-04-28,Mechanical Keyboard,Virginia,23
2025-04-29,Mechanical Keyboard,Virginia,23
2025-04-30,Mechanical Keyboard,Virginia,25
2025-05-01,Mechanical Keyboard,Virginia,27
2025-05-02,Mechanical Keyboard,Virginia,25
2025-05-03,Mechanical Keyboard,Virginia,19
2025-05-04,Mechanical Keyboard,Virginia,20
2025-05-05,Mechanical Keyboard,Virginia,25
2025-05-06,Mechanical Keyboard,Virginia,23
2025-05-07,Mechanical Keyboard,Virginia,26
2025-05-08,Mechanical Keyboard,Virginia,26
2025-05-09,Mechanical Keyboard,Virginia,25
2025-05-10,Mechanical Keyboard,Virginia,14
2025-05-11,Mechanical Keyboard,Virginia,15
2025-05-12,Mechanical Keyboard,Virginia,22
2025-05-13,Mechanical Keyboard,Virginia,25
2025-05-14,Mechanical Keyboard,Virginia,23
2025-05-15,Mechanical Keyboard,Virginia,26
2025-05-16,Mechanical Keyboard,Virginia,27
2025-05-17,Mechanical Keyboard,Virginia,19
2025-05-18,Mechanical Keyboard,Virginia,19
2025-05-19,Mechanical Keyboard,Virginia,20
2025-05-20,Mechanical Keyboard,Virginia,25
2025-05-21,Mechanical Keyboard,Virginia,21
2025-05-22,Mechanical Keyboard,Virginia,19
2025-05-23,Mechanical Keyboard,Virginia,22
2025-05-24,Mechanical Keyboard,Virginia,20
2025-05-25,Mechanical Keyboard,Virginia,18
2025-05-26,Mechanical Keyboard,Virginia,29
2025-05-27,Mechanical Keyboard,Virginia,24
2025-05-28,Mechanical Keyboard,Virginia,30
2025-05-29,Mechanical Keyboard,Virginia,24
2025-05-30,Mechanical Keyboard,Virginia,23
2025-05-31,Mechanical Keyboard,Virginia,14
2025-06-01,Mechanical Keyboard,Virginia,18
2025-06-02,Mechanical Keyboard,Virginia,21
2025-06-03,Mechanical Keyboard,Virginia,21
2025-06-04,Mechanical Keyboard,Virginia,26
2025-06-05,Mechanical Keyboard,Virginia,25
2025-06-06,Mechanical Keyboard,Virginia,25
2025-06-07,Mechanical Keyboard,Virginia,16
2025-06-08,Mechanical Keyboard,Virginia,16
2025-06-09,Mechanical Keyboard,Virginia,22
2025-06-10,Mechanical Keyboard,Virginia,24
2025-06-11,Mechanical Keyboard,Virginia,26
2025-06-12,Mechanical Keyboard,Virginia,23
2025-06-13,Mechanical Keyboard,Virginia,28
2025-06-14,Mechanical Keyboard,Virginia,18
2025-06-15,Mechanical Keyboard,Virginia,16
2025-06-16,Mechanical Keyboard,Virginia,24
2025-06-17,Mechanical Keyboard,Virginia,27
2025-06-18,Mechanical Keyboard,Virginia,28
2025-06-19,Mechanical Keyboard,Virginia,25
2025-06-20,Mechanical Keyboard,Virginia,22
2025-06-21,Mechanical Keyboard,Virginia,16
2025-06-22,Mechanical Keyboard,Virginia,17
2025-06-23,Mechanical Keyboard,Virginia,27
2025-06-24,Mechanical Keyboard,Virginia,23
2025-06-25,Mechanical Keyboard,Virginia,23
2025-06-26,Mechanical Keyboard,Virginia,22
2025-06-27,Mechanical Keyboard,Virginia,21
2025-06-28,Mechanical Keyboard,Virginia,16
2025-06-29,Mechanical Keyboard,Virginia,17
2025-06-30,Mechanical Keyboard,Virginia,27
2025-07-01,Mechanical Keyboard,Virginia,20
2025-07-02,Mechanical Keyboard,Virginia,21
2025-07-03,Mechanical Keyboard,Virginia,19
2025-07-04,Mechanical Keyboard,Virginia,23
2025-07-05,Mechanical Keyboard,Virginia,18
2025-07-06,Mechanical Keyboard,Virginia,18
2025-07-07,Mechanical Keyboard,Virginia,22
2025-07-08,Mechanical Keyboard,Virginia,22
2025-07-09,Mechanical Keyboard,Virginia,21
2025-07-10,Mechanical Keyboard,Virginia,22
2025-07-11,Mechanical Keyboard,Virginia,22
2025-07-12,Mechanical Keyboard,Virginia,15
2025-07-13,Mechanical Keyboard,Virginia,16
2025-07-14,Mechanical Keyboard,Virginia,22
2025-07-15,Mechanical Keyboard,Virginia,20
2025-07-16,Mechanical Keyboard,Virginia,20
2025-07-17,Mechanical Keyboard,Virginia,25
2025-07-18,Mechanical Keyboard,Virginia,28
2025-07-19,Mechanical Keyboard,Virginia,13
2025-07-20,Mechanical Keyboard,Virginia,13
2025-07-21,Mechanical Keyboard,Virginia,19
2025-07-22,Mechanical Keyboard,Virginia,21
2025-07-23,Mechanical Keyboard,Virginia,23
2025-07-24,Mechanical Keyboard,Virginia,22
2025-07-25,Mechanical Keyboard,Virginia,21
2025-07-26,Mechanical Keyboard,Virginia,16
2025-07-27,Mechanical Keyboard,Virginia,14
2025-07-28,Mechanical Keyboard,Virginia,20
2025-07-29,Mechanical Keyboard,Virginia,21
2025-07-30,Mechanical Keyboard,Virginia,17
2025-07-31,Mechanical Keyboard,Virginia,18
2025-08-01,Mechanical Keyboard,Virginia,17
2025-08-02,Mechanical Keyboard,Virginia,16
2025-08-03,Mechanical Keyboard,Virginia,15
2025-08-04,Mechanical Keyboard,Virginia,21
2025-08-05,Mechanical Keyboard,Virginia,15
2025-08-06,Mechanical Keyboard,Virginia,16
2025-08-07,Mechanical Keyboard,Virginia,21
2025-08-08,Mechanical Keyboard,Virginia,13
2025-08-09,Mechanical Keyboard,Virginia,17
2025-08-10,Mechanical Keyboard,Virginia,11
2025-08-11,Mechanical Keyboard,Virginia,22
2025-08-12,Mechanical Keyboard,Virginia,18
2025-08-13,Mechanical Keyboard,Virginia,22
2025-08-14,Mechanical Keyboard,Virginia,27
2025-08-15,Mechanical Keyboard,Virginia,14
2025-08-16,Mechanical Keyboard,Virginia,16
2025-08-17,Mechanical Keyboard,Virginia,11
2025-08-18,Mechanical Keyboard,Virginia,21
2025-08-19,Mechanical Keyboard,Virginia,19
2025-08-20,Mechanical Keyboard,Virginia,20
2025-08-21,Mechanical Keyboard,Virginia,18
2025-08-22,Mechanical Keyboard,Virginia,22
2025-08-23,Mechanical Keyboard,Virginia,12
2025-08-24,Mechanical Keyboard,Virginia,17
2025-08-25,Mechanical Keyboard,Virginia,19
2025-08-26,Mechanical Keyboard,Virginia,16
2025-08-27,Mechanical Keyboard,Virginia,24
2025-08-28,Mechanical Keyboard,Virginia,20
2025-08-29,Mechanical Keyboard,Virginia,24
2025-08-30,Mechanical Keyboard,Virginia,17
2025-08-31,Mechanical Keyboard,Virginia,13
2025-09-01,Mechanical Keyboard,Virginia,19
2025-09-02,Mechanical Keyboard,Virginia,19
2025-09-03,Mechanical Keyboard,Virginia,22
2025-09-04,Mechanical Keyboard,Virginia,20
2025-09-05,Mechanical Keyboard,Virginia,19
2025-09-06,Mechanical Keyboard,Virginia,13
2025-09-07,Mechanical Keyboard,Virginia,14
2025-09-08,Mechanical Keyboard,Virginia,22
2025-09-09,Mechanical Keyboard,Virginia,19
2025-09-10,Mechanical Keyboard,Virginia,18
2025-09-11,Mechanical Keyboard,Virginia,18
2025-09-12,Mechanical Keyboard,Virginia,18
2025-09-13,Mechanical Keyboard,Virginia,11
2025-09-14,Mechanical Keyboard,Virginia,13
2025-09-15,Mechanical Keyboard,Virginia,22
2025-09-16,Mechanical Keyboard,Virginia,18
2025-09-17,Mechanical Keyboard,Virginia,20
2025-09-18,Mechanical Keyboard,Virginia,13
2025-09-19,Mechanical Keyboard,Virginia,20
2025-09-20,Mechanical Keyboard,Virginia,14
2025-09-21,Mechanical Keyboard,Virginia,13
2025-09-22,Mechanical Keyboard,Virginia,19
2025-09-23,Mechanical Keyboard,Virginia,18
2025-09-24,Mechanical Keyboard,Virginia,14
2025-09-25,Mechanical Keyboard,Virginia,21
2025-09-26,Mechanical Keyboard,Virginia,19
2025-09-27,Mechanical Keyboard,Virginia,13
2025-09-28,Mechanical Keyboard,Virginia,12
2025-09-29,Mechanical Keyboard,Virginia,15
2025-09-30,Mechanical Keyboard,Virginia,19
2025-10-01,Mechanical Keyboard,Virginia,22
2025-10-02,Mechanical Keyboard,Virginia,19
2025-10-03,Mechanical Keyboard,Virginia,15
2025-10-04,Mechanical Keyboard,Virginia,14
2025-10-05,Mechanical Keyboard,Virginia,13
2025-10-06,Mechanical Keyboard,Virginia,20
2025-10-07,Mechanical Keyboard,Virginia,20
2025-10-08,Mechanical Keyboard,Virginia,12
2025-10-09,Mechanical Keyboard,Virginia,20
2025-10-10,Mechanical Keyboard,Virginia,16
2025-10-11,Mechanical Keyboard,Virginia,11
2025-10-12,Mechanical Keyboard,Virginia,13
2025-10-13,Mechanical Keyboard,Virginia,19
2025-10-14,Mechanical Keyboard,Virginia,15
2025-10-15,Mechanical Keyboard,Virginia,20
2025-10-16,Mechanical Keyboard,Virginia,20
2025-10-17,Mechanical Keyboard,Virginia,19
2025-10-18,Mechanical Keyboard,Virginia,12
2025-10-19,Mechanical Keyboard,Virginia,12
2025-10-20,Mechanical Keyboard,Virginia,21
2025-10-21,Mechanical Keyboard,Virginia,15
2025-10-22,Mechanical Keyboard,Virginia,21
2025-10-23,Mechanical Keyboard,Virginia,18
2025-10-24,Mechanical Keyboard,Virginia,18
2025-10-25,Mechanical Keyboard,Virginia,11
2025-10-26,Mechanical Keyboard,Virginia,13
2025-10-27,Mechanical Keyboard,Virginia,20
2025-10-28,Mechanical Keyboard,Virginia,16
2025-10-29,Mechanical Keyboard,Virginia,20
2025-10-30,Mechanical Keyboard,Virginia,19
2025-10-31,Mechanical Keyboard,Virginia,17
2025-11-01,Mechanical Keyboard,Virginia,18
2025-11-02,Mechanical Keyboard,Virginia,12
2025-11-03,Mechanical Keyboard,Virginia,23
2025-11-04,Mechanical Keyboard,Virginia,27
2025-11-05,Mechanical Keyboard,Virginia,26
2025-11-06,Mechanical Keyboard,Virginia,23
2025-11-07,Mechanical Keyboard,Virginia,21
2025-11-08,Mechanical Keyboard,Virginia,15
2025-11-09,Mechanical Keyboard,Virginia,16
2025-11-10,Mechanical Keyboard,Virginia,24
2025-11-11,Mechanical Keyboard,Virginia,20
2025-11-12,Mechanical Keyboard,Virginia,24
2025-11-13,Mechanical Keyboard,Virginia,28
2025-11-14,Mechanical Keyboard,Virginia,22
2025-11-15,Mechanical Keyboard,Virginia,14
2025-11-16,Mechanical Keyboard,Virginia,14
2025-11-17,Mechanical Keyboard,Virginia,24
2025-11-18,Mechanical Keyboard,Virginia,22
2025-11-19,Mechanical Keyboard,Virginia,25
2025-11-20,Mechanical Keyboard,Virginia,21
2025-11-21,Mechanical Keyboard,Virginia,24
2025-11-22,Mechanical Keyboard,Virginia,16
2025-11-23,Mechanical Keyboard,Virginia,15
2025-11-24,Mechanical Keyboard,Virginia,21
2025-11-25,Mechanical Keyboard,Virginia,19
2025-11-26,Mechanical Keyboard,Virginia,28
2025-11-27,Mechanical Keyboard,Virginia,22
2025-11-28,Mechanical Keyboard,Virginia,24
2025-11-29,Mechanical Keyboard,Virginia,15
2025-11-30,Mechanical Keyboard,Virginia,14
2025-12-01,Mechanical Keyboard,Virginia,23
2025-12-02,Mechanical Keyboard,Virginia,26
2025-12-03,Mechanical Keyboard,Virginia,22
2025-12-04,Mechanical Keyboard,Virginia,21
2025-12-05,Mechanical Keyboard,Virginia,24
2025-12-06,Mechanical Keyboard,Virginia,18
2025-12-07,Mechanical Keyboard,Virginia,20
2025-12-08,Mechanical Keyboard,Virginia,24
2025-12-09,Mechanical Keyboard,Virginia,25
2025-12-10,Mechanical Keyboard,Virginia,25
2025-12-11,Mechanical Keyboard,Virginia,20
2025-12-12,Mechanical Keyboard,Virginia,21
2025-12-13,Mechanical Keyboard,Virginia,15
2025-12-14,Mechanical Keyboard,Virginia,14
2025-12-15,Mechanical Keyboard,Virginia,26
2025-12-16,Mechanical Keyboard,Virginia,24
2025-12-17,Mechanical Keyboard,Virginia,24
2025-12-18,Mechanical Keyboard,Virginia,16
2025-12-19,Mechanical Keyboard,Virginia,29
2025-12-20,Mechanical Keyboard,Virginia,15
2025-12-21,Mechanical Keyboard,Virginia,21
2025-12-22,Mechanical Keyboard,Virginia,19
2025-12-23,Mechanical Keyboard,Virginia,21
2025-12-24,Mechanical Keyboard,Virginia,17
2025-12-25,Mechanical Keyboard,Virginia,24
2025-12-26,Mechanical Keyboard,Virginia,20
2025-12-27,Mechanical Keyboard,Virginia,15
2025-12-28,Mechanical Keyboard,Virginia,14
2025-12-29,Mechanical Keyboard,Virginia,25
2025-12-30,Mechanical Keyboard,Virginia,25
2025-12-31,Mechanical Keyboard,Virginia,28
2026-01-01,Mechanical Keyboard,Virginia,19
2026-01-02,Mechanical Keyboard,Virginia,22
2026-01-03,Mechanical Keyboard,Virginia,13
2026-01-04,Mechanical Keyboard,Virginia,15
2026-01-05,Mechanical Keyboard,Virginia,20
2026-01-06,Mechanical Keyboard,Virginia,22
2026-01-07,Mechanical Keyboard,Virginia,24
2026-01-08,Mechanical Keyboard,Virginia,23
2026-01-09,Mechanical Keyboard,Virginia,19
2026-01-10,Mechanical Keyboard,Virginia,17
2026-01-11,Mechanical Keyboard,Virginia,15
2026-01-12,Mechanical Keyboard,Virginia,20
2026-01-13,Mechanical Keyboard,Virginia,19
2026-01-14,Mechanical Keyboard,Virginia,20
2026-01-15,Mechanical Keyboard,Virginia,25
2026-01-16,Mechanical Keyboard,Virginia,22
2026-01-17,Mechanical Keyboard,Virginia,16
2026-01-18,Mechanical Keyboard,Virginia,15
2026-01-19,Mechanical Keyboard,Virginia,27
2026-01-20,Mechanical Keyboard,Virginia,24
2026-01-21,Mechanical Keyboard,Virginia,19
2026-01-22,Mechanical Keyboard,Virginia,20
2026-01-23,Mechanical Keyboard,Virginia,20
2026-01-24,Mechanical Keyboard,Virginia,16
2026-01-25,Mechanical Keyboard,Virginia,14
2026-01-26,Mechanical Keyboard,Virginia,22
2026-01-27,Mechanical Keyboard,Virginia,25
2026-01-28,Mechanical Keyboard,Virginia,18
2026-01-29,Mechanical Keyboard,Virginia,18
2026-01-30,Mechanical Keyboard,Virginia,20
2026-01-31,Mechanical Keyboard,Virginia,15
2026-02-01,Mechanical Keyboard,Virginia,20
2026-02-02,Mechanical Keyboard,Virginia,25
2026-02-03,Mechanical Keyboard,Virginia,25
2026-02-04,Mechanical Keyboard,Virginia,22
2026-02-05,Mechanical Keyboard,Virginia,21
2026-02-06,Mechanical Keyboard,Virginia,18
2026-02-07,Mechanical Keyboard,Virginia,18
2026-02-08,Mechanical Keyboard,Virginia,17
2026-02-09,Mechanical Keyboard,Virginia,26
2026-02-10,Mechanical Keyboard,Virginia,22
2026-02-11,Mechanical Keyboard,Virginia,22
2026-02-12,Mechanical Keyboard,Virginia,23
2026-02-13,Mechanical Keyboard,Virginia,25
2026-02-14,Mechanical Keyboard,Virginia,13
2026-02-15,Mechanical Keyboard,Virginia,18
2026-02-16,Mechanical Keyboard,Virginia,22
2026-02-17,Mechanical Keyboard,Virginia,19
2026-02-18,Mechanical Keyboard,Virginia,17
2026-02-19,Mechanical Keyboard,Virginia,22
2026-02-20,Mechanical Keyboard,Virginia,26
2026-02-21,Mechanical Keyboard,Virginia,20
2026-02-22,Mechanical Keyboard,Virginia,17
2026-02-23,Mechanical Keyboard,Virginia,28
2026-02-24,Mechanical Keyboard,Virginia,22
2026-02-25,Mechanical Keyboard,Virginia,25
2026-02-26,Mechanical Keyboard,Virginia,21
2026-02-27,Mechanical Keyboard,Virginia,21
2026-02-28,Mechanical Keyboard,Virginia,15
2026-03-01,Mechanical Keyboard,Virginia,13
2026-03-02,Mechanical Keyboard,Virginia,27
2026-03-03,Mechanical Keyboard,Virginia,21
2026-03-04,Mechanical Keyboard,Virginia,21
2026-03-05,Mechanical Keyboard,Virginia,20
2026-03-06,Mechanical Keyboard,Virginia,23
2026-03-07,Mechanical Keyboard,Virginia,21
2026-03-08,Mechanical Keyboard,Virginia,21
2026-03-09,Mechanical Keyboard,Virginia,19
2026-03-10,Mechanical Keyboard,Virginia,22
2026-03-11,Mechanical Keyboard,Virginia,20
2026-03-12,Mechanical Keyboard,Virginia,26
2026-03-13,Mechanical Keyboard,Virginia,24
2026-03-14,Mechanical Keyboard,Virginia,16
2026-03-15,Mechanical Keyboard,Virginia,17
2026-03-16,Mechanical Keyboard,Virginia,22
2026-03-17,Mechanical Keyboard,Virginia,28
2026-03-18,Mechanical Keyboard,Virginia,25
2026-03-19,Mechanical Keyboard,Virginia,25
2026-03-20,Mechanical Keyboard,Virginia,16
2026-03-21,Mechanical Keyboard,Virginia,17
2026-03-22,Mechanical Keyboard,Virginia,21
2026-03-23,Mechanical Keyboard,Virginia,27
2026-03-24,Mechanical Keyboard,Virginia,18
2026-03-25,Mechanical Keyboard,Virginia,22
2026-03-26,Mechanical Keyboard,Virginia,20
2026-03-27,Mechanical Keyboard,Virginia,28
2026-03-28,Mechanical Keyboard,Virginia,17
2026-03-29,Mechanical Keyboard,Virginia,15
2026-03-30,Mechanical Keyboard,Virginia,23
2026-03-31,Mechanical Keyboard,Virginia,16
2026-04-01,Mechanical Keyboard,Virginia,20
2026-04-02,Mechanical Keyboard,Virginia,24
2026-04-03,Mechanical Keyboard,Virginia,26
2026-04-04,Mechanical Keyboard,Virginia,13
2026-04-05,Mechanical Keyboard,Virginia,16
2026-04-06,Mechanical Keyboard,Virginia,26
2026-04-07,Mechanical Keyboard,Virginia,19
2026-04-08,Mechanical Keyboard,Virginia,24
2026-04-09,Mechanical Keyboard,Virginia,24
2026-04-10,Mechanical Keyboard,Virginia,28
2026-04-11,Mechanical Keyboard,Virginia,17
2026-04-12,Mechanical Keyboard,Virginia,17
2026-04-13,Mechanical Keyboard,Virginia,26
2026-04-14,Mechanical Keyboard,Virginia,20
2026-04-15,Mechanical Keyboard,Virginia,23
2026-04-16,Mechanical Keyboard,Virginia,22
2026-04-17,Mechanical Keyboard,Virginia,23
2026-04-18,Mechanical Keyboard,Virginia,19
2026-04-19,Mechanical Keyboard,Virginia,18
2026-04-20,Mechanical Keyboard,Virginia,21
2026-04-21,Mechanical Keyboard,Virginia,24
2026-04-22,Mechanical Keyboard,Virginia,28
2026-04-23,Mechanical Keyboard,Virginia,21
2026-04-24,Mechanical Keyboard,Virginia,24
2026-04-25,Mechanical Keyboard,Virginia,17
2026-04-26,Mechanical Keyboard,Virginia,17
2026-04-27,Mechanical Keyboard,Virginia,19
2026-04-28,Mechanical Keyboard,Virginia,28
2026-04-29,Mechanical Keyboard,Virginia,21
2026-04-30,Mechanical Keyboard,Virginia,26
2026-05-01,Mechanical Keyboard,Virginia,21
2026-05-02,Mechanical Keyboard,Virginia,16
2026-05-03,Mechanical Keyboard,Virginia,19
2026-05-04,Mechanical Keyboard,Virginia,26
2026-05-05,Mechanical Keyboard,Virginia,24
2026-05-06,Mechanical Keyboard,Virginia,25
2026-05-07,Mechanical Keyboard,Virginia,22
2026-05-08,Mechanical Keyboard,Virginia,23
2026-05-09,Mechanical Keyboard,Virginia,16
2026-05-10,Mechanical Keyboard,Virginia,19
2026-05-11,Mechanical Keyboard,Virginia,21
2026-05-12,Mechanical Keyboard,Virginia,27
2026-05-13,Mechanical Keyboard,Virginia,22
2026-05-14,Mechanical Keyboard,Virginia,23
2026-05-15,Mechanical Keyboard,Virginia,25
2026-05-16,Mechanical Keyboard,Virginia,17
2026-05-17,Mechanical Keyboard,Virginia,16
2026-05-18,Mechanical Keyboard,Virginia,23
2026-05-19,Mechanical Keyboard,Virginia,26
2026-05-20,Mechanical Keyboard,Virginia,21
2026-05-21,Mechanical Keyboard,Virginia,23
2026-05-22,Mechanical Keyboard,Virginia,23
2026-05-23,Mechanical Keyboard,Virginia,19
2026-05-24,Mechanical Keyboard,Virginia,17
2026-05-25,Mechanical Keyboard,Virginia,28
2026-05-26,Mechanical Keyboard,Virginia,23
2026-05-27,Mechanical Keyboard,Virginia,23
2026-05-28,Mechanical Keyboard,Virginia,23
2026-05-29,Mechanical Keyboard,Virginia,20
2026-05-30,Mechanical Keyboard,Virginia,15
2026-05-31,Mechanical Keyboard,Virginia,16
2026-06-01,Mechanical Keyboard,Virginia,25
2026-06-02,Mechanical Keyboard,Virginia,22
2026-06-03,Mechanical Keyboard,Virginia,21
2026-06-04,Mechanical Keyboard,Virginia,26
2026-06-05,Mechanical Keyboard,Virginia,26
2026-06-06,Mechanical Keyboard,Virginia,19
2026-06-07,Mechanical Keyboard,Virginia,15
2026-06-08,Mechanical Keyboard,Virginia,21
2026-06-09,Mechanical Keyboard,Virginia,27
2026-06-10,Mechanical Keyboard,Virginia,23
2026-06-11,Mechanical Keyboard,Virginia,22
2026-06-12,Mechanical Keyboard,Virginia,24
2026-06-13,Mechanical Keyboard,Virginia,18
2026-06-14,Mechanical Keyboard,Virginia,15
2026-06-15,Mechanical Keyboard,Virginia,23
2026-06-16,Mechanical Keyboard,Virginia,25
2026-06-17,Mechanical Keyboard,Virginia,19
2026-06-18,Mechanical Keyboard,Virginia,22
2026-06-19,Mechanical Keyboard,Virginia,19
2026-06-20,Mechanical Keyboard,Virginia,14
2026-06-21,Mechanical Keyboard,Virginia,15
2026-06-22,Mechanical Keyboard,Virginia,24
2026-06-23,Mechanical Keyboard,Virginia,21
2026-06-24,Mechanical Keyboard,Virginia,21
2026-06-25,Mechanical Keyboard,Virginia,22
2026-06-26,Mechanical Keyboard,Virginia,19
2026-06-27,Mechanical Keyboard,Virginia,17
2026-06-28,Mechanical Keyboard,Virginia,19
2026-06-29,Mechanical Keyboard,Virginia,22
2026-06-30,Mechanical Keyboard,Virginia,22
2026-07-01,Mechanical Keyboard,Virginia,22
2026-07-02,Mechanical Keyboard,Virginia,16
2026-07-03,Mechanical Keyboard,Virginia,22
2026-07-04,Mechanical Keyboard,Virginia,21
2026-07-05,Mechanical Keyboard,Virginia,15
2026-07-06,Mechanical Keyboard,Virginia,21
2026-07-07,Mechanical Keyboard,Virginia,23
2026-07-08,Mechanical Keyboard,Virginia,25
2026-07-09,Mechanical Keyboard,Virginia,23
2026-07-10,Mechanical Keyboard,Virginia,16
2026-07-11,Mechanical Keyboard,Virginia,16
2026-07-12,Mechanical Keyboard,Virginia,20
2026-07-13,Mechanical Keyboard,Virginia,23
2026-07-14,Mechanical Keyboard,Virginia,18
2026-07-15,Mechanical Keyboard,Virginia,22
2026-07-16,Mechanical Keyboard,Virginia,18
2026-07-17,Mechanical Keyboard,Virginia,24
2026-07-18,Mechanical Keyboard,Virginia,14
2026-07-19,Mechanical Keyboard,Virginia,16
2026-07-20,Mechanical Keyboard,Virginia,19
2026-07-21,Mechanical Keyboard,Virginia,20
2026-07-22,Mechanical Keyboard,Virginia,25
2026-07-23,Mechanical Keyboard,Virginia,21
2026-07-24,Mechanical Keyboard,Virginia,20
2026-07-25,Mechanical Keyboard,Virginia,13
2026-07-26,Mechanical Keyboard,Virginia,12
2026-07-27,Mechanical Keyboard,Virginia,18
2026-07-28,Mechanical Keyboard,Virginia,21
2026-07-29,Mechanical Keyboard,Virginia,23
2026-07-30,Mechanical Keyboard,Virginia,20
2026-07-31,Mechanical Keyboard,Virginia,25
2026-08-01,Mechanical Keyboard,Virginia,13
2026-08-02,Mechanical Keyboard,Virginia,14
2026-08-03,Mechanical Keyboard,Virginia,17
2026-08-04,Mechanical Keyboard,Virginia,22
2026-08-05,Mechanical Keyboard,Virginia,25
2026-08-06,Mechanical Keyboard,Virginia,16
2026-08-07,Mechanical Keyboard,Virginia,19
2026-08-08,Mechanical Keyboard,Virginia,17
2026-08-09,Mechanical Keyboard,Virginia,12
2026-08-10,Mechanical Keyboard,Virginia,21
2026-08-11,Mechanical Keyboard,Virginia,23
2026-08-12,Mechanical Keyboard,Virginia,20
2026-08-13,Mechanical Keyboard,Virginia,21
2026-08-14,Mechanical Keyboard,Virginia,24
2026-08-15,Mechanical Keyboard,Virginia,18
2026-08-16,Mechanical Keyboard,Virginia,14
2026-08-17,Mechanical Keyboard,Virginia,18
2026-08-18,Mechanical Keyboard,Virginia,18
2026-08-19,Mechanical Keyboard,Virginia,22
2026-08-20,Mechanical Keyboard,Virginia,16
2026-08-21,Mechanical Keyboard,Virginia,19
2026-08-22,Mechanical Keyboard,Virginia,15
2026-08-23,Mechanical Keyboard,Virginia,14
2026-08-24,Mechanical Keyboard,Virginia,20
2026-08-25,Mechanical Keyboard,Virginia,26
2026-08-26,Mechanical Keyboard,Virginia,19
2026-08-27,Mechanical Keyboard,Virginia,19
2026-08-28,Mechanical Keyboard,Virginia,22
2026-08-29,Mechanical Keyboard,Virginia,15
2026-08-30,Mechanical Keyboard,Virginia,17
2026-08-31,Mechanical Keyboard,Virginia,20
2026-09-01,Mechanical Keyboard,Virginia,18
2026-09-02,Mechanical Keyboard,Virginia,15
2026-09-03,Mechanical Keyboard,Virginia,15
2026-09-04,Mechanical Keyboard,Virginia,15
2026-09-05,Mechanical Keyboard,Virginia,14
2026-09-06,Mechanical Keyboard,Virginia,12
2026-09-07,Mechanical Keyboard,Virginia,22
2026-09-08,Mechanical Keyboard,Virginia,19
2026-09-09,Mechanical Keyboard,Virginia,18
2026-09-10,Mechanical Keyboard,Virginia,17
2026-09-11,Mechanical Keyboard,Virginia,20
2026-09-12,Mechanical Keyboard,Virginia,12
2026-09-13,Mechanical Keyboard,Virginia,12
2026-09-14,Mechanical Keyboard,Virginia,22
2026-09-15,Mechanical Keyboard,Virginia,20
2026-09-16,Mechanical Keyboard,Virginia,18
2026-09-17,Mechanical Keyboard,Virginia,20
2026-09-18,Mechanical Keyboard,Virginia,19
2026-09-19,Mechanical Keyboard,Virginia,14
2026-09-20,Mechanical Keyboard,Virginia,12
2026-09-21,Mechanical Keyboard,Virginia,23
2026-09-22,Mechanical Keyboard,Virginia,18
2026-09-23,Mechanical Keyboard,Virginia,22
2026-09-24,Mechanical Keyboard,Virginia,18
2026-09-25,Mechanical Keyboard,Virginia,21
2026-09-26,Mechanical Keyboard,Virginia,15
2026-09-27,Mechanical Keyboard,Virginia,16
2026-09-28,Mechanical Keyboard,Virginia,17
2025-01-01,Wireless Mouse,Florida,65
2025-01-02,Wireless Mouse,Florida,71
2025-01-03,Wireless Mouse,Florida,56
2025-01-04,Wireless Mouse,Florida,43
2025-01-05,Wireless Mouse,Florida,40
2025-01-06,Wireless Mouse,Florida,56
2025-01-07,Wireless Mouse,Florida,70
2025-01-08,Wireless Mouse,Florida,51
2025-01-09,Wireless Mouse,Florida,51
2025-01-10,Wireless Mouse,Florida,69
2025-01-11,Wireless Mouse,Florida,46
2025-01-12,Wireless Mouse,Florida,53
2025-01-13,Wireless Mouse,Florida,55
2025-01-14,Wireless Mouse,Florida,59
2025-01-15,Wireless Mouse,Florida,53
2025-01-16,Wireless Mouse,Florida,59
2025-01-17,Wireless Mouse,Florida,46
2025-01-18,Wireless Mouse,Florida,46
2025-01-19,Wireless Mouse,Florida,44
2025-01-20,Wireless Mouse,Florida,58
2025-01-21,Wireless Mouse,Florida,55
2025-01-22,Wireless Mouse,Florida,52
2025-01-23,Wireless Mouse,Florida,63
2025-01-24,Wireless Mouse,Florida,50
2025-01-25,Wireless Mouse,Florida,45
2025-01-26,Wireless Mouse,Florida,53
2025-01-27,Wireless Mouse,Florida,68
2025-01-28,Wireless Mouse,Florida,47
2025-01-29,Wireless Mouse,Florida,54
2025-01-30,Wireless Mouse,Florida,61
2025-01-31,Wireless Mouse,Florida,57
2025-02-01,Wireless Mouse,Florida,37
2025-02-02,Wireless Mouse,Florida,47
2025-02-03,Wireless Mouse,Florida,61
2025-02-04,Wireless Mouse,Florida,76
2025-02-05,Wireless Mouse,Florida,60
2025-02-06,Wireless Mouse,Florida,70
2025-02-07,Wireless Mouse,Florida,52
2025-02-08,Wireless Mouse,Florida,39
2025-02-09,Wireless Mouse,Florida,49
2025-02-10,Wireless Mouse,Florida,69
2025-02-11,Wireless Mouse,Florida,54
2025-02-12,Wireless Mouse,Florida,62
2025-02-13,Wireless Mouse,Florida,51
2025-02-14,Wireless Mouse,Florida,60
2025-02-15,Wireless Mouse,Florida,49
2025-02-16,Wireless Mouse,Florida,43
2025-02-17,Wireless Mouse,Florida,60
2025-02-18,Wireless Mouse,Florida,53
2025-02-19,Wireless Mouse,Florida,57
2025-02-20,Wireless Mouse,Florida,74
2025-02-21,Wireless Mouse,Florida,62
2025-02-22,Wireless Mouse,Florida,40
2025-02-23,Wireless Mouse,Florida,43
2025-02-24,Wireless Mouse,Florida,50
2025-02-25,Wireless Mouse,Florida,54
2025-02-26,Wireless Mouse,Florida,71
2025-02-27,Wireless Mouse,Florida,60
2025-02-28,Wireless Mouse,Florida,75
2025-03-01,Wireless Mouse,Florida,46
2025-03-02,Wireless Mouse,Florida,47
2025-03-03,Wireless Mouse,Florida,69
2025-03-04,Wireless Mouse,Florida,43
2025-03-05,Wireless Mouse,Florida,66
2025-03-06,Wireless Mouse,Florida,64
2025-03-07,Wireless Mouse,Florida,75
2025-03-08,Wireless Mouse,Florida,52
2025-03-09,Wireless Mouse,Florida,40
2025-03-10,Wireless Mouse,Florida,74
2025-03-11,Wireless Mouse,Florida,62
2025-03-12,Wireless Mouse,Florida,57
2025-03-13,Wireless Mouse,Florida,65
2025-03-14,Wireless Mouse,Florida,62
2025-03-15,Wireless Mouse,Florida,55
2025-03-16,Wireless Mouse,Florida,49
2025-03-17,Wireless Mouse,Florida,66
2025-03-18,Wireless Mouse,Florida,71
2025-03-19,Wireless Mouse,Florida,72
2025-03-20,Wireless Mouse,Florida,70
2025-03-21,Wireless Mouse,Florida,75
2025-03-22,Wireless Mouse,Florida,50
2025-03-23,Wireless Mouse,Florida,48
2025-03-24,Wireless Mouse,Florida,73
2025-03-25,Wireless Mouse,Florida,63
2025-03-26,Wireless Mouse,Florida,64
2025-03-27,Wireless Mouse,Florida,77
2025-03-28,Wireless Mouse,Florida,76
2025-03-29,Wireless Mouse,Florida,47
2025-03-30,Wireless Mouse,Florida,44
2025-03-31,Wireless Mouse,Florida,75
2025-04-01,Wireless Mouse,Florida,71
2025-04-02,Wireless Mouse,Florida,67
2025-04-03,Wireless Mouse,Florida,62
2025-04-04,Wireless Mouse,Florida,67
2025-04-05,Wireless Mouse,Florida,47
2025-04-06,Wireless Mouse,Florida,44
2025-04-07,Wireless Mouse,Florida,66
2025-04-08,Wireless Mouse,Florida,67
2025-04-09,Wireless Mouse,Florida,62
2025-04-10,Wireless Mouse,Florida,72
2025-04-11,Wireless Mouse,Florida,75
2025-04-12,Wireless Mouse,Florida,53
2025-04-13,Wireless Mouse,Florida,46
2025-04-14,Wireless Mouse,Florida,71
2025-04-15,Wireless Mouse,Florida,66
2025-04-16,Wireless Mouse,Florida,55
2025-04-17,Wireless Mouse,Florida,70
2025-04-18,Wireless Mouse,Florida,66
2025-04-19,Wireless Mouse,Florida,62
2025-04-20,Wireless Mouse,Florida,56
2025-04-21,Wireless Mouse,Florida,70
2025-04-22,Wireless Mouse,Florida,67
2025-04-23,Wireless Mouse,Florida,66
2025-04-24,Wireless Mouse,Florida,57
2025-04-25,Wireless Mouse,Florida,51
2025-04-26,Wireless Mouse,Florida,43
2025-04-27,Wireless Mouse,Florida,47
2025-04-28,Wireless Mouse,Florida,49
2025-04-29,Wireless Mouse,Florida,61
2025-04-30,Wireless Mouse,Florida,63
2025-05-01,Wireless Mouse,Florida,62
2025-05-02,Wireless Mouse,Florida,59
2025-05-03,Wireless Mouse,Florida,45
2025-05-04,Wireless Mouse,Florida,57
2025-05-05,Wireless Mouse,Florida,69
2025-05-06,Wireless Mouse,Florida,60
2025-05-07,Wireless Mouse,Florida,63
2025-05-08,Wireless Mouse,Florida,64
2025-05-09,Wireless Mouse,Florida,58
2025-05-10,Wireless Mouse,Florida,43
2025-05-11,Wireless Mouse,Florida,53
2025-05-12,Wireless Mouse,Florida,61
2025-05-13,Wireless Mouse,Florida,56
2025-05-14,Wireless Mouse,Florida,64
2025-05-15,Wireless Mouse,Florida,65
2025-05-16,Wireless Mouse,Florida,49
2025-05-17,Wireless Mouse,Florida,47
2025-05-18,Wireless Mouse,Florida,52
2025-05-19,Wireless Mouse,Florida,67
2025-05-20,Wireless Mouse,Florida,81
2025-05-21,Wireless Mouse,Florida,74
2025-05-22,Wireless Mouse,Florida,75
2025-05-23,Wireless Mouse,Florida,85
2025-05-24,Wireless Mouse,Florida,51
2025-05-25,Wireless Mouse,Florida,48
2025-05-26,Wireless Mouse,Florida,71
2025-05-27,Wireless Mouse,Florida,60
2025-05-28,Wireless Mouse,Florida,65
2025-05-29,Wireless Mouse,Florida,59
2025-05-30,Wireless Mouse,Florida,67
2025-05-31,Wireless Mouse,Florida,43
2025-06-01,Wireless Mouse,Florida,41
2025-06-02,Wireless Mouse,Florida,64
2025-06-03,Wireless Mouse,Florida,60
2025-06-04,Wireless Mouse,Florida,47
2025-06-05,Wireless Mouse,Florida,51
2025-06-06,Wireless Mouse,Florida,53
2025-06-07,Wireless Mouse,Florida,40
2025-06-08,Wireless Mouse,Florida,47
2025-06-09,Wireless Mouse,Florida,63
2025-06-10,Wireless Mouse,Florida,69
2025-06-11,Wireless Mouse,Florida,67
2025-06-12,Wireless Mouse,Florida,69
2025-06-13,Wireless Mouse,Florida,66
2025-06-14,Wireless Mouse,Florida,46
2025-06-15,Wireless Mouse,Florida,51
2025-06-16,Wireless Mouse,Florida,68
2025-06-17,Wireless Mouse,Florida,64
2025-06-18,Wireless Mouse,Florida,71
2025-06-19,Wireless Mouse,Florida,44
2025-06-20,Wireless Mouse,Florida,59
2025-06-21,Wireless Mouse,Florida,43
2025-06-22,Wireless Mouse,Florida,51
2025-06-23,Wireless Mouse,Florida,73
2025-06-24,Wireless Mouse,Florida,51
2025-06-25,Wireless Mouse,Florida,72
2025-06-26,Wireless Mouse,Florida,53
2025-06-27,Wireless Mouse,Florida,53
2025-06-28,Wireless Mouse,Florida,44
2025-06-29,Wireless Mouse,Florida,43
2025-06-30,Wireless Mouse,Florida,50
2025-07-01,Wireless Mouse,Florida,62
2025-07-02,Wireless Mouse,Florida,63
2025-07-03,Wireless Mouse,Florida,65
2025-07-04,Wireless Mouse,Florida,55
2025-07-05,Wireless Mouse,Florida,42
2025-07-06,Wireless Mouse,Florida,42
2025-07-07,Wireless Mouse,Florida,70
2025-07-08,Wireless Mouse,Florida,38
2025-07-09,Wireless Mouse,Florida,51
2025-07-10,Wireless Mouse,Florida,58
2025-07-11,Wireless Mouse,Florida,50
2025-07-12,Wireless Mouse,Florida,41
2025-07-13,Wireless Mouse,Florida,42
2025-07-14,Wireless Mouse,Florida,53
2025-07-15,Wireless Mouse,Florida,58
2025-07-16,Wireless Mouse,Florida,62
2025-07-17,Wireless Mouse,Florida,56
2025-07-18,Wireless Mouse,Florida,55
2025-07-19,Wireless Mouse,Florida,42
2025-07-20,Wireless Mouse,Florida,42
2025-07-21,Wireless Mouse,Florida,46
2025-07-22,Wireless Mouse,Florida,61
2025-07-23,Wireless Mouse,Florida,55
2025-07-24,Wireless Mouse,Florida,67
2025-07-25,Wireless Mouse,Florida,62
2025-07-26,Wireless Mouse,Florida,48
2025-07-27,Wireless Mouse,Florida,37
2025-07-28,Wireless Mouse,Florida,55
2025-07-29,Wireless Mouse,Florida,49
2025-07-30,Wireless Mouse,Florida,53
2025-07-31,Wireless Mouse,Florida,67
2025-08-01,Wireless Mouse,Florida,64
2025-08-02,Wireless Mouse,Florida,34
2025-08-03,Wireless Mouse,Florida,38
2025-08-04,Wireless Mouse,Florida,54
2025-08-05,Wireless Mouse,Florida,58
2025-08-06,Wireless Mouse,Florida,43
2025-08-07,Wireless Mouse,Florida,44
2025-08-08,Wireless Mouse,Florida,58
2025-08-09,Wireless Mouse,Florida,31
2025-08-10,Wireless Mouse,Florida,38
2025-08-11,Wireless Mouse,Florida,56
2025-08-12,Wireless Mouse,Florida,57
2025-08-13,Wireless Mouse,Florida,54
2025-08-14,Wireless Mouse,Florida,52
2025-08-15,Wireless Mouse,Florida,60
2025-08-16,Wireless Mouse,Florida,41
2025-08-17,Wireless Mouse,Florida,37
2025-08-18,Wireless Mouse,Florida,55
2025-08-19,Wireless Mouse,Florida,57
2025-08-20,Wireless Mouse,Florida,66
2025-08-21,Wireless Mouse,Florida,60
2025-08-22,Wireless Mouse,Florida,62
2025-08-23,Wireless Mouse,Florida,37
2025-08-24,Wireless Mouse,Florida,37
2025-08-25,Wireless Mouse,Florida,53
2025-08-26,Wireless Mouse,Florida,54
2025-08-27,Wireless Mouse,Florida,48
2025-08-28,Wireless Mouse,Florida,63
2025-08-29,Wireless Mouse,Florida,60
2025-08-30,Wireless Mouse,Florida,38
2025-08-31,Wireless Mouse,Florida,43
2025-09-01,Wireless Mouse,Florida,53
2025-09-02,Wireless Mouse,Florida,56
2025-09-03,Wireless Mouse,Florida,44
2025-09-04,Wireless Mouse,Florida,51
2025-09-05,Wireless Mouse,Florida,52
2025-09-06,Wireless Mouse,Florida,41
2025-09-07,Wireless Mouse,Florida,35
2025-09-08,Wireless Mouse,Florida,36
2025-09-09,Wireless Mouse,Florida,45
2025-09-10,Wireless Mouse,Florida,52
2025-09-11,Wireless Mouse,Florida,52
2025-09-12,Wireless Mouse,Florida,62
2025-09-13,Wireless Mouse,Florida,41
2025-09-14,Wireless Mouse,Florida,38
2025-09-15,Wireless Mouse,Florida,52
2025-09-16,Wireless Mouse,Florida,59
2025-09-17,Wireless Mouse,Florida,48
2025-09-18,Wireless Mouse,Florida,51
2025-09-19,Wireless Mouse,Florida,45
2025-09-20,Wireless Mouse,Florida,44
2025-09-21,Wireless Mouse,Florida,40
2025-09-22,Wireless Mouse,Florida,48
2025-09-23,Wireless Mouse,Florida,51
2025-09-24,Wireless Mouse,Florida,55
2025-09-25,Wireless Mouse,Florida,50
2025-09-26,Wireless Mouse,Florida,49
2025-09-27,Wireless Mouse,Florida,35
2025-09-28,Wireless Mouse,Florida,40
2025-09-29,Wireless Mouse,Florida,50
2025-09-30,Wireless Mouse,Florida,49
2025-10-01,Wireless Mouse,Florida,43
2025-10-02,Wireless Mouse,Florida,51
2025-10-03,Wireless Mouse,Florida,50
2025-10-04,Wireless Mouse,Florida,36
2025-10-05,Wireless Mouse,Florida,38
2025-10-06,Wireless Mouse,Florida,56
2025-10-07,Wireless Mouse,Florida,55
2025-10-08,Wireless Mouse,Florida,54
2025-10-09,Wireless Mouse,Florida,50
2025-10-10,Wireless Mouse,Florida,48
2025-10-11,Wireless Mouse,Florida,33
2025-10-12,Wireless Mouse,Florida,35
2025-10-13,Wireless Mouse,Florida,51
2025-10-14,Wireless Mouse,Florida,46
2025-10-15,Wireless Mouse,Florida,52
2025-10-16,Wireless Mouse,Florida,45
2025-10-17,Wireless Mouse,Florida,41
2025-10-18,Wireless Mouse,Florida,41
2025-10-19,Wireless Mouse,Florida,35
2025-10-20,Wireless Mouse,Florida,46
2025-10-21,Wireless Mouse,Florida,44
2025-10-22,Wireless Mouse,Florida,54
2025-10-23,Wireless Mouse,Florida,59
2025-10-24,Wireless Mouse,Florida,49
2025-10-25,Wireless Mouse,Florida,36
2025-10-26,Wireless Mouse,Florida,42
2025-10-27,Wireless Mouse,Florida,40
2025-10-28,Wireless Mouse,Florida,63
2025-10-29,Wireless Mouse,Florida,66
2025-10-30,Wireless Mouse,Florida,34
2025-10-31,Wireless Mouse,Florida,50
2025-11-01,Wireless Mouse,Florida,41
2025-11-02,Wireless Mouse,Florida,43
2025-11-03,Wireless Mouse,Florida,58
2025-11-04,Wireless Mouse,Florida,67
2025-11-05,Wireless Mouse,Florida,60
2025-11-06,Wireless Mouse,Florida,55
2025-11-07,Wireless Mouse,Florida,60
2025-11-08,Wireless Mouse,Florida,48
2025-11-09,Wireless Mouse,Florida,38
2025-11-10,Wireless Mouse,Florida,49
2025-11-11,Wireless Mouse,Florida,76
2025-11-12,Wireless Mouse,Florida,57
2025-11-13,Wireless Mouse,Florida,60
2025-11-14,Wireless Mouse,Florida,58
2025-11-15,Wireless Mouse,Florida,48
2025-11-16,Wireless Mouse,Florida,54
2025-11-17,Wireless Mouse,Florida,66
2025-11-18,Wireless Mouse,Florida,50
2025-11-19,Wireless Mouse,Florida,51
2025-11-20,Wireless Mouse,Florida,58
2025-11-21,Wireless Mouse,Florida,59
2025-11-22,Wireless Mouse,Florida,36
2025-11-23,Wireless Mouse,Florida,49
2025-11-24,Wireless Mouse,Florida,53
2025-11-25,Wireless Mouse,Florida,72
2025-11-26,Wireless Mouse,Florida,75
2025-11-27,Wireless Mouse,Florida,59
2025-11-28,Wireless Mouse,Florida,65
2025-11-29,Wireless Mouse,Florida,38
2025-11-30,Wireless Mouse,Florida,48
2025-12-01,Wireless Mouse,Florida,60
2025-12-02,Wireless Mouse,Florida,56
2025-12-03,Wireless Mouse,Florida,62
2025-12-04,Wireless Mouse,Florida,61
2025-12-05,Wireless Mouse,Florida,62
2025-12-06,Wireless Mouse,Florida,52
2025-12-07,Wireless Mouse,Florida,43
2025-12-08,Wireless Mouse,Florida,78
2025-12-09,Wireless Mouse,Florida,54
2025-12-10,Wireless Mouse,Florida,77
2025-12-11,Wireless Mouse,Florida,56
2025-12-12,Wireless Mouse,Florida,64
2025-12-13,Wireless Mouse,Florida,44
2025-12-14,Wireless Mouse,Florida,45
2025-12-15,Wireless Mouse,Florida,70
2025-12-16,Wireless Mouse,Florida,76
2025-12-17,Wireless Mouse,Florida,73
2025-12-18,Wireless Mouse,Florida,61
2025-12-19,Wireless Mouse,Florida,66
2025-12-20,Wireless Mouse,Florida,43
2025-12-21,Wireless Mouse,Florida,41
2025-12-22,Wireless Mouse,Florida,55
2025-12-23,Wireless Mouse,Florida,61
2025-12-24,Wireless Mouse,Florida,66
2025-12-25,Wireless Mouse,Florida,50
2025-12-26,Wireless Mouse,Florida,64
2025-12-27,Wireless Mouse,Florida,56
2025-12-28,Wireless Mouse,Florida,53
2025-12-29,Wireless Mouse,Florida,60
2025-12-30,Wireless Mouse,Florida,54
2025-12-31,Wireless Mouse,Florida,68
2026-01-01,Wireless Mouse,Florida,42
2026-01-02,Wireless Mouse,Florida,66
2026-01-03,Wireless Mouse,Florida,41
2026-01-04,Wireless Mouse,Florida,52
2026-01-05,Wireless Mouse,Florida,46
2026-01-06,Wireless Mouse,Florida,64
2026-01-07,Wireless Mouse,Florida,57
2026-01-08,Wireless Mouse,Florida,56
2026-01-09,Wireless Mouse,Florida,48
2026-01-10,Wireless Mouse,Florida,45
2026-01-11,Wireless Mouse,Florida,46
2026-01-12,Wireless Mouse,Florida,70
2026-01-13,Wireless Mouse,Florida,65
2026-01-14,Wireless Mouse,Florida,54
2026-01-15,Wireless Mouse,Florida,51
2026-01-16,Wireless Mouse,Florida,48
2026-01-17,Wireless Mouse,Florida,50
2026-01-18,Wireless Mouse,Florida,38
2026-01-19,Wireless Mouse,Florida,68
2026-01-20,Wireless Mouse,Florida,62
2026-01-21,Wireless Mouse,Florida,60
2026-01-22,Wireless Mouse,Florida,56
2026-01-23,Wireless Mouse,Florida,63
2026-01-24,Wireless Mouse,Florida,42
2026-01-25,Wireless Mouse,Florida,41
2026-01-26,Wireless Mouse,Florida,63
2026-01-27,Wireless Mouse,Florida,57
2026-01-28,Wireless Mouse,Florida,52
2026-01-29,Wireless Mouse,Florida,62
2026-01-30,Wireless Mouse,Florida,58
2026-01-31,Wireless Mouse,Florida,45
2026-02-01,Wireless Mouse,Florida,43
2026-02-02,Wireless Mouse,Florida,53
2026-02-03,Wireless Mouse,Florida,74
2026-02-04,Wireless Mouse,Florida,73
2026-02-05,Wireless Mouse,Florida,68
2026-02-06,Wireless Mouse,Florida,59
2026-02-07,Wireless Mouse,Florida,43
2026-02-08,Wireless Mouse,Florida,52
2026-02-09,Wireless Mouse,Florida,59
2026-02-10,Wireless Mouse,Florida,57
2026-02-11,Wireless Mouse,Florida,75
2026-02-12,Wireless Mouse,Florida,61
2026-02-13,Wireless Mouse,Florida,74
2026-02-14,Wireless Mouse,Florida,37
2026-02-15,Wireless Mouse,Florida,48
2026-02-16,Wireless Mouse,Florida,77
2026-02-17,Wireless Mouse,Florida,62
2026-02-18,Wireless Mouse,Florida,59
2026-02-19,Wireless Mouse,Florida,53
2026-02-20,Wireless Mouse,Florida,69
2026-02-21,Wireless Mouse,Florida,41
2026-02-22,Wireless Mouse,Florida,44
2026-02-23,Wireless Mouse,Florida,52
2026-02-24,Wireless Mouse,Florida,73
2026-02-25,Wireless Mouse,Florida,70
2026-02-26,Wireless Mouse,Florida,61
2026-02-27,Wireless Mouse,Florida,53
2026-02-28,Wireless Mouse,Florida,53
2026-03-01,Wireless Mouse,Florida,45
2026-03-02,Wireless Mouse,Florida,55
2026-03-03,Wireless Mouse,Florida,50
2026-03-04,Wireless Mouse,Florida,59
2026-03-05,Wireless Mouse,Florida,53
2026-03-06,Wireless Mouse,Florida,59
2026-03-07,Wireless Mouse,Florida,51
2026-03-08,Wireless Mouse,Florida,45
2026-03-09,Wireless Mouse,Florida,67
2026-03-10,Wireless Mouse,Florida,58
2026-03-11,Wireless Mouse,Florida,64
2026-03-12,Wireless Mouse,Florida,79
2026-03-13,Wireless Mouse,Florida,61
2026-03-14,Wireless Mouse,Florida,49
2026-03-15,Wireless Mouse,Florida,38
2026-03-16,Wireless Mouse,Florida,76
2026-03-17,Wireless Mouse,Florida,60
2026-03-18,Wireless Mouse,Florida,72
2026-03-19,Wireless Mouse,Florida,63
2026-03-20,Wireless Mouse,Florida,69
2026-03-21,Wireless Mouse,Florida,51
2026-03-22,Wireless Mouse,Florida,44
2026-03-23,Wireless Mouse,Florida,72
2026-03-24,Wireless Mouse,Florida,58
2026-03-25,Wireless Mouse,Florida,70
2026-03-26,Wireless Mouse,Florida,61
2026-03-27,Wireless Mouse,Florida,67
2026-03-28,Wireless Mouse,Florida,44
2026-03-29,Wireless Mouse,Florida,47
2026-03-30,Wireless Mouse,Florida,56
2026-03-31,Wireless Mouse,Florida,66
2026-04-01,Wireless Mouse,Florida,65
2026-04-02,Wireless Mouse,Florida,61
2026-04-03,Wireless Mouse,Florida,64
2026-04-04,Wireless Mouse,Florida,48
2026-04-05,Wireless Mouse,Florida,44
2026-04-06,Wireless Mouse,Florida,64
2026-04-07,Wireless Mouse,Florida,57
2026-04-08,Wireless Mouse,Florida,83
2026-04-09,Wireless Mouse,Florida,73
2026-04-10,Wireless Mouse,Florida,67
2026-04-11,Wireless Mouse,Florida,54
2026-04-12,Wireless Mouse,Florida,36
2026-04-13,Wireless Mouse,Florida,45
2026-04-14,Wireless Mouse,Florida,62
2026-04-15,Wireless Mouse,Florida,54
2026-04-16,Wireless Mouse,Florida,63
2026-04-17,Wireless Mouse,Florida,67
2026-04-18,Wireless Mouse,Florida,53
2026-04-19,Wireless Mouse,Florida,41
2026-04-20,Wireless Mouse,Florida,68
2026-04-21,Wireless Mouse,Florida,65
2026-04-22,Wireless Mouse,Florida,68
2026-04-23,Wireless Mouse,Florida,61
2026-04-24,Wireless Mouse,Florida,76
2026-04-25,Wireless Mouse,Florida,47
2026-04-26,Wireless Mouse,Florida,58
2026-04-27,Wireless Mouse,Florida,59
2026-04-28,Wireless Mouse,Florida,71
2026-04-29,Wireless Mouse,Florida,64
2026-04-30,Wireless Mouse,Florida,62
2026-05-01,Wireless Mouse,Florida,69
2026-05-02,Wireless Mouse,Florida,45
2026-05-03,Wireless Mouse,Florida,32
2026-05-04,Wireless Mouse,Florida,40
2026-05-05,Wireless Mouse,Florida,74
2026-05-06,Wireless Mouse,Florida,73
2026-05-07,Wireless Mouse,Florida,78
2026-05-08,Wireless Mouse,Florida,64
2026-05-09,Wireless Mouse,Florida,40
2026-05-10,Wireless Mouse,Florida,44
2026-05-11,Wireless Mouse,Florida,64
2026-05-12,Wireless Mouse,Florida,56
2026-05-13,Wireless Mouse,Florida,77
2026-05-14,Wireless Mouse,Florida,81
2026-05-15,Wireless Mouse,Florida,68
2026-05-16,Wireless Mouse,Florida,47
2026-05-17,Wireless Mouse,Florida,40
2026-05-18,Wireless Mouse,Florida,76
2026-05-19,Wireless Mouse,Florida,65
2026-05-20,Wireless Mouse,Florida,62
2026-05-21,Wireless Mouse,Florida,68
2026-05-22,Wireless Mouse,Florida,59
2026-05-23,Wireless Mouse,Florida,48
2026-05-24,Wireless Mouse,Florida,39
2026-05-25,Wireless Mouse,Florida,72
2026-05-26,Wireless Mouse,Florida,63
2026-05-27,Wireless Mouse,Florida,73
2026-05-28,Wireless Mouse,Florida,62
2026-05-29,Wireless Mouse,Florida,63
2026-05-30,Wireless Mouse,Florida,40
2026-05-31,Wireless Mouse,Florida,51
2026-06-01,Wireless Mouse,Florida,55
2026-06-02,Wireless Mouse,Florida,58
2026-06-03,Wireless Mouse,Florida,61
2026-06-04,Wireless Mouse,Florida,62
2026-06-05,Wireless Mouse,Florida,49
2026-06-06,Wireless Mouse,Florida,44
2026-06-07,Wireless Mouse,Florida,49
2026-06-08,Wireless Mouse,Florida,59
2026-06-09,Wireless Mouse,Florida,60
2026-06-10,Wireless Mouse,Florida,63
2026-06-11,Wireless Mouse,Florida,61
2026-06-12,Wireless Mouse,Florida,54
2026-06-13,Wireless Mouse,Florida,45
2026-06-14,Wireless Mouse,Florida,50
2026-06-15,Wireless Mouse,Florida,54
2026-06-16,Wireless Mouse,Florida,59
2026-06-17,Wireless Mouse,Florida,51
2026-06-18,Wireless Mouse,Florida,68
2026-06-19,Wireless Mouse,Florida,61
2026-06-20,Wireless Mouse,Florida,40
2026-06-21,Wireless Mouse,Florida,45
2026-06-22,Wireless Mouse,Florida,53
2026-06-23,Wireless Mouse,Florida,54
2026-06-24,Wireless Mouse,Florida,51
2026-06-25,Wireless Mouse,Florida,54
2026-06-26,Wireless Mouse,Florida,71
2026-06-27,Wireless Mouse,Florida,41
2026-06-28,Wireless Mouse,Florida,47
2026-06-29,Wireless Mouse,Florida,55
2026-06-30,Wireless Mouse,Florida,67
2026-07-01,Wireless Mouse,Florida,51
2026-07-02,Wireless Mouse,Florida,58
2026-07-03,Wireless Mouse,Florida,58
2026-07-04,Wireless Mouse,Florida,54
2026-07-05,Wireless Mouse,Florida,46
2026-07-06,Wireless Mouse,Florida,54
2026-07-07,Wireless Mouse,Florida,63
2026-07-08,Wireless Mouse,Florida,73
2026-07-09,Wireless Mouse,Florida,47
2026-07-10,Wireless Mouse,Florida,52
2026-07-11,Wireless Mouse,Florida,41
2026-07-12,Wireless Mouse,Florida,40
2026-07-13,Wireless Mouse,Florida,56
2026-07-14,Wireless Mouse,Florida,49
2026-07-15,Wireless Mouse,Florida,68
2026-07-16,Wireless Mouse,Florida,48
2026-07-17,Wireless Mouse,Florida,57
2026-07-18,Wireless Mouse,Florida,48
2026-07-19,Wireless Mouse,Florida,42
2026-07-20,Wireless Mouse,Florida,51
2026-07-21,Wireless Mouse,Florida,49
2026-07-22,Wireless Mouse,Florida,56
2026-07-23,Wireless Mouse,Florida,53
2026-07-24,Wireless Mouse,Florida,59
2026-07-25,Wireless Mouse,Florida,35
2026-07-26,Wireless Mouse,Florida,47
2026-07-27,Wireless Mouse,Florida,59
2026-07-28,Wireless Mouse,Florida,59
2026-07-29,Wireless Mouse,Florida,68
2026-07-30,Wireless Mouse,Florida,55
2026-07-31,Wireless Mouse,Florida,53
2026-08-01,Wireless Mouse,Florida,37
2026-08-02,Wireless Mouse,Florida,39
2026-08-03,Wireless Mouse,Florida,54
2026-08-04,Wireless Mouse,Florida,49
2026-08-05,Wireless Mouse,Florida,41
2026-08-06,Wireless Mouse,Florida,51
2026-08-07,Wireless Mouse,Florida,57
2026-08-08,Wireless Mouse,Florida,41
2026-08-09,Wireless Mouse,Florida,46
2026-08-10,Wireless Mouse,Florida,67
2026-08-11,Wireless Mouse,Florida,59
2026-08-12,Wireless Mouse,Florida,64
2026-08-13,Wireless Mouse,Florida,59
2026-08-14,Wireless Mouse,Florida,66
2026-08-15,Wireless Mouse,Florida,49
2026-08-16,Wireless Mouse,Florida,44
2026-08-17,Wireless Mouse,Florida,59
2026-08-18,Wireless Mouse,Florida,53
2026-08-19,Wireless Mouse,Florida,54
2026-08-20,Wireless Mouse,Florida,52
2026-08-21,Wireless Mouse,Florida,59
2026-08-22,Wireless Mouse,Florida,36
2026-08-23,Wireless Mouse,Florida,39
2026-08-24,Wireless Mouse,Florida,39
2026-08-25,Wireless Mouse,Florida,66
2026-08-26,Wireless Mouse,Florida,53
2026-08-27,Wireless Mouse,Florida,57
2026-08-28,Wireless Mouse,Florida,64
2026-08-29,Wireless Mouse,Florida,41
2026-08-30,Wireless Mouse,Florida,47
2026-08-31,Wireless Mouse,Florida,46
2026-09-01,Wireless Mouse,Florida,67
2026-09-02,Wireless Mouse,Florida,59
2026-09-03,Wireless Mouse,Florida,53
2026-09-04,Wireless Mouse,Florida,61
2026-09-05,Wireless Mouse,Florida,33
2026-09-06,Wireless Mouse,Florida,37
2026-09-07,Wireless Mouse,Florida,61
2026-09-08,Wireless Mouse,Florida,40
2026-09-09,Wireless Mouse,Florida,55
2026-09-10,Wireless Mouse,Florida,55
2026-09-11,Wireless Mouse,Florida,64
2026-09-12,Wireless Mouse,Florida,31
2026-09-13,Wireless Mouse,Florida,45
2026-09-14,Wireless Mouse,Florida,48
2026-09-15,Wireless Mouse,Florida,49
2026-09-16,Wireless Mouse,Florida,44
2026-09-17,Wireless Mouse,Florida,45
2026-09-18,Wireless Mouse,Florida,54
2026-09-19,Wireless Mouse,Florida,33
2026-09-20,Wireless Mouse,Florida,41
2026-09-21,Wireless Mouse,Florida,48
2026-09-22,Wireless Mouse,Florida,44
2026-09-23,Wireless Mouse,Florida,49
2026-09-24,Wireless Mouse,Florida,54
2026-09-25,Wireless Mouse,Florida,50
2026-09-26,Wireless Mouse,Florida,38
2026-09-27,Wireless Mouse,Florida,41
2026-09-28,Wireless Mouse,Florida,59
2025-01-01,Wireless Mouse,Georgia,44
2025-01-02,Wireless Mouse,Georgia,40
2025-01-03,Wireless Mouse,Georgia,46
2025-01-04,Wireless Mouse,Georgia,35
2025-01-05,Wireless Mouse,Georgia,27
2025-01-06,Wireless Mouse,Georgia,41
2025-01-07,Wireless Mouse,Georgia,41
2025-01-08,Wireless Mouse,Georgia,44
2025-01-09,Wireless Mouse,Georgia,41
2025-01-10,Wireless Mouse,Georgia,49
2025-01-11,Wireless Mouse,Georgia,27
2025-01-12,Wireless Mouse,Georgia,27
2025-01-13,Wireless Mouse,Georgia,44
2025-01-14,Wireless Mouse,Georgia,44
2025-01-15,Wireless Mouse,Georgia,37
2025-01-16,Wireless Mouse,Georgia,42
2025-01-17,Wireless Mouse,Georgia,43
2025-01-18,Wireless Mouse,Georgia,32
2025-01-19,Wireless Mouse,Georgia,34
2025-01-20,Wireless Mouse,Georgia,42
2025-01-21,Wireless Mouse,Georgia,53
2025-01-22,Wireless Mouse,Georgia,48
2025-01-23,Wireless Mouse,Georgia,41
2025-01-24,Wireless Mouse,Georgia,46
2025-01-25,Wireless Mouse,Georgia,34
2025-01-26,Wireless Mouse,Georgia,38
2025-01-27,Wireless Mouse,Georgia,42
2025-01-28,Wireless Mouse,Georgia,50
2025-01-29,Wireless Mouse,Georgia,46
2025-01-30,Wireless Mouse,Georgia,53
2025-01-31,Wireless Mouse,Georgia,52
2025-02-01,Wireless Mouse,Georgia,36
2025-02-02,Wireless Mouse,Georgia,34
2025-02-03,Wireless Mouse,Georgia,51
2025-02-04,Wireless Mouse,Georgia,47
2025-02-05,Wireless Mouse,Georgia,58
2025-02-06,Wireless Mouse,Georgia,49
2025-02-07,Wireless Mouse,Georgia,46
2025-02-08,Wireless Mouse,Georgia,33
2025-02-09,Wireless Mouse,Georgia,30
2025-02-10,Wireless Mouse,Georgia,51
2025-02-11,Wireless Mouse,Georgia,43
2025-02-12,Wireless Mouse,Georgia,54
2025-02-13,Wireless Mouse,Georgia,41
2025-02-14,Wireless Mouse,Georgia,49
2025-02-15,Wireless Mouse,Georgia,40
2025-02-16,Wireless Mouse,Georgia,26
2025-02-17,Wireless Mouse,Georgia,60
2025-02-18,Wireless Mouse,Georgia,46
2025-02-19,Wireless Mouse,Georgia,49
2025-02-20,Wireless Mouse,Georgia,51
2025-02-21,Wireless Mouse,Georgia,52
2025-02-22,Wireless Mouse,Georgia,36
2025-02-23,Wireless Mouse,Georgia,39
2025-02-24,Wireless Mouse,Georgia,51
2025-02-25,Wireless Mouse,Georgia,58
2025-02-26,Wireless Mouse,Georgia,51
2025-02-27,Wireless Mouse,Georgia,59
2025-02-28,Wireless Mouse,Georgia,53
2025-03-01,Wireless Mouse,Georgia,29
2025-03-02,Wireless Mouse,Georgia,48
2025-03-03,Wireless Mouse,Georgia,47
2025-03-04,Wireless Mouse,Georgia,59
2025-03-05,Wireless Mouse,Georgia,50
2025-03-06,Wireless Mouse,Georgia,56
2025-03-07,Wireless Mouse,Georgia,46
2025-03-08,Wireless Mouse,Georgia,39
2025-03-09,Wireless Mouse,Georgia,36
2025-03-10,Wireless Mouse,Georgia,60
2025-03-11,Wireless Mouse,Georgia,53
2025-03-12,Wireless Mouse,Georgia,56
2025-03-13,Wireless Mouse,Georgia,37
2025-03-14,Wireless Mouse,Georgia,50
2025-03-15,Wireless Mouse,Georgia,38
2025-03-16,Wireless Mouse,Georgia,38
2025-03-17,Wireless Mouse,Georgia,56
2025-03-18,Wireless Mouse,Georgia,48
2025-03-19,Wireless Mouse,Georgia,50
2025-03-20,Wireless Mouse,Georgia,57
2025-03-21,Wireless Mouse,Georgia,36
2025-03-22,Wireless Mouse,Georgia,39
2025-03-23,Wireless Mouse,Georgia,35
2025-03-24,Wireless Mouse,Georgia,45
2025-03-25,Wireless Mouse,Georgia,52
2025-03-26,Wireless Mouse,Georgia,57
2025-03-27,Wireless Mouse,Georgia,56
2025-03-28,Wireless Mouse,Georgia,49
2025-03-29,Wireless Mouse,Georgia,41
2025-03-30,Wireless Mouse,Georgia,40
2025-03-31,Wireless Mouse,Georgia,50
2025-04-01,Wireless Mouse,Georgia,47
2025-04-02,Wireless Mouse,Georgia,47
2025-04-03,Wireless Mouse,Georgia,56
2025-04-04,Wireless Mouse,Georgia,51
2025-04-05,Wireless Mouse,Georgia,33
2025-04-06,Wireless Mouse,Georgia,30
2025-04-07,Wireless Mouse,Georgia,56
2025-04-08,Wireless Mouse,Georgia,47
2025-04-09,Wireless Mouse,Georgia,53
2025-04-10,Wireless Mouse,Georgia,58
2025-04-11,Wireless Mouse,Georgia,43
2025-04-12,Wireless Mouse,Georgia,37
2025-04-13,Wireless Mouse,Georgia,36
2025-04-14,Wireless Mouse,Georgia,53
2025-04-15,Wireless Mouse,Georgia,58
2025-04-16,Wireless Mouse,Georgia,43
2025-04-17,Wireless Mouse,Georgia,54
2025-04-18,Wireless Mouse,Georgia,57
2025-04-19,Wireless Mouse,Georgia,36
2025-04-20,Wireless Mouse,Georgia,37
2025-04-21,Wireless Mouse,Georgia,53
2025-04-22,Wireless Mouse,Georgia,53
2025-04-23,Wireless Mouse,Georgia,54
2025-04-24,Wireless Mouse,Georgia,54
2025-04-25,Wireless Mouse,Georgia,45
2025-04-26,Wireless Mouse,Georgia,42
2025-04-27,Wireless Mouse,Georgia,42
2025-04-28,Wireless Mouse,Georgia,52
2025-04-29,Wireless Mouse,Georgia,42
2025-04-30,Wireless Mouse,Georgia,50
2025-05-01,Wireless Mouse,Georgia,51
2025-05-02,Wireless Mouse,Georgia,43
2025-05-03,Wireless Mouse,Georgia,35
2025-05-04,Wireless Mouse,Georgia,30
2025-05-05,Wireless Mouse,Georgia,54
2025-05-06,Wireless Mouse,Georgia,51
2025-05-07,Wireless Mouse,Georgia,40
2025-05-08,Wireless Mouse,Georgia,52
2025-05-09,Wireless Mouse,Georgia,50
2025-05-10,Wireless Mouse,Georgia,39
2025-05-11,Wireless Mouse,Georgia,35
2025-05-12,Wireless Mouse,Georgia,45
2025-05-13,Wireless Mouse,Georgia,45
2025-05-14,Wireless Mouse,Georgia,47
2025-05-15,Wireless Mouse,Georgia,50
2025-05-16,Wireless Mouse,Georgia,51
2025-05-17,Wireless Mouse,Georgia,36
2025-05-18,Wireless Mouse,Georgia,35
2025-05-19,Wireless Mouse,Georgia,48
2025-05-20,Wireless Mouse,Georgia,65
2025-05-21,Wireless Mouse,Georgia,45
2025-05-22,Wireless Mouse,Georgia,47
2025-05-23,Wireless Mouse,Georgia,70
2025-05-24,Wireless Mouse,Georgia,39
2025-05-25,Wireless Mouse,Georgia,31
2025-05-26,Wireless Mouse,Georgia,55
2025-05-27,Wireless Mouse,Georgia,45
2025-05-28,Wireless Mouse,Georgia,56
2025-05-29,Wireless Mouse,Georgia,49
2025-05-30,Wireless Mouse,Georgia,47
2025-05-31,Wireless Mouse,Georgia,44
2025-06-01,Wireless Mouse,Georgia,38
2025-06-02,Wireless Mouse,Georgia,54
2025-06-03,Wireless Mouse,Georgia,51
2025-06-04,Wireless Mouse,Georgia,46
2025-06-05,Wireless Mouse,Georgia,52
2025-06-06,Wireless Mouse,Georgia,55
2025-06-07,Wireless Mouse,Georgia,36
2025-06-08,Wireless Mouse,Georgia,43
2025-06-09,Wireless Mouse,Georgia,53
2025-06-10,Wireless Mouse,Georgia,49
2025-06-11,Wireless Mouse,Georgia,50
2025-06-12,Wireless Mouse,Georgia,49
2025-06-13,Wireless Mouse,Georgia,41
2025-06-14,Wireless Mouse,Georgia,35
2025-06-15,Wireless Mouse,Georgia,36
2025-06-16,Wireless Mouse,Georgia,46
2025-06-17,Wireless Mouse,Georgia,50
2025-06-18,Wireless Mouse,Georgia,48
2025-06-19,Wireless Mouse,Georgia,53
2025-06-20,Wireless Mouse,Georgia,52
2025-06-21,Wireless Mouse,Georgia,36
2025-06-22,Wireless Mouse,Georgia,29
2025-06-23,Wireless Mouse,Georgia,58
2025-06-24,Wireless Mouse,Georgia,47
2025-06-25,Wireless Mouse,Georgia,48
2025-06-26,Wireless Mouse,Georgia,46
2025-06-27,Wireless Mouse,Georgia,45
2025-06-28,Wireless Mouse,Georgia,42
2025-06-29,Wireless Mouse,Georgia,41
2025-06-30,Wireless Mouse,Georgia,51
2025-07-01,Wireless Mouse,Georgia,45
2025-07-02,Wireless Mouse,Georgia,49
2025-07-03,Wireless Mouse,Georgia,46
2025-07-04,Wireless Mouse,Georgia,44
2025-07-05,Wireless Mouse,Georgia,35
2025-07-06,Wireless Mouse,Georgia,31
2025-07-07,Wireless Mouse,Georgia,47
2025-07-08,Wireless Mouse,Georgia,46
2025-07-09,Wireless Mouse,Georgia,49
2025-07-10,Wireless Mouse,Georgia,42
2025-07-11,Wireless Mouse,Georgia,49
2025-07-12,Wireless Mouse,Georgia,30
2025-07-13,Wireless Mouse,Georgia,31
2025-07-14,Wireless Mouse,Georgia,42
2025-07-15,Wireless Mouse,Georgia,40
2025-07-16,Wireless Mouse,Georgia,51
2025-07-17,Wireless Mouse,Georgia,40
2025-07-18,Wireless Mouse,Georgia,42
2025-07-19,Wireless Mouse,Georgia,38
2025-07-20,Wireless Mouse,Georgia,31
2025-07-21,Wireless Mouse,Georgia,44
2025-07-22,Wireless Mouse,Georgia,40
2025-07-23,Wireless Mouse,Georgia,50
2025-07-24,Wireless Mouse,Georgia,50
2025-07-25,Wireless Mouse,Georgia,49
2025-07-26,Wireless Mouse,Georgia,35
2025-07-27,Wireless Mouse,Georgia,34
2025-07-28,Wireless Mouse,Georgia,43
2025-07-29,Wireless Mouse,Georgia,41
2025-07-30,Wireless Mouse,Georgia,52
2025-07-31,Wireless Mouse,Georgia,50
2025-08-01,Wireless Mouse,Georgia,39
2025-08-02,Wireless Mouse,Georgia,31
2025-08-03,Wireless Mouse,Georgia,30
2025-08-04,Wireless Mouse,Georgia,37
2025-08-05,Wireless Mouse,Georgia,44
2025-08-06,Wireless Mouse,Georgia,41
2025-08-07,Wireless Mouse,Georgia,38
2025-08-08,Wireless Mouse,Georgia,35
2025-08-09,Wireless Mouse,Georgia,25
2025-08-10,Wireless Mouse,Georgia,30
2025-08-11,Wireless Mouse,Georgia,42
2025-08-12,Wireless Mouse,Georgia,38
2025-08-13,Wireless Mouse,Georgia,46
2025-08-14,Wireless Mouse,Georgia,42
2025-08-15,Wireless Mouse,Georgia,46
2025-08-16,Wireless Mouse,Georgia,31
2025-08-17,Wireless Mouse,Georgia,28
2025-08-18,Wireless Mouse,Georgia,43
2025-08-19,Wireless Mouse,Georgia,36
2025-08-20,Wireless Mouse,Georgia,45
2025-08-21,Wireless Mouse,Georgia,38
2025-08-22,Wireless Mouse,Georgia,47
2025-08-23,Wireless Mouse,Georgia,30
2025-08-24,Wireless Mouse,Georgia,35
2025-08-25,Wireless Mouse,Georgia,37
2025-08-26,Wireless Mouse,Georgia,39
2025-08-27,Wireless Mouse,Georgia,45
2025-08-28,Wireless Mouse,Georgia,49
2025-08-29,Wireless Mouse,Georgia,51
2025-08-30,Wireless Mouse,Georgia,31
2025-08-31,Wireless Mouse,Georgia,38
2025-09-01,Wireless Mouse,Georgia,39
2025-09-02,Wireless Mouse,Georgia,46
2025-09-03,Wireless Mouse,Georgia,36
2025-09-04,Wireless Mouse,Georgia,43
2025-09-05,Wireless Mouse,Georgia,29
2025-09-06,Wireless Mouse,Georgia,26
2025-09-07,Wireless Mouse,Georgia,31
2025-09-08,Wireless Mouse,Georgia,34
2025-09-09,Wireless Mouse,Georgia,43
2025-09-10,Wireless Mouse,Georgia,45
2025-09-11,Wireless Mouse,Georgia,38
2025-09-12,Wireless Mouse,Georgia,36
2025-09-13,Wireless Mouse,Georgia,28
2025-09-14,Wireless Mouse,Georgia,26
2025-09-15,Wireless Mouse,Georgia,40
2025-09-16,Wireless Mouse,Georgia,41
2025-09-17,Wireless Mouse,Georgia,39
2025-09-18,Wireless Mouse,Georgia,49
2025-09-19,Wireless Mouse,Georgia,37
2025-09-20,Wireless Mouse,Georgia,35
2025-09-21,Wireless Mouse,Georgia,26
2025-09-22,Wireless Mouse,Georgia,41
2025-09-23,Wireless Mouse,Georgia,46
2025-09-24,Wireless Mouse,Georgia,46
2025-09-25,Wireless Mouse,Georgia,39
2025-09-26,Wireless Mouse,Georgia,43
2025-09-27,Wireless Mouse,Georgia,31
2025-09-28,Wireless Mouse,Georgia,28
2025-09-29,Wireless Mouse,Georgia,44
2025-09-30,Wireless Mouse,Georgia,50
2025-10-01,Wireless Mouse,Georgia,42
2025-10-02,Wireless Mouse,Georgia,43
2025-10-03,Wireless Mouse,Georgia,43
2025-10-04,Wireless Mouse,Georgia,24
2025-10-05,Wireless Mouse,Georgia,31
2025-10-06,Wireless Mouse,Georgia,35
2025-10-07,Wireless Mouse,Georgia,37
2025-10-08,Wireless Mouse,Georgia,50
2025-10-09,Wireless Mouse,Georgia,39
2025-10-10,Wireless Mouse,Georgia,36
2025-10-11,Wireless Mouse,Georgia,33
2025-10-12,Wireless Mouse,Georgia,26
2025-10-13,Wireless Mouse,Georgia,38
2025-10-14,Wireless Mouse,Georgia,46
2025-10-15,Wireless Mouse,Georgia,40
2025-10-16,Wireless Mouse,Georgia,32
2025-10-17,Wireless Mouse,Georgia,43
2025-10-18,Wireless Mouse,Georgia,28
2025-10-19,Wireless Mouse,Georgia,35
2025-10-20,Wireless Mouse,Georgia,37
2025-10-21,Wireless Mouse,Georgia,45
2025-10-22,Wireless Mouse,Georgia,48
2025-10-23,Wireless Mouse,Georgia,36
2025-10-24,Wireless Mouse,Georgia,39
2025-10-25,Wireless Mouse,Georgia,31
2025-10-26,Wireless Mouse,Georgia,26
2025-10-27,Wireless Mouse,Georgia,41
2025-10-28,Wireless Mouse,Georgia,39
2025-10-29,Wireless Mouse,Georgia,39
2025-10-30,Wireless Mouse,Georgia,40
2025-10-31,Wireless Mouse,Georgia,40
2025-11-01,Wireless Mouse,Georgia,36
2025-11-02,Wireless Mouse,Georgia,33
2025-11-03,Wireless Mouse,Georgia,45
2025-11-04,Wireless Mouse,Georgia,47
2025-11-05,Wireless Mouse,Georgia,48
2025-11-06,Wireless Mouse,Georgia,45
2025-11-07,Wireless Mouse,Georgia,50
2025-11-08,Wireless Mouse,Georgia,27
2025-11-09,Wireless Mouse,Georgia,32
2025-11-10,Wireless Mouse,Georgia,46
2025-11-11,Wireless Mouse,Georgia,43
2025-11-12,Wireless Mouse,Georgia,57
2025-11-13,Wireless Mouse,Georgia,48
2025-11-14,Wireless Mouse,Georgia,49
2025-11-15,Wireless Mouse,Georgia,33
2025-11-16,Wireless Mouse,Georgia,35
2025-11-17,Wireless Mouse,Georgia,41
2025-11-18,Wireless Mouse,Georgia,47
2025-11-19,Wireless Mouse,Georgia,43
2025-11-20,Wireless Mouse,Georgia,46
2025-11-21,Wireless Mouse,Georgia,33
2025-11-22,Wireless Mouse,Georgia,30
2025-11-23,Wireless Mouse,Georgia,41
2025-11-24,Wireless Mouse,Georgia,53
2025-11-25,Wireless Mouse,Georgia,56
2025-11-26,Wireless Mouse,Georgia,56
2025-11-27,Wireless Mouse,Georgia,52
2025-11-28,Wireless Mouse,Georgia,45
2025-11-29,Wireless Mouse,Georgia,31
2025-11-30,Wireless Mouse,Georgia,40
2025-12-01,Wireless Mouse,Georgia,51
2025-12-02,Wireless Mouse,Georgia,65
2025-12-03,Wireless Mouse,Georgia,48
2025-12-04,Wireless Mouse,Georgia,62
2025-12-05,Wireless Mouse,Georgia,49
2025-12-06,Wireless Mouse,Georgia,43
2025-12-07,Wireless Mouse,Georgia,44
2025-12-08,Wireless Mouse,Georgia,44
2025-12-09,Wireless Mouse,Georgia,47
2025-12-10,Wireless Mouse,Georgia,44
2025-12-11,Wireless Mouse,Georgia,43
2025-12-12,Wireless Mouse,Georgia,54
2025-12-13,Wireless Mouse,Georgia,36
2025-12-14,Wireless Mouse,Georgia,37
2025-12-15,Wireless Mouse,Georgia,54
2025-12-16,Wireless Mouse,Georgia,39
2025-12-17,Wireless Mouse,Georgia,58
2025-12-18,Wireless Mouse,Georgia,48
2025-12-19,Wireless Mouse,Georgia,54
2025-12-20,Wireless Mouse,Georgia,40
2025-12-21,Wireless Mouse,Georgia,43
2025-12-22,Wireless Mouse,Georgia,50
2025-12-23,Wireless Mouse,Georgia,37
2025-12-24,Wireless Mouse,Georgia,51
2025-12-25,Wireless Mouse,Georgia,52
2025-12-26,Wireless Mouse,Georgia,44
2025-12-27,Wireless Mouse,Georgia,37
2025-12-28,Wireless Mouse,Georgia,35
2025-12-29,Wireless Mouse,Georgia,42
2025-12-30,Wireless Mouse,Georgia,54
2025-12-31,Wireless Mouse,Georgia,47
2026-01-01,Wireless Mouse,Georgia,43
2026-01-02,Wireless Mouse,Georgia,43
2026-01-03,Wireless Mouse,Georgia,38
2026-01-04,Wireless Mouse,Georgia,33
2026-01-05,Wireless Mouse,Georgia,46
2026-01-06,Wireless Mouse,Georgia,43
2026-01-07,Wireless Mouse,Georgia,48
2026-01-08,Wireless Mouse,Georgia,53
2026-01-09,Wireless Mouse,Georgia,49
2026-01-10,Wireless Mouse,Georgia,36
2026-01-11,Wireless Mouse,Georgia,36
2026-01-12,Wireless Mouse,Georgia,38
2026-01-13,Wireless Mouse,Georgia,41
2026-01-14,Wireless Mouse,Georgia,44
2026-01-15,Wireless Mouse,Georgia,41
2026-01-16,Wireless Mouse,Georgia,40
2026-01-17,Wireless Mouse,Georgia,26
2026-01-18,Wireless Mouse,Georgia,28
2026-01-19,Wireless Mouse,Georgia,44
2026-01-20,Wireless Mouse,Georgia,45
2026-01-21,Wireless Mouse,Georgia,41
2026-01-22,Wireless Mouse,Georgia,46
2026-01-23,Wireless Mouse,Georgia,43
2026-01-24,Wireless Mouse,Georgia,38
2026-01-25,Wireless Mouse,Georgia,33
2026-01-26,Wireless Mouse,Georgia,49
2026-01-27,Wireless Mouse,Georgia,46
2026-01-28,Wireless Mouse,Georgia,38
2026-01-29,Wireless Mouse,Georgia,45
2026-01-30,Wireless Mouse,Georgia,39
2026-01-31,Wireless Mouse,Georgia,33
2026-02-01,Wireless Mouse,Georgia,32
2026-02-02,Wireless Mouse,Georgia,50
2026-02-03,Wireless Mouse,Georgia,40
2026-02-04,Wireless Mouse,Georgia,48
2026-02-05,Wireless Mouse,Georgia,51
2026-02-06,Wireless Mouse,Georgia,53
2026-02-07,Wireless Mouse,Georgia,32
2026-02-08,Wireless Mouse,Georgia,35
2026-02-09,Wireless Mouse,Georgia,49
2026-02-10,Wireless Mouse,Georgia,57
2026-02-11,Wireless Mouse,Georgia,40
2026-02-12,Wireless Mouse,Georgia,43
2026-02-13,Wireless Mouse,Georgia,64
2026-02-14,Wireless Mouse,Georgia,34
2026-02-15,Wireless Mouse,Georgia,27
2026-02-16,Wireless Mouse,Georgia,45
2026-02-17,Wireless Mouse,Georgia,32
2026-02-18,Wireless Mouse,Georgia,49
2026-02-19,Wireless Mouse,Georgia,53
2026-02-20,Wireless Mouse,Georgia,43
2026-02-21,Wireless Mouse,Georgia,33
2026-02-22,Wireless Mouse,Georgia,39
2026-02-23,Wireless Mouse,Georgia,38
2026-02-24,Wireless Mouse,Georgia,40
2026-02-25,Wireless Mouse,Georgia,47
2026-02-26,Wireless Mouse,Georgia,44
2026-02-27,Wireless Mouse,Georgia,46
2026-02-28,Wireless Mouse,Georgia,30
2026-03-01,Wireless Mouse,Georgia,38
2026-03-02,Wireless Mouse,Georgia,49
2026-03-03,Wireless Mouse,Georgia,53
2026-03-04,Wireless Mouse,Georgia,51
2026-03-05,Wireless Mouse,Georgia,51
2026-03-06,Wireless Mouse,Georgia,41
2026-03-07,Wireless Mouse,Georgia,39
2026-03-08,Wireless Mouse,Georgia,35
2026-03-09,Wireless Mouse,Georgia,49
2026-03-10,Wireless Mouse,Georgia,56
2026-03-11,Wireless Mouse,Georgia,46
2026-03-12,Wireless Mouse,Georgia,58
2026-03-13,Wireless Mouse,Georgia,59
2026-03-14,Wireless Mouse,Georgia,40
2026-03-15,Wireless Mouse,Georgia,32
2026-03-16,Wireless Mouse,Georgia,37
2026-03-17,Wireless Mouse,Georgia,57
2026-03-18,Wireless Mouse,Georgia,51
2026-03-19,Wireless Mouse,Georgia,46
2026-03-20,Wireless Mouse,Georgia,57
2026-03-21,Wireless Mouse,Georgia,33
2026-03-22,Wireless Mouse,Georgia,35
2026-03-23,Wireless Mouse,Georgia,53
2026-03-24,Wireless Mouse,Georgia,43
2026-03-25,Wireless Mouse,Georgia,49
2026-03-26,Wireless Mouse,Georgia,57
2026-03-27,Wireless Mouse,Georgia,51
2026-03-28,Wireless Mouse,Georgia,42
2026-03-29,Wireless Mouse,Georgia,42
2026-03-30,Wireless Mouse,Georgia,50
2026-03-31,Wireless Mouse,Georgia,36
2026-04-01,Wireless Mouse,Georgia,44
2026-04-02,Wireless Mouse,Georgia,55
2026-04-03,Wireless Mouse,Georgia,41
2026-04-04,Wireless Mouse,Georgia,36
2026-04-05,Wireless Mouse,Georgia,39
2026-04-06,Wireless Mouse,Georgia,60
2026-04-07,Wireless Mouse,Georgia,47
2026-04-08,Wireless Mouse,Georgia,47
2026-04-09,Wireless Mouse,Georgia,50
2026-04-10,Wireless Mouse,Georgia,53
2026-04-11,Wireless Mouse,Georgia,37
2026-04-12,Wireless Mouse,Georgia,42
2026-04-13,Wireless Mouse,Georgia,46
2026-04-14,Wireless Mouse,Georgia,52
2026-04-15,Wireless Mouse,Georgia,54
2026-04-16,Wireless Mouse,Georgia,48
2026-04-17,Wireless Mouse,Georgia,56
2026-04-18,Wireless Mouse,Georgia,38
2026-04-19,Wireless Mouse,Georgia,41
2026-04-20,Wireless Mouse,Georgia,52
2026-04-21,Wireless Mouse,Georgia,53
2026-04-22,Wireless Mouse,Georgia,47
2026-04-23,Wireless Mouse,Georgia,47
2026-04-24,Wireless Mouse,Georgia,58
2026-04-25,Wireless Mouse,Georgia,40
2026-04-26,Wireless Mouse,Georgia,33
2026-04-27,Wireless Mouse,Georgia,52
2026-04-28,Wireless Mouse,Georgia,36
2026-04-29,Wireless Mouse,Georgia,47
2026-04-30,Wireless Mouse,Georgia,57
2026-05-01,Wireless Mouse,Georgia,49
2026-05-02,Wireless Mouse,Georgia,37
2026-05-03,Wireless Mouse,Georgia,23
2026-05-04,Wireless Mouse,Georgia,48
2026-05-05,Wireless Mouse,Georgia,52
2026-05-06,Wireless Mouse,Georgia,53
2026-05-07,Wireless Mouse,Georgia,56
2026-05-08,Wireless Mouse,Georgia,49
2026-05-09,Wireless Mouse,Georgia,36
2026-05-10,Wireless Mouse,Georgia,31
2026-05-11,Wireless Mouse,Georgia,49
2026-05-12,Wireless Mouse,Georgia,42
2026-05-13,Wireless Mouse,Georgia,39
2026-05-14,Wireless Mouse,Georgia,44
2026-05-15,Wireless Mouse,Georgia,59
2026-05-16,Wireless Mouse,Georgia,35
2026-05-17,Wireless Mouse,Georgia,38
2026-05-18,Wireless Mouse,Georgia,47
2026-05-19,Wireless Mouse,Georgia,39
2026-05-20,Wireless Mouse,Georgia,56
2026-05-21,Wireless Mouse,Georgia,37
2026-05-22,Wireless Mouse,Georgia,47
2026-05-23,Wireless Mouse,Georgia,36
2026-05-24,Wireless Mouse,Georgia,38
2026-05-25,Wireless Mouse,Georgia,46
2026-05-26,Wireless Mouse,Georgia,39
2026-05-27,Wireless Mouse,Georgia,45
2026-05-28,Wireless Mouse,Georgia,46
2026-05-29,Wireless Mouse,Georgia,45
2026-05-30,Wireless Mouse,Georgia,41
2026-05-31,Wireless Mouse,Georgia,31
2026-06-01,Wireless Mouse,Georgia,50
2026-06-02,Wireless Mouse,Georgia,49
2026-06-03,Wireless Mouse,Georgia,54
2026-06-04,Wireless Mouse,Georgia,47
2026-06-05,Wireless Mouse,Georgia,53
2026-06-06,Wireless Mouse,Georgia,34
2026-06-07,Wireless Mouse,Georgia,37
2026-06-08,Wireless Mouse,Georgia,39
2026-06-09,Wireless Mouse,Georgia,33
2026-06-10,Wireless Mouse,Georgia,50
2026-06-11,Wireless Mouse,Georgia,51
2026-06-12,Wireless Mouse,Georgia,51
2026-06-13,Wireless Mouse,Georgia,33
2026-06-14,Wireless Mouse,Georgia,41
2026-06-15,Wireless Mouse,Georgia,45
2026-06-16,Wireless Mouse,Georgia,51
2026-06-17,Wireless Mouse,Georgia,52
2026-06-18,Wireless Mouse,Georgia,58
2026-06-19,Wireless Mouse,Georgia,46
2026-06-20,Wireless Mouse,Georgia,32
2026-06-21,Wireless Mouse,Georgia,29
2026-06-22,Wireless Mouse,Georgia,57
2026-06-23,Wireless Mouse,Georgia,51
2026-06-24,Wireless Mouse,Georgia,51
2026-06-25,Wireless Mouse,Georgia,66
2026-06-26,Wireless Mouse,Georgia,50
2026-06-27,Wireless Mouse,Georgia,30
2026-06-28,Wireless Mouse,Georgia,34
2026-06-29,Wireless Mouse,Georgia,42
2026-06-30,Wireless Mouse,Georgia,46
2026-07-01,Wireless Mouse,Georgia,43
2026-07-02,Wireless Mouse,Georgia,42
2026-07-03,Wireless Mouse,Georgia,38
2026-07-04,Wireless Mouse,Georgia,40
2026-07-05,Wireless Mouse,Georgia,34
2026-07-06,Wireless Mouse,Georgia,44
2026-07-07,Wireless Mouse,Georgia,49
2026-07-08,Wireless Mouse,Georgia,48
2026-07-09,Wireless Mouse,Georgia,47
2026-07-10,Wireless Mouse,Georgia,49
2026-07-11,Wireless Mouse,Georgia,34
2026-07-12,Wireless Mouse,Georgia,36
2026-07-13,Wireless Mouse,Georgia,49
2026-07-14,Wireless Mouse,Georgia,46
2026-07-15,Wireless Mouse,Georgia,44
2026-07-16,Wireless Mouse,Georgia,54
2026-07-17,Wireless Mouse,Georgia,43
2026-07-18,Wireless Mouse,Georgia,35
2026-07-19,Wireless Mouse,Georgia,35
2026-07-20,Wireless Mouse,Georgia,42
2026-07-21,Wireless Mouse,Georgia,41
2026-07-22,Wireless Mouse,Georgia,43
2026-07-23,Wireless Mouse,Georgia,43
2026-07-24,Wireless Mouse,Georgia,37
2026-07-25,Wireless Mouse,Georgia,31
2026-07-26,Wireless Mouse,Georgia,34
2026-07-27,Wireless Mouse,Georgia,52
2026-07-28,Wireless Mouse,Georgia,48
2026-07-29,Wireless Mouse,Georgia,31
2026-07-30,Wireless Mouse,Georgia,49
2026-07-31,Wireless Mouse,Georgia,42
2026-08-01,Wireless Mouse,Georgia,33
2026-08-02,Wireless Mouse,Georgia,31
2026-08-03,Wireless Mouse,Georgia,42
2026-08-04,Wireless Mouse,Georgia,42
2026-08-05,Wireless Mouse,Georgia,43
2026-08-06,Wireless Mouse,Georgia,50
2026-08-07,Wireless Mouse,Georgia,43
2026-08-08,Wireless Mouse,Georgia,35
2026-08-09,Wireless Mouse,Georgia,35
2026-08-10,Wireless Mouse,Georgia,46
2026-08-11,Wireless Mouse,Georgia,33
2026-08-12,Wireless Mouse,Georgia,48
2026-08-13,Wireless Mouse,Georgia,40
2026-08-14,Wireless Mouse,Georgia,46
2026-08-15,Wireless Mouse,Georgia,28
2026-08-16,Wireless Mouse,Georgia,27
2026-08-17,Wireless Mouse,Georgia,53
2026-08-18,Wireless Mouse,Georgia,38
2026-08-19,Wireless Mouse,Georgia,49
2026-08-20,Wireless Mouse,Georgia,43
2026-08-21,Wireless Mouse,Georgia,40
2026-08-22,Wireless Mouse,Georgia,31
2026-08-23,Wireless Mouse,Georgia,26
2026-08-24,Wireless Mouse,Georgia,43
2026-08-25,Wireless Mouse,Georgia,37
2026-08-26,Wireless Mouse,Georgia,41
2026-08-27,Wireless Mouse,Georgia,47
2026-08-28,Wireless Mouse,Georgia,44
2026-08-29,Wireless Mouse,Georgia,26
2026-08-30,Wireless Mouse,Georgia,34
2026-08-31,Wireless Mouse,Georgia,43
2026-09-01,Wireless Mouse,Georgia,38
2026-09-02,Wireless Mouse,Georgia,44
2026-09-03,Wireless Mouse,Georgia,40
2026-09-04,Wireless Mouse,Georgia,35
2026-09-05,Wireless Mouse,Georgia,36
2026-09-06,Wireless Mouse,Georgia,30
2026-09-07,Wireless Mouse,Georgia,40
2026-09-08,Wireless Mouse,Georgia,39
2026-09-09,Wireless Mouse,Georgia,46
2026-09-10,Wireless Mouse,Georgia,38
2026-09-11,Wireless Mouse,Georgia,33
2026-09-12,Wireless Mouse,Georgia,27
2026-09-13,Wireless Mouse,Georgia,34
2026-09-14,Wireless Mouse,Georgia,45
2026-09-15,Wireless Mouse,Georgia,39
2026-09-16,Wireless Mouse,Georgia,47
2026-09-17,Wireless Mouse,Georgia,44
2026-09-18,Wireless Mouse,Georgia,39
2026-09-19,Wireless Mouse,Georgia,29
2026-09-20,Wireless Mouse,Georgia,31
2026-09-21,Wireless Mouse,Georgia,37
2026-09-22,Wireless Mouse,Georgia,41
2026-09-23,Wireless Mouse,Georgia,42
2026-09-24,Wireless Mouse,Georgia,32
2026-09-25,Wireless Mouse,Georgia,40
2026-09-26,Wireless Mouse,Georgia,29
2026-09-27,Wireless Mouse,Georgia,33
2026-09-28,Wireless Mouse,Georgia,32
2025-01-01,Wireless Mouse,Texas,50
2025-01-02,Wireless Mouse,Texas,50
2025-01-03,Wireless Mouse,Texas,59
2025-01-04,Wireless Mouse,Texas,39
2025-01-05,Wireless Mouse,Texas,47
2025-01-06,Wireless Mouse,Texas,57
2025-01-07,Wireless Mouse,Texas,50
2025-01-08,Wireless Mouse,Texas,54
2025-01-09,Wireless Mouse,Texas,51
2025-01-10,Wireless Mouse,Texas,58
2025-01-11,Wireless Mouse,Texas,33
2025-01-12,Wireless Mouse,Texas,35
2025-01-13,Wireless Mouse,Texas,56
2025-01-14,Wireless Mouse,Texas,61
2025-01-15,Wireless Mouse,Texas,39
2025-01-16,Wireless Mouse,Texas,62
2025-01-17,Wireless Mouse,Texas,52
2025-01-18,Wireless Mouse,Texas,30
2025-01-19,Wireless Mouse,Texas,25
2025-01-20,Wireless Mouse,Texas,43
2025-01-21,Wireless Mouse,Texas,53
2025-01-22,Wireless Mouse,Texas,53
2025-01-23,Wireless Mouse,Texas,57
2025-01-24,Wireless Mouse,Texas,49
2025-01-25,Wireless Mouse,Texas,34
2025-01-26,Wireless Mouse,Texas,37
2025-01-27,Wireless Mouse,Texas,53
2025-01-28,Wireless Mouse,Texas,54
2025-01-29,Wireless Mouse,Texas,48
2025-01-30,Wireless Mouse,Texas,59
2025-01-31,Wireless Mouse,Texas,49
2025-02-01,Wireless Mouse,Texas,37
2025-02-02,Wireless Mouse,Texas,38
2025-02-03,Wireless Mouse,Texas,63
2025-02-04,Wireless Mouse,Texas,55
2025-02-05,Wireless Mouse,Texas,51
2025-02-06,Wireless Mouse,Texas,62
2025-02-07,Wireless Mouse,Texas,71
2025-02-08,Wireless Mouse,Texas,42
2025-02-09,Wireless Mouse,Texas,47
2025-02-10,Wireless Mouse,Texas,63
2025-02-11,Wireless Mouse,Texas,52
2025-02-12,Wireless Mouse,Texas,56
2025-02-13,Wireless Mouse,Texas,47
2025-02-14,Wireless Mouse,Texas,55
2025-02-15,Wireless Mouse,Texas,38
2025-02-16,Wireless Mouse,Texas,39
2025-02-17,Wireless Mouse,Texas,51
2025-02-18,Wireless Mouse,Texas,54
2025-02-19,Wireless Mouse,Texas,60
2025-02-20,Wireless Mouse,Texas,55
2025-02-21,Wireless Mouse,Texas,44
2025-02-22,Wireless Mouse,Texas,37
2025-02-23,Wireless Mouse,Texas,34
2025-02-24,Wireless Mouse,Texas,58
2025-02-25,Wireless Mouse,Texas,59
2025-02-26,Wireless Mouse,Texas,58
2025-02-27,Wireless Mouse,Texas,51
2025-02-28,Wireless Mouse,Texas,58
2025-03-01,Wireless Mouse,Texas,40
2025-03-02,Wireless Mouse,Texas,37
2025-03-03,Wireless Mouse,Texas,64
2025-03-04,Wireless Mouse,Texas,64
2025-03-05,Wireless Mouse,Texas,65
2025-03-06,Wireless Mouse,Texas,54
2025-03-07,Wireless Mouse,Texas,67
2025-03-08,Wireless Mouse,Texas,40
2025-03-09,Wireless Mouse,Texas,46
2025-03-10,Wireless Mouse,Texas,55
2025-03-11,Wireless Mouse,Texas,57
2025-03-12,Wireless Mouse,Texas,41
2025-03-13,Wireless Mouse,Texas,56
2025-03-14,Wireless Mouse,Texas,59
2025-03-15,Wireless Mouse,Texas,41
2025-03-16,Wireless Mouse,Texas,52
2025-03-17,Wireless Mouse,Texas,50
2025-03-18,Wireless Mouse,Texas,54
2025-03-19,Wireless Mouse,Texas,52
2025-03-20,Wireless Mouse,Texas,54
2025-03-21,Wireless Mouse,Texas,66
2025-03-22,Wireless Mouse,Texas,50
2025-03-23,Wireless Mouse,Texas,39
2025-03-24,Wireless Mouse,Texas,53
2025-03-25,Wireless Mouse,Texas,50
2025-03-26,Wireless Mouse,Texas,68
2025-03-27,Wireless Mouse,Texas,66
2025-03-28,Wireless Mouse,Texas,58
2025-03-29,Wireless Mouse,Texas,36
2025-03-30,Wireless Mouse,Texas,36
2025-03-31,Wireless Mouse,Texas,60
2025-04-01,Wireless Mouse,Texas,63
2025-04-02,Wireless Mouse,Texas,45
2025-04-03,Wireless Mouse,Texas,57
2025-04-04,Wireless Mouse,Texas,71
2025-04-05,Wireless Mouse,Texas,42
2025-04-06,Wireless Mouse,Texas,51
2025-04-07,Wireless Mouse,Texas,64
2025-04-08,Wireless Mouse,Texas,52
2025-04-09,Wireless Mouse,Texas,57
2025-04-10,Wireless Mouse,Texas,58
2025-04-11,Wireless Mouse,Texas,52
2025-04-12,Wireless Mouse,Texas,38
2025-04-13,Wireless Mouse,Texas,51
2025-04-14,Wireless Mouse,Texas,52
2025-04-15,Wireless Mouse,Texas,67
2025-04-16,Wireless Mouse,Texas,56
2025-04-17,Wireless Mouse,Texas,59
2025-04-18,Wireless Mouse,Texas,63
2025-04-19,Wireless Mouse,Texas,40
2025-04-20,Wireless Mouse,Texas,46
2025-04-21,Wireless Mouse,Texas,45
2025-04-22,Wireless Mouse,Texas,62
2025-04-23,Wireless Mouse,Texas,42
2025-04-24,Wireless Mouse,Texas,58
2025-04-25,Wireless Mouse,Texas,65
2025-04-26,Wireless Mouse,Texas,47
2025-04-27,Wireless Mouse,Texas,37
2025-04-28,Wireless Mouse,Texas,51
2025-04-29,Wireless Mouse,Texas,54
2025-04-30,Wireless Mouse,Texas,61
2025-05-01,Wireless Mouse,Texas,44
2025-05-02,Wireless Mouse,Texas,58
2025-05-03,Wireless Mouse,Texas,44
2025-05-04,Wireless Mouse,Texas,41
2025-05-05,Wireless Mouse,Texas,62
2025-05-06,Wireless Mouse,Texas,60
2025-05-07,Wireless Mouse,Texas,55
2025-05-08,Wireless Mouse,Texas,45
2025-05-09,Wireless Mouse,Texas,59
2025-05-10,Wireless Mouse,Texas,38
2025-05-11,Wireless Mouse,Texas,40
2025-05-12,Wireless Mouse,Texas,62
2025-05-13,Wireless Mouse,Texas,68
2025-05-14,Wireless Mouse,Texas,58
2025-05-15,Wireless Mouse,Texas,62
2025-05-16,Wireless Mouse,Texas,48
2025-05-17,Wireless Mouse,Texas,44
2025-05-18,Wireless Mouse,Texas,42
2025-05-19,Wireless Mouse,Texas,67
2025-05-20,Wireless Mouse,Texas,55
2025-05-21,Wireless Mouse,Texas,57
2025-05-22,Wireless Mouse,Texas,66
2025-05-23,Wireless Mouse,Texas,58
2025-05-24,Wireless Mouse,Texas,37
2025-05-25,Wireless Mouse,Texas,56
2025-05-26,Wireless Mouse,Texas,51
2025-05-27,Wireless Mouse,Texas,58
2025-05-28,Wireless Mouse,Texas,61
2025-05-29,Wireless Mouse,Texas,60
2025-05-30,Wireless Mouse,Texas,57
2025-05-31,Wireless Mouse,Texas,42
2025-06-01,Wireless Mouse,Texas,40
2025-06-02,Wireless Mouse,Texas,49
2025-06-03,Wireless Mouse,Texas,71
2025-06-04,Wireless Mouse,Texas,55
2025-06-05,Wireless Mouse,Texas,60
2025-06-06,Wireless Mouse,Texas,54
2025-06-07,Wireless Mouse,Texas,39
2025-06-08,Wireless Mouse,Texas,39
2025-06-09,Wireless Mouse,Texas,46
2025-06-10,Wireless Mouse,Texas,55
2025-06-11,Wireless Mouse,Texas,53
2025-06-12,Wireless Mouse,Texas,64
2025-06-13,Wireless Mouse,Texas,48
2025-06-14,Wireless Mouse,Texas,38
2025-06-15,Wireless Mouse,Texas,37
2025-06-16,Wireless Mouse,Texas,66
2025-06-17,Wireless Mouse,Texas,50
2025-06-18,Wireless Mouse,Texas,60
2025-06-19,Wireless Mouse,Texas,63
2025-06-20,Wireless Mouse,Texas,55
2025-06-21,Wireless Mouse,Texas,34
2025-06-22,Wireless Mouse,Texas,34
2025-06-23,Wireless Mouse,Texas,62
2025-06-24,Wireless Mouse,Texas,48
2025-06-25,Wireless Mouse,Texas,59
2025-06-26,Wireless Mouse,Texas,57
2025-06-27,Wireless Mouse,Texas,59
2025-06-28,Wireless Mouse,Texas,43
2025-06-29,Wireless Mouse,Texas,36
2025-06-30,Wireless Mouse,Texas,50
2025-07-01,Wireless Mouse,Texas,57
2025-07-02,Wireless Mouse,Texas,49
2025-07-03,Wireless Mouse,Texas,35
2025-07-04,Wireless Mouse,Texas,57
2025-07-05,Wireless Mouse,Texas,34
2025-07-06,Wireless Mouse,Texas,41
2025-07-07,Wireless Mouse,Texas,62
2025-07-08,Wireless Mouse,Texas,53
2025-07-09,Wireless Mouse,Texas,59
2025-07-10,Wireless Mouse,Texas,54
2025-07-11,Wireless Mouse,Texas,63
2025-07-12,Wireless Mouse,Texas,34
2025-07-13,Wireless Mouse,Texas,39
2025-07-14,Wireless Mouse,Texas,57
2025-07-15,Wireless Mouse,Texas,52
2025-07-16,Wireless Mouse,Texas,60
2025-07-17,Wireless Mouse,Texas,50
2025-07-18,Wireless Mouse,Texas,66
2025-07-19,Wireless Mouse,Texas,49
2025-07-20,Wireless Mouse,Texas,40
2025-07-21,Wireless Mouse,Texas,56
2025-07-22,Wireless Mouse,Texas,60
2025-07-23,Wireless Mouse,Texas,45
2025-07-24,Wireless Mouse,Texas,45
2025-07-25,Wireless Mouse,Texas,61
2025-07-26,Wireless Mouse,Texas,40
2025-07-27,Wireless Mouse,Texas,38
2025-07-28,Wireless Mouse,Texas,53
2025-07-29,Wireless Mouse,Texas,38
2025-07-30,Wireless Mouse,Texas,52
2025-07-31,Wireless Mouse,Texas,48
2025-08-01,Wireless Mouse,Texas,55
2025-08-02,Wireless Mouse,Texas,41
2025-08-03,Wireless Mouse,Texas,39
2025-08-04,Wireless Mouse,Texas,52
2025-08-05,Wireless Mouse,Texas,41
2025-08-06,Wireless Mouse,Texas,53
2025-08-07,Wireless Mouse,Texas,54
2025-08-08,Wireless Mouse,Texas,57
2025-08-09,Wireless Mouse,Texas,46
2025-08-10,Wireless Mouse,Texas,29
2025-08-11,Wireless Mouse,Texas,47
2025-08-12,Wireless Mouse,Texas,45
2025-08-13,Wireless Mouse,Texas,51
2025-08-14,Wireless Mouse,Texas,50
2025-08-15,Wireless Mouse,Texas,48
2025-08-16,Wireless Mouse,Texas,41
2025-08-17,Wireless Mouse,Texas,32
2025-08-18,Wireless Mouse,Texas,44
2025-08-19,Wireless Mouse,Texas,44
2025-08-20,Wireless Mouse,Texas,48
2025-08-21,Wireless Mouse,Texas,42
2025-08-22,Wireless Mouse,Texas,49
2025-08-23,Wireless Mouse,Texas,36
2025-08-24,Wireless Mouse,Texas,33
2025-08-25,Wireless Mouse,Texas,55
2025-08-26,Wireless Mouse,Texas,49
2025-08-27,Wireless Mouse,Texas,56
2025-08-28,Wireless Mouse,Texas,49
2025-08-29,Wireless Mouse,Texas,50
2025-08-30,Wireless Mouse,Texas,34
2025-08-31,Wireless Mouse,Texas,36
2025-09-01,Wireless Mouse,Texas,51
2025-09-02,Wireless Mouse,Texas,45
2025-09-03,Wireless Mouse,Texas,50
2025-09-04,Wireless Mouse,Texas,43
2025-09-05,Wireless Mouse,Texas,52
2025-09-06,Wireless Mouse,Texas,32
2025-09-07,Wireless Mouse,Texas,38
2025-09-08,Wireless Mouse,Texas,48
2025-09-09,Wireless Mouse,Texas,56
2025-09-10,Wireless Mouse,Texas,41
2025-09-11,Wireless Mouse,Texas,39
2025-09-12,Wireless Mouse,Texas,44
2025-09-13,Wireless Mouse,Texas,29
2025-09-14,Wireless Mouse,Texas,29
2025-09-15,Wireless Mouse,Texas,51
2025-09-16,Wireless Mouse,Texas,47
2025-09-17,Wireless Mouse,Texas,45
2025-09-18,Wireless Mouse,Texas,45
2025-09-19,Wireless Mouse,Texas,44
2025-09-20,Wireless Mouse,Texas,42
2025-09-21,Wireless Mouse,Texas,32
2025-09-22,Wireless Mouse,Texas,40
2025-09-23,Wireless Mouse,Texas,52
2025-09-24,Wireless Mouse,Texas,46
2025-09-25,Wireless Mouse,Texas,59
2025-09-26,Wireless Mouse,Texas,44
2025-09-27,Wireless Mouse,Texas,38
2025-09-28,Wireless Mouse,Texas,39
2025-09-29,Wireless Mouse,Texas,44
2025-09-30,Wireless Mouse,Texas,43
2025-10-01,Wireless Mouse,Texas,51
2025-10-02,Wireless Mouse,Texas,50
2025-10-03,Wireless Mouse,Texas,39
2025-10-04,Wireless Mouse,Texas,29
2025-10-05,Wireless Mouse,Texas,24
2025-10-06,Wireless Mouse,Texas,50
2025-10-07,Wireless Mouse,Texas,45
2025-10-08,Wireless Mouse,Texas,46
2025-10-09,Wireless Mouse,Texas,37
2025-10-10,Wireless Mouse,Texas,40
2025-10-11,Wireless Mouse,Texas,32
2025-10-12,Wireless Mouse,Texas,31
2025-10-13,Wireless Mouse,Texas,47
2025-10-14,Wireless Mouse,Texas,50
2025-10-15,Wireless Mouse,Texas,59
2025-10-16,Wireless Mouse,Texas,46
2025-10-17,Wireless Mouse,Texas,53
2025-10-18,Wireless Mouse,Texas,31
2025-10-19,Wireless Mouse,Texas,27
2025-10-20,Wireless Mouse,Texas,45
2025-10-21,Wireless Mouse,Texas,38
2025-10-22,Wireless Mouse,Texas,47
2025-10-23,Wireless Mouse,Texas,42
2025-10-24,Wireless Mouse,Texas,36
2025-10-25,Wireless Mouse,Texas,41
2025-10-26,Wireless Mouse,Texas,32
2025-10-27,Wireless Mouse,Texas,37
2025-10-28,Wireless Mouse,Texas,52
2025-10-29,Wireless Mouse,Texas,42
2025-10-30,Wireless Mouse,Texas,53
2025-10-31,Wireless Mouse,Texas,42
2025-11-01,Wireless Mouse,Texas,38
2025-11-02,Wireless Mouse,Texas,43
2025-11-03,Wireless Mouse,Texas,60
2025-11-04,Wireless Mouse,Texas,61
2025-11-05,Wireless Mouse,Texas,55
2025-11-06,Wireless Mouse,Texas,60
2025-11-07,Wireless Mouse,Texas,61
2025-11-08,Wireless Mouse,Texas,42
2025-11-09,Wireless Mouse,Texas,40
2025-11-10,Wireless Mouse,Texas,46
2025-11-11,Wireless Mouse,Texas,60
2025-11-12,Wireless Mouse,Texas,56
2025-11-13,Wireless Mouse,Texas,53
2025-11-14,Wireless Mouse,Texas,65
2025-11-15,Wireless Mouse,Texas,34
2025-11-16,Wireless Mouse,Texas,49
2025-11-17,Wireless Mouse,Texas,56
2025-11-18,Wireless Mouse,Texas,58
2025-11-19,Wireless Mouse,Texas,53
2025-11-20,Wireless Mouse,Texas,45
2025-11-21,Wireless Mouse,Texas,55
2025-11-22,Wireless Mouse,Texas,43
2025-11-23,Wireless Mouse,Texas,44
2025-11-24,Wireless Mouse,Texas,55
2025-11-25,Wireless Mouse,Texas,41
2025-11-26,Wireless Mouse,Texas,46
2025-11-27,Wireless Mouse,Texas,70
2025-11-28,Wireless Mouse,Texas,49
2025-11-29,Wireless Mouse,Texas,48
2025-11-30,Wireless Mouse,Texas,36
2025-12-01,Wireless Mouse,Texas,57
2025-12-02,Wireless Mouse,Texas,63
2025-12-03,Wireless Mouse,Texas,53
2025-12-04,Wireless Mouse,Texas,70
2025-12-05,Wireless Mouse,Texas,59
2025-12-06,Wireless Mouse,Texas,45
2025-12-07,Wireless Mouse,Texas,42
2025-12-08,Wireless Mouse,Texas,63
2025-12-09,Wireless Mouse,Texas,70
2025-12-10,Wireless Mouse,Texas,58
2025-12-11,Wireless Mouse,Texas,71
2025-12-12,Wireless Mouse,Texas,54
2025-12-13,Wireless Mouse,Texas,47
2025-12-14,Wireless Mouse,Texas,45
2025-12-15,Wireless Mouse,Texas,51
2025-12-16,Wireless Mouse,Texas,60
2025-12-17,Wireless Mouse,Texas,59
2025-12-18,Wireless Mouse,Texas,53
2025-12-19,Wireless Mouse,Texas,61
2025-12-20,Wireless Mouse,Texas,44
2025-12-21,Wireless Mouse,Texas,43
2025-12-22,Wireless Mouse,Texas,58
2025-12-23,Wireless Mouse,Texas,58
2025-12-24,Wireless Mouse,Texas,56
2025-12-25,Wireless Mouse,Texas,60
2025-12-26,Wireless Mouse,Texas,54
2025-12-27,Wireless Mouse,Texas,57
2025-12-28,Wireless Mouse,Texas,36
2025-12-29,Wireless Mouse,Texas,55
2025-12-30,Wireless Mouse,Texas,55
2025-12-31,Wireless Mouse,Texas,73
2026-01-01,Wireless Mouse,Texas,45
2026-01-02,Wireless Mouse,Texas,56
2026-01-03,Wireless Mouse,Texas,40
2026-01-04,Wireless Mouse,Texas,40
2026-01-05,Wireless Mouse,Texas,61
2026-01-06,Wireless Mouse,Texas,61
2026-01-07,Wireless Mouse,Texas,50
2026-01-08,Wireless Mouse,Texas,54
2026-01-09,Wireless Mouse,Texas,41
2026-01-10,Wireless Mouse,Texas,39
2026-01-11,Wireless Mouse,Texas,35
2026-01-12,Wireless Mouse,Texas,52
2026-01-13,Wireless Mouse,Texas,42
2026-01-14,Wireless Mouse,Texas,55
2026-01-15,Wireless Mouse,Texas,42
2026-01-16,Wireless Mouse,Texas,54
2026-01-17,Wireless Mouse,Texas,33
2026-01-18,Wireless Mouse,Texas,35
2026-01-19,Wireless Mouse,Texas,60
2026-01-20,Wireless Mouse,Texas,57
2026-01-21,Wireless Mouse,Texas,60
2026-01-22,Wireless Mouse,Texas,63
2026-01-23,Wireless Mouse,Texas,48
2026-01-24,Wireless Mouse,Texas,46
2026-01-25,Wireless Mouse,Texas,32
2026-01-26,Wireless Mouse,Texas,58
2026-01-27,Wireless Mouse,Texas,50
2026-01-28,Wireless Mouse,Texas,47
2026-01-29,Wireless Mouse,Texas,57
2026-01-30,Wireless Mouse,Texas,59
2026-01-31,Wireless Mouse,Texas,43
2026-02-01,Wireless Mouse,Texas,42
2026-02-02,Wireless Mouse,Texas,57
2026-02-03,Wireless Mouse,Texas,60
2026-02-04,Wireless Mouse,Texas,58
2026-02-05,Wireless Mouse,Texas,60
2026-02-06,Wireless Mouse,Texas,57
2026-02-07,Wireless Mouse,Texas,45
2026-02-08,Wireless Mouse,Texas,33
2026-02-09,Wireless Mouse,Texas,55
2026-02-10,Wireless Mouse,Texas,47
2026-02-11,Wireless Mouse,Texas,58
2026-02-12,Wireless Mouse,Texas,67
2026-02-13,Wireless Mouse,Texas,53
2026-02-14,Wireless Mouse,Texas,42
2026-02-15,Wireless Mouse,Texas,45
2026-02-16,Wireless Mouse,Texas,42
2026-02-17,Wireless Mouse,Texas,53
2026-02-18,Wireless Mouse,Texas,59
2026-02-19,Wireless Mouse,Texas,37
2026-02-20,Wireless Mouse,Texas,50
2026-02-21,Wireless Mouse,Texas,46
2026-02-22,Wireless Mouse,Texas,46
2026-02-23,Wireless Mouse,Texas,59
2026-02-24,Wireless Mouse,Texas,62
2026-02-25,Wireless Mouse,Texas,58
2026-02-26,Wireless Mouse,Texas,60
2026-02-27,Wireless Mouse,Texas,54
2026-02-28,Wireless Mouse,Texas,42
2026-03-01,Wireless Mouse,Texas,40
2026-03-02,Wireless Mouse,Texas,67
2026-03-03,Wireless Mouse,Texas,69
2026-03-04,Wireless Mouse,Texas,68
2026-03-05,Wireless Mouse,Texas,56
2026-03-06,Wireless Mouse,Texas,52
2026-03-07,Wireless Mouse,Texas,49
2026-03-08,Wireless Mouse,Texas,46
2026-03-09,Wireless Mouse,Texas,61
2026-03-10,Wireless Mouse,Texas,54
2026-03-11,Wireless Mouse,Texas,61
2026-03-12,Wireless Mouse,Texas,51
2026-03-13,Wireless Mouse,Texas,63
2026-03-14,Wireless Mouse,Texas,50
2026-03-15,Wireless Mouse,Texas,51
2026-03-16,Wireless Mouse,Texas,63
2026-03-17,Wireless Mouse,Texas,49
2026-03-18,Wireless Mouse,Texas,60
2026-03-19,Wireless Mouse,Texas,73
2026-03-20,Wireless Mouse,Texas,52
2026-03-21,Wireless Mouse,Texas,42
2026-03-22,Wireless Mouse,Texas,50
2026-03-23,Wireless Mouse,Texas,63
2026-03-24,Wireless Mouse,Texas,76
2026-03-25,Wireless Mouse,Texas,53
2026-03-26,Wireless Mouse,Texas,51
2026-03-27,Wireless Mouse,Texas,67
2026-03-28,Wireless Mouse,Texas,37
2026-03-29,Wireless Mouse,Texas,42
2026-03-30,Wireless Mouse,Texas,58
2026-03-31,Wireless Mouse,Texas,66
2026-04-01,Wireless Mouse,Texas,64
2026-04-02,Wireless Mouse,Texas,63
2026-04-03,Wireless Mouse,Texas,56
2026-04-04,Wireless Mouse,Texas,50
2026-04-05,Wireless Mouse,Texas,64
2026-04-06,Wireless Mouse,Texas,64
2026-04-07,Wireless Mouse,Texas,60
2026-04-08,Wireless Mouse,Texas,50
2026-04-09,Wireless Mouse,Texas,55
2026-04-10,Wireless Mouse,Texas,58
2026-04-11,Wireless Mouse,Texas,41
2026-04-12,Wireless Mouse,Texas,43
2026-04-13,Wireless Mouse,Texas,72
2026-04-14,Wireless Mouse,Texas,68
2026-04-15,Wireless Mouse,Texas,58
2026-04-16,Wireless Mouse,Texas,51
2026-04-17,Wireless Mouse,Texas,69
2026-04-18,Wireless Mouse,Texas,43
2026-04-19,Wireless Mouse,Texas,34
2026-04-20,Wireless Mouse,Texas,64
2026-04-21,Wireless Mouse,Texas,67
2026-04-22,Wireless Mouse,Texas,42
2026-04-23,Wireless Mouse,Texas,53
2026-04-24,Wireless Mouse,Texas,58
2026-04-25,Wireless Mouse,Texas,47
2026-04-26,Wireless Mouse,Texas,41
2026-04-27,Wireless Mouse,Texas,53
2026-04-28,Wireless Mouse,Texas,64
2026-04-29,Wireless Mouse,Texas,56
2026-04-30,Wireless Mouse,Texas,63
2026-05-01,Wireless Mouse,Texas,51
2026-05-02,Wireless Mouse,Texas,36
2026-05-03,Wireless Mouse,Texas,47
2026-05-04,Wireless Mouse,Texas,60
2026-05-05,Wireless Mouse,Texas,65
2026-05-06,Wireless Mouse,Texas,55
2026-05-07,Wireless Mouse,Texas,53
2026-05-08,Wireless Mouse,Texas,68
2026-05-09,Wireless Mouse,Texas,35
2026-05-10,Wireless Mouse,Texas,49
2026-05-11,Wireless Mouse,Texas,68
2026-05-12,Wireless Mouse,Texas,64
2026-05-13,Wireless Mouse,Texas,54
2026-05-14,Wireless Mouse,Texas,53
2026-05-15,Wireless Mouse,Texas,57
2026-05-16,Wireless Mouse,Texas,36
2026-05-17,Wireless Mouse,Texas,38
2026-05-18,Wireless Mouse,Texas,63
2026-05-19,Wireless Mouse,Texas,63
2026-05-20,Wireless Mouse,Texas,51
2026-05-21,Wireless Mouse,Texas,63
2026-05-22,Wireless Mouse,Texas,62
2026-05-23,Wireless Mouse,Texas,51
2026-05-24,Wireless Mouse,Texas,46
2026-05-25,Wireless Mouse,Texas,66
2026-05-26,Wireless Mouse,Texas,62
2026-05-27,Wireless Mouse,Texas,65
2026-05-28,Wireless Mouse,Texas,49
2026-05-29,Wireless Mouse,Texas,58
2026-05-30,Wireless Mouse,Texas,43
2026-05-31,Wireless Mouse,Texas,42
2026-06-01,Wireless Mouse,Texas,59
2026-06-02,Wireless Mouse,Texas,60
2026-06-03,Wireless Mouse,Texas,59
2026-06-04,Wireless Mouse,Texas,55
2026-06-05,Wireless Mouse,Texas,51
2026-06-06,Wireless Mouse,Texas,46
2026-06-07,Wireless Mouse,Texas,43
2026-06-08,Wireless Mouse,Texas,49
2026-06-09,Wireless Mouse,Texas,55
2026-06-10,Wireless Mouse,Texas,44
2026-06-11,Wireless Mouse,Texas,56
2026-06-12,Wireless Mouse,Texas,55
2026-06-13,Wireless Mouse,Texas,38
2026-06-14,Wireless Mouse,Texas,49
2026-06-15,Wireless Mouse,Texas,48
2026-06-16,Wireless Mouse,Texas,61
2026-06-17,Wireless Mouse,Texas,71
2026-06-18,Wireless Mouse,Texas,63
2026-06-19,Wireless Mouse,Texas,56
2026-06-20,Wireless Mouse,Texas,35
2026-06-21,Wireless Mouse,Texas,34
2026-06-22,Wireless Mouse,Texas,53
2026-06-23,Wireless Mouse,Texas,51
2026-06-24,Wireless Mouse,Texas,51
2026-06-25,Wireless Mouse,Texas,54
2026-06-26,Wireless Mouse,Texas,55
2026-06-27,Wireless Mouse,Texas,43
2026-06-28,Wireless Mouse,Texas,35
2026-06-29,Wireless Mouse,Texas,52
2026-06-30,Wireless Mouse,Texas,55
2026-07-01,Wireless Mouse,Texas,52
2026-07-02,Wireless Mouse,Texas,65
2026-07-03,Wireless Mouse,Texas,54
2026-07-04,Wireless Mouse,Texas,31
2026-07-05,Wireless Mouse,Texas,41
2026-07-06,Wireless Mouse,Texas,56
2026-07-07,Wireless Mouse,Texas,52
2026-07-08,Wireless Mouse,Texas,45
2026-07-09,Wireless Mouse,Texas,64
2026-07-10,Wireless Mouse,Texas,46
2026-07-11,Wireless Mouse,Texas,42
2026-07-12,Wireless Mouse,Texas,40
2026-07-13,Wireless Mouse,Texas,57
2026-07-14,Wireless Mouse,Texas,64
2026-07-15,Wireless Mouse,Texas,56
2026-07-16,Wireless Mouse,Texas,49
2026-07-17,Wireless Mouse,Texas,60
2026-07-18,Wireless Mouse,Texas,36
2026-07-19,Wireless Mouse,Texas,40
2026-07-20,Wireless Mouse,Texas,45
2026-07-21,Wireless Mouse,Texas,46
2026-07-22,Wireless Mouse,Texas,53
2026-07-23,Wireless Mouse,Texas,55
2026-07-24,Wireless Mouse,Texas,42
2026-07-25,Wireless Mouse,Texas,41
2026-07-26,Wireless Mouse,Texas,35
2026-07-27,Wireless Mouse,Texas,61
2026-07-28,Wireless Mouse,Texas,51
2026-07-29,Wireless Mouse,Texas,46
2026-07-30,Wireless Mouse,Texas,53
2026-07-31,Wireless Mouse,Texas,47
2026-08-01,Wireless Mouse,Texas,42
2026-08-02,Wireless Mouse,Texas,36
2026-08-03,Wireless Mouse,Texas,49
2026-08-04,Wireless Mouse,Texas,53
2026-08-05,Wireless Mouse,Texas,44
2026-08-06,Wireless Mouse,Texas,42
2026-08-07,Wireless Mouse,Texas,52
2026-08-08,Wireless Mouse,Texas,32
2026-08-09,Wireless Mouse,Texas,32
2026-08-10,Wireless Mouse,Texas,55
2026-08-11,Wireless Mouse,Texas,53
2026-08-12,Wireless Mouse,Texas,42
2026-08-13,Wireless Mouse,Texas,46
2026-08-14,Wireless Mouse,Texas,44
2026-08-15,Wireless Mouse,Texas,44
2026-08-16,Wireless Mouse,Texas,40
2026-08-17,Wireless Mouse,Texas,47
2026-08-18,Wireless Mouse,Texas,53
2026-08-19,Wireless Mouse,Texas,42
2026-08-20,Wireless Mouse,Texas,46
2026-08-21,Wireless Mouse,Texas,50
2026-08-22,Wireless Mouse,Texas,38
2026-08-23,Wireless Mouse,Texas,36
2026-08-24,Wireless Mouse,Texas,51
2026-08-25,Wireless Mouse,Texas,50
2026-08-26,Wireless Mouse,Texas,49
2026-08-27,Wireless Mouse,Texas,48
2026-08-28,Wireless Mouse,Texas,47
2026-08-29,Wireless Mouse,Texas,37
2026-08-30,Wireless Mouse,Texas,38
2026-08-31,Wireless Mouse,Texas,51
2026-09-01,Wireless Mouse,Texas,41
2026-09-02,Wireless Mouse,Texas,42
2026-09-03,Wireless Mouse,Texas,50
2026-09-04,Wireless Mouse,Texas,56
2026-09-05,Wireless Mouse,Texas,35
2026-09-06,Wireless Mouse,Texas,33
2026-09-07,Wireless Mouse,Texas,49
2026-09-08,Wireless Mouse,Texas,41
2026-09-09,Wireless Mouse,Texas,55
2026-09-10,Wireless Mouse,Texas,48
2026-09-11,Wireless Mouse,Texas,44
2026-09-12,Wireless Mouse,Texas,34
2026-09-13,Wireless Mouse,Texas,33
2026-09-14,Wireless Mouse,Texas,55
2026-09-15,Wireless Mouse,Texas,46
2026-09-16,Wireless Mouse,Texas,48
2026-09-17,Wireless Mouse,Texas,51
2026-09-18,Wireless Mouse,Texas,43
2026-09-19,Wireless Mouse,Texas,36
2026-09-20,Wireless Mouse,Texas,36
2026-09-21,Wireless Mouse,Texas,39
2026-09-22,Wireless Mouse,Texas,49
2026-09-23,Wireless Mouse,Texas,47
2026-09-24,Wireless Mouse,Texas,48
2026-09-25,Wireless Mouse,Texas,48
2026-09-26,Wireless Mouse,Texas,36
2026-09-27,Wireless Mouse,Texas,40
2026-09-28,Wireless Mouse,Texas,41
2025-01-01,Wireless Mouse,North Carolina,41
2025-01-02,Wireless Mouse,North Carolina,46
2025-01-03,Wireless Mouse,North Carolina,45
2025-01-04,Wireless Mouse,North Carolina,33
2025-01-05,Wireless Mouse,North Carolina,42
2025-01-06,Wireless Mouse,North Carolina,46
2025-01-07,Wireless Mouse,North Carolina,49
2025-01-08,Wireless Mouse,North Carolina,41
2025-01-09,Wireless Mouse,North Carolina,38
2025-01-10,Wireless Mouse,North Carolina,41
2025-01-11,Wireless Mouse,North Carolina,34
2025-01-12,Wireless Mouse,North Carolina,33
2025-01-13,Wireless Mouse,North Carolina,45
2025-01-14,Wireless Mouse,North Carolina,42
2025-01-15,Wireless Mouse,North Carolina,41
2025-01-16,Wireless Mouse,North Carolina,42
2025-01-17,Wireless Mouse,North Carolina,47
2025-01-18,Wireless Mouse,North Carolina,35
2025-01-19,Wireless Mouse,North Carolina,28
2025-01-20,Wireless Mouse,North Carolina,47
2025-01-21,Wireless Mouse,North Carolina,39
2025-01-22,Wireless Mouse,North Carolina,45
2025-01-23,Wireless Mouse,North Carolina,42
2025-01-24,Wireless Mouse,North Carolina,51
2025-01-25,Wireless Mouse,North Carolina,30
2025-01-26,Wireless Mouse,North Carolina,32
2025-01-27,Wireless Mouse,North Carolina,46
2025-01-28,Wireless Mouse,North Carolina,38
2025-01-29,Wireless Mouse,North Carolina,42
2025-01-30,Wireless Mouse,North Carolina,41
2025-01-31,Wireless Mouse,North Carolina,40
2025-02-01,Wireless Mouse,North Carolina,31
2025-02-02,Wireless Mouse,North Carolina,38
2025-02-03,Wireless Mouse,North Carolina,42
2025-02-04,Wireless Mouse,North Carolina,48
2025-02-05,Wireless Mouse,North Carolina,47
2025-02-06,Wireless Mouse,North Carolina,38
2025-02-07,Wireless Mouse,North Carolina,48
2025-02-08,Wireless Mouse,North Carolina,28
2025-02-09,Wireless Mouse,North Carolina,36
2025-02-10,Wireless Mouse,North Carolina,43
2025-02-11,Wireless Mouse,North Carolina,45
2025-02-12,Wireless Mouse,North Carolina,38
2025-02-13,Wireless Mouse,North Carolina,46
2025-02-14,Wireless Mouse,North Carolina,50
2025-02-15,Wireless Mouse,North Carolina,30
2025-02-16,Wireless Mouse,North Carolina,31
2025-02-17,Wireless Mouse,North Carolina,48
2025-02-18,Wireless Mouse,North Carolina,48
2025-02-19,Wireless Mouse,North Carolina,32
2025-02-20,Wireless Mouse,North Carolina,56
2025-02-21,Wireless Mouse,North Carolina,48
2025-02-22,Wireless Mouse,North Carolina,36
2025-02-23,Wireless Mouse,North Carolina,33
2025-02-24,Wireless Mouse,North Carolina,35
2025-02-25,Wireless Mouse,North Carolina,49
2025-02-26,Wireless Mouse,North Carolina,42
2025-02-27,Wireless Mouse,North Carolina,48
2025-02-28,Wireless Mouse,North Carolina,44
2025-03-01,Wireless Mouse,North Carolina,36
2025-03-02,Wireless Mouse,North Carolina,31
2025-03-03,Wireless Mouse,North Carolina,52
2025-03-04,Wireless Mouse,North Carolina,41
2025-03-05,Wireless Mouse,North Carolina,60
2025-03-06,Wireless Mouse,North Carolina,60
2025-03-07,Wireless Mouse,North Carolina,57
2025-03-08,Wireless Mouse,North Carolina,40
2025-03-09,Wireless Mouse,North Carolina,34
2025-03-10,Wireless Mouse,North Carolina,54
2025-03-11,Wireless Mouse,North Carolina,47
2025-03-12,Wireless Mouse,North Carolina,38
2025-03-13,Wireless Mouse,North Carolina,56
2025-03-14,Wireless Mouse,North Carolina,54
2025-03-15,Wireless Mouse,North Carolina,34
2025-03-16,Wireless Mouse,North Carolina,30
2025-03-17,Wireless Mouse,North Carolina,44
2025-03-18,Wireless Mouse,North Carolina,37
2025-03-19,Wireless Mouse,North Carolina,53
2025-03-20,Wireless Mouse,North Carolina,38
2025-03-21,Wireless Mouse,North Carolina,49
2025-03-22,Wireless Mouse,North Carolina,31
2025-03-23,Wireless Mouse,North Carolina,29
2025-03-24,Wireless Mouse,North Carolina,49
2025-03-25,Wireless Mouse,North Carolina,45
2025-03-26,Wireless Mouse,North Carolina,52
2025-03-27,Wireless Mouse,North Carolina,40
2025-03-28,Wireless Mouse,North Carolina,43
2025-03-29,Wireless Mouse,North Carolina,25
2025-03-30,Wireless Mouse,North Carolina,26
2025-03-31,Wireless Mouse,North Carolina,57
2025-04-01,Wireless Mouse,North Carolina,60
2025-04-02,Wireless Mouse,North Carolina,49
2025-04-03,Wireless Mouse,North Carolina,43
2025-04-04,Wireless Mouse,North Carolina,46
2025-04-05,Wireless Mouse,North Carolina,39
2025-04-06,Wireless Mouse,North Carolina,33
2025-04-07,Wireless Mouse,North Carolina,49
2025-04-08,Wireless Mouse,North Carolina,48
2025-04-09,Wireless Mouse,North Carolina,45
2025-04-10,Wireless Mouse,North Carolina,45
2025-04-11,Wireless Mouse,North Carolina,50
2025-04-12,Wireless Mouse,North Carolina,31
2025-04-13,Wireless Mouse,North Carolina,37
2025-04-14,Wireless Mouse,North Carolina,45
2025-04-15,Wireless Mouse,North Carolina,49
2025-04-16,Wireless Mouse,North Carolina,56
2025-04-17,Wireless Mouse,North Carolina,47
2025-04-18,Wireless Mouse,North Carolina,53
2025-04-19,Wireless Mouse,North Carolina,28
2025-04-20,Wireless Mouse,North Carolina,33
2025-04-21,Wireless Mouse,North Carolina,48
2025-04-22,Wireless Mouse,North Carolina,59
2025-04-23,Wireless Mouse,North Carolina,37
2025-04-24,Wireless Mouse,North Carolina,47
2025-04-25,Wireless Mouse,North Carolina,56
2025-04-26,Wireless Mouse,North Carolina,32
2025-04-27,Wireless Mouse,North Carolina,34
2025-04-28,Wireless Mouse,North Carolina,50
2025-04-29,Wireless Mouse,North Carolina,49
2025-04-30,Wireless Mouse,North Carolina,57
2025-05-01,Wireless Mouse,North Carolina,50
2025-05-02,Wireless Mouse,North Carolina,55
2025-05-03,Wireless Mouse,North Carolina,33
2025-05-04,Wireless Mouse,North Carolina,32
2025-05-05,Wireless Mouse,North Carolina,46
2025-05-06,Wireless Mouse,North Carolina,41
2025-05-07,Wireless Mouse,North Carolina,50
2025-05-08,Wireless Mouse,North Carolina,45
2025-05-09,Wireless Mouse,North Carolina,43
2025-05-10,Wireless Mouse,North Carolina,37
2025-05-11,Wireless Mouse,North Carolina,30
2025-05-12,Wireless Mouse,North Carolina,52
2025-05-13,Wireless Mouse,North Carolina,45
2025-05-14,Wireless Mouse,North Carolina,54
2025-05-15,Wireless Mouse,North Carolina,45
2025-05-16,Wireless Mouse,North Carolina,51
2025-05-17,Wireless Mouse,North Carolina,35
2025-05-18,Wireless Mouse,North Carolina,38
2025-05-19,Wireless Mouse,North Carolina,48
2025-05-20,Wireless Mouse,North Carolina,38
2025-05-21,Wireless Mouse,North Carolina,53
2025-05-22,Wireless Mouse,North Carolina,47
2025-05-23,Wireless Mouse,North Carolina,52
2025-05-24,Wireless Mouse,North Carolina,37
2025-05-25,Wireless Mouse,North Carolina,31
2025-05-26,Wireless Mouse,North Carolina,42
2025-05-27,Wireless Mouse,North Carolina,51
2025-05-28,Wireless Mouse,North Carolina,46
2025-05-29,Wireless Mouse,North Carolina,53
2025-05-30,Wireless Mouse,North Carolina,46
2025-05-31,Wireless Mouse,North Carolina,39
2025-06-01,Wireless Mouse,North Carolina,35
2025-06-02,Wireless Mouse,North Carolina,47
2025-06-03,Wireless Mouse,North Carolina,43
2025-06-04,Wireless Mouse,North Carolina,47
2025-06-05,Wireless Mouse,North Carolina,52
2025-06-06,Wireless Mouse,North Carolina,45
2025-06-07,Wireless Mouse,North Carolina,35
2025-06-08,Wireless Mouse,North Carolina,33
2025-06-09,Wireless Mouse,North Carolina,46
2025-06-10,Wireless Mouse,North Carolina,55
2025-06-11,Wireless Mouse,North Carolina,52
2025-06-12,Wireless Mouse,North Carolina,46
2025-06-13,Wireless Mouse,North Carolina,47
2025-06-14,Wireless Mouse,North Carolina,30
2025-06-15,Wireless Mouse,North Carolina,33
2025-06-16,Wireless Mouse,North Carolina,47
2025-06-17,Wireless Mouse,North Carolina,50
2025-06-18,Wireless Mouse,North Carolina,49
2025-06-19,Wireless Mouse,North Carolina,39
2025-06-20,Wireless Mouse,North Carolina,51
2025-06-21,Wireless Mouse,North Carolina,33
2025-06-22,Wireless Mouse,North Carolina,29
2025-06-23,Wireless Mouse,North Carolina,53
2025-06-24,Wireless Mouse,North Carolina,53
2025-06-25,Wireless Mouse,North Carolina,47
2025-06-26,Wireless Mouse,North Carolina,49
2025-06-27,Wireless Mouse,North Carolina,50
2025-06-28,Wireless Mouse,North Carolina,39
2025-06-29,Wireless Mouse,North Carolina,36
2025-06-30,Wireless Mouse,North Carolina,38
2025-07-01,Wireless Mouse,North Carolina,53
2025-07-02,Wireless Mouse,North Carolina,48
2025-07-03,Wireless Mouse,North Carolina,40
2025-07-04,Wireless Mouse,North Carolina,38
2025-07-05,Wireless Mouse,North Carolina,33
2025-07-06,Wireless Mouse,North Carolina,30
2025-07-07,Wireless Mouse,North Carolina,45
2025-07-08,Wireless Mouse,North Carolina,47
2025-07-09,Wireless Mouse,North Carolina,40
2025-07-10,Wireless Mouse,North Carolina,37
2025-07-11,Wireless Mouse,North Carolina,45
2025-07-12,Wireless Mouse,North Carolina,29
2025-07-13,Wireless Mouse,North Carolina,32
2025-07-14,Wireless Mouse,North Carolina,36
2025-07-15,Wireless Mouse,North Carolina,42
2025-07-16,Wireless Mouse,North Carolina,47
2025-07-17,Wireless Mouse,North Carolina,46
2025-07-18,Wireless Mouse,North Carolina,39
2025-07-19,Wireless Mouse,North Carolina,27
2025-07-20,Wireless Mouse,North Carolina,31
2025-07-21,Wireless Mouse,North Carolina,46
2025-07-22,Wireless Mouse,North Carolina,45
2025-07-23,Wireless Mouse,North Carolina,40
2025-07-24,Wireless Mouse,North Carolina,44
2025-07-25,Wireless Mouse,North Carolina,51
2025-07-26,Wireless Mouse,North Carolina,32
2025-07-27,Wireless Mouse,North Carolina,25
2025-07-28,Wireless Mouse,North Carolina,44
2025-07-29,Wireless Mouse,North Carolina,53
2025-07-30,Wireless Mouse,North Carolina,36
2025-07-31,Wireless Mouse,North Carolina,43
2025-08-01,Wireless Mouse,North Carolina,39
2025-08-02,Wireless Mouse,North Carolina,30
2025-08-03,Wireless Mouse,North Carolina,30
2025-08-04,Wireless Mouse,North Carolina,46
2025-08-05,Wireless Mouse,North Carolina,41
2025-08-06,Wireless Mouse,North Carolina,46
2025-08-07,Wireless Mouse,North Carolina,40
2025-08-08,Wireless Mouse,North Carolina,39
2025-08-09,Wireless Mouse,North Carolina,27
2025-08-10,Wireless Mouse,North Carolina,23
2025-08-11,Wireless Mouse,North Carolina,42
2025-08-12,Wireless Mouse,North Carolina,50
2025-08-13,Wireless Mouse,North Carolina,42
2025-08-14,Wireless Mouse,North Carolina,44
2025-08-15,Wireless Mouse,North Carolina,38
2025-08-16,Wireless Mouse,North Carolina,29
2025-08-17,Wireless Mouse,North Carolina,33
2025-08-18,Wireless Mouse,North Carolina,50
2025-08-19,Wireless Mouse,North Carolina,47
2025-08-20,Wireless Mouse,North Carolina,44
2025-08-21,Wireless Mouse,North Carolina,40
2025-08-22,Wireless Mouse,North Carolina,41
2025-08-23,Wireless Mouse,North Carolina,27
2025-08-24,Wireless Mouse,North Carolina,24
2025-08-25,Wireless Mouse,North Carolina,35
2025-08-26,Wireless Mouse,North Carolina,41
2025-08-27,Wireless Mouse,North Carolina,39
2025-08-28,Wireless Mouse,North Carolina,33
2025-08-29,Wireless Mouse,North Carolina,40
2025-08-30,Wireless Mouse,North Carolina,28
2025-08-31,Wireless Mouse,North Carolina,25
2025-09-01,Wireless Mouse,North Carolina,37
2025-09-02,Wireless Mouse,North Carolina,37
2025-09-03,Wireless Mouse,North Carolina,36
2025-09-04,Wireless Mouse,North Carolina,43
2025-09-05,Wireless Mouse,North Carolina,30
2025-09-06,Wireless Mouse,North Carolina,21
2025-09-07,Wireless Mouse,North Carolina,28
2025-09-08,Wireless Mouse,North Carolina,39
2025-09-09,Wireless Mouse,North Carolina,40
2025-09-10,Wireless Mouse,North Carolina,36
2025-09-11,Wireless Mouse,North Carolina,34
2025-09-12,Wireless Mouse,North Carolina,38
2025-09-13,Wireless Mouse,North Carolina,27
2025-09-14,Wireless Mouse,North Carolina,33
2025-09-15,Wireless Mouse,North Carolina,37
2025-09-16,Wireless Mouse,North Carolina,38
2025-09-17,Wireless Mouse,North Carolina,50
2025-09-18,Wireless Mouse,North Carolina,37
2025-09-19,Wireless Mouse,North Carolina,41
2025-09-20,Wireless Mouse,North Carolina,30
2025-09-21,Wireless Mouse,North Carolina,31
2025-09-22,Wireless Mouse,North Carolina,40
2025-09-23,Wireless Mouse,North Carolina,39
2025-09-24,Wireless Mouse,North Carolina,39
2025-09-25,Wireless Mouse,North Carolina,36
2025-09-26,Wireless Mouse,North Carolina,40
2025-09-27,Wireless Mouse,North Carolina,35
2025-09-28,Wireless Mouse,North Carolina,32
2025-09-29,Wireless Mouse,North Carolina,40
2025-09-30,Wireless Mouse,North Carolina,42
2025-10-01,Wireless Mouse,North Carolina,34
2025-10-02,Wireless Mouse,North Carolina,37
2025-10-03,Wireless Mouse,North Carolina,42
2025-10-04,Wireless Mouse,North Carolina,33
2025-10-05,Wireless Mouse,North Carolina,25
2025-10-06,Wireless Mouse,North Carolina,36
2025-10-07,Wireless Mouse,North Carolina,48
2025-10-08,Wireless Mouse,North Carolina,38
2025-10-09,Wireless Mouse,North Carolina,46
2025-10-10,Wireless Mouse,North Carolina,39
2025-10-11,Wireless Mouse,North Carolina,28
2025-10-12,Wireless Mouse,North Carolina,27
2025-10-13,Wireless Mouse,North Carolina,42
2025-10-14,Wireless Mouse,North Carolina,44
2025-10-15,Wireless Mouse,North Carolina,33
2025-10-16,Wireless Mouse,North Carolina,36
2025-10-17,Wireless Mouse,North Carolina,42
2025-10-18,Wireless Mouse,North Carolina,27
2025-10-19,Wireless Mouse,North Carolina,26
2025-10-20,Wireless Mouse,North Carolina,42
2025-10-21,Wireless Mouse,North Carolina,43
2025-10-22,Wireless Mouse,North Carolina,36
2025-10-23,Wireless Mouse,North Carolina,39
2025-10-24,Wireless Mouse,North Carolina,32
2025-10-25,Wireless Mouse,North Carolina,25
2025-10-26,Wireless Mouse,North Carolina,28
2025-10-27,Wireless Mouse,North Carolina,38
2025-10-28,Wireless Mouse,North Carolina,33
2025-10-29,Wireless Mouse,North Carolina,34
2025-10-30,Wireless Mouse,North Carolina,33
2025-10-31,Wireless Mouse,North Carolina,40
2025-11-01,Wireless Mouse,North Carolina,25
2025-11-02,Wireless Mouse,North Carolina,29
2025-11-03,Wireless Mouse,North Carolina,35
2025-11-04,Wireless Mouse,North Carolina,48
2025-11-05,Wireless Mouse,North Carolina,35
2025-11-06,Wireless Mouse,North Carolina,45
2025-11-07,Wireless Mouse,North Carolina,54
2025-11-08,Wireless Mouse,North Carolina,40
2025-11-09,Wireless Mouse,North Carolina,26
2025-11-10,Wireless Mouse,North Carolina,47
2025-11-11,Wireless Mouse,North Carolina,40
2025-11-12,Wireless Mouse,North Carolina,39
2025-11-13,Wireless Mouse,North Carolina,45
2025-11-14,Wireless Mouse,North Carolina,52
2025-11-15,Wireless Mouse,North Carolina,36
2025-11-16,Wireless Mouse,North Carolina,30
2025-11-17,Wireless Mouse,North Carolina,49
2025-11-18,Wireless Mouse,North Carolina,33
2025-11-19,Wireless Mouse,North Carolina,41
2025-11-20,Wireless Mouse,North Carolina,41
2025-11-21,Wireless Mouse,North Carolina,46
2025-11-22,Wireless Mouse,North Carolina,32
2025-11-23,Wireless Mouse,North Carolina,33
2025-11-24,Wireless Mouse,North Carolina,44
2025-11-25,Wireless Mouse,North Carolina,45
2025-11-26,Wireless Mouse,North Carolina,48
2025-11-27,Wireless Mouse,North Carolina,46
2025-11-28,Wireless Mouse,North Carolina,44
2025-11-29,Wireless Mouse,North Carolina,35
2025-11-30,Wireless Mouse,North Carolina,36
2025-12-01,Wireless Mouse,North Carolina,44
2025-12-02,Wireless Mouse,North Carolina,47
2025-12-03,Wireless Mouse,North Carolina,54
2025-12-04,Wireless Mouse,North Carolina,41
2025-12-05,Wireless Mouse,North Carolina,58
2025-12-06,Wireless Mouse,North Carolina,29
2025-12-07,Wireless Mouse,North Carolina,33
2025-12-08,Wireless Mouse,North Carolina,42
2025-12-09,Wireless Mouse,North Carolina,60
2025-12-10,Wireless Mouse,North Carolina,45
2025-12-11,Wireless Mouse,North Carolina,45
2025-12-12,Wireless Mouse,North Carolina,45
2025-12-13,Wireless Mouse,North Carolina,35
2025-12-14,Wireless Mouse,North Carolina,33
2025-12-15,Wireless Mouse,North Carolina,47
2025-12-16,Wireless Mouse,North Carolina,27
2025-12-17,Wireless Mouse,North Carolina,48
2025-12-18,Wireless Mouse,North Carolina,48
2025-12-19,Wireless Mouse,North Carolina,53
2025-12-20,Wireless Mouse,North Carolina,40
2025-12-21,Wireless Mouse,North Carolina,34
2025-12-22,Wireless Mouse,North Carolina,52
2025-12-23,Wireless Mouse,North Carolina,41
2025-12-24,Wireless Mouse,North Carolina,52
2025-12-25,Wireless Mouse,North Carolina,44
2025-12-26,Wireless Mouse,North Carolina,41
2025-12-27,Wireless Mouse,North Carolina,34
2025-12-28,Wireless Mouse,North Carolina,41
2025-12-29,Wireless Mouse,North Carolina,49
2025-12-30,Wireless Mouse,North Carolina,56
2025-12-31,Wireless Mouse,North Carolina,43
2026-01-01,Wireless Mouse,North Carolina,48
2026-01-02,Wireless Mouse,North Carolina,39
2026-01-03,Wireless Mouse,North Carolina,32
2026-01-04,Wireless Mouse,North Carolina,32
2026-01-05,Wireless Mouse,North Carolina,46
2026-01-06,Wireless Mouse,North Carolina,44
2026-01-07,Wireless Mouse,North Carolina,39
2026-01-08,Wireless Mouse,North Carolina,47
2026-01-09,Wireless Mouse,North Carolina,52
2026-01-10,Wireless Mouse,North Carolina,29
2026-01-11,Wireless Mouse,North Carolina,24
2026-01-12,Wireless Mouse,North Carolina,45
2026-01-13,Wireless Mouse,North Carolina,41
2026-01-14,Wireless Mouse,North Carolina,42
2026-01-15,Wireless Mouse,North Carolina,46
2026-01-16,Wireless Mouse,North Carolina,40
2026-01-17,Wireless Mouse,North Carolina,30
2026-01-18,Wireless Mouse,North Carolina,31
2026-01-19,Wireless Mouse,North Carolina,50
2026-01-20,Wireless Mouse,North Carolina,43
2026-01-21,Wireless Mouse,North Carolina,36
2026-01-22,Wireless Mouse,North Carolina,37
2026-01-23,Wireless Mouse,North Carolina,44
2026-01-24,Wireless Mouse,North Carolina,27
2026-01-25,Wireless Mouse,North Carolina,25
2026-01-26,Wireless Mouse,North Carolina,46
2026-01-27,Wireless Mouse,North Carolina,46
2026-01-28,Wireless Mouse,North Carolina,41
2026-01-29,Wireless Mouse,North Carolina,44
2026-01-30,Wireless Mouse,North Carolina,44
2026-01-31,Wireless Mouse,North Carolina,34
2026-02-01,Wireless Mouse,North Carolina,36
2026-02-02,Wireless Mouse,North Carolina,31
2026-02-03,Wireless Mouse,North Carolina,44
2026-02-04,Wireless Mouse,North Carolina,48
2026-02-05,Wireless Mouse,North Carolina,43
2026-02-06,Wireless Mouse,North Carolina,46
2026-02-07,Wireless Mouse,North Carolina,36
2026-02-08,Wireless Mouse,North Carolina,34
2026-02-09,Wireless Mouse,North Carolina,54
2026-02-10,Wireless Mouse,North Carolina,52
2026-02-11,Wireless Mouse,North Carolina,45
2026-02-12,Wireless Mouse,North Carolina,44
2026-02-13,Wireless Mouse,North Carolina,30
2026-02-14,Wireless Mouse,North Carolina,32
2026-02-15,Wireless Mouse,North Carolina,28
2026-02-16,Wireless Mouse,North Carolina,47
2026-02-17,Wireless Mouse,North Carolina,46
2026-02-18,Wireless Mouse,North Carolina,49
2026-02-19,Wireless Mouse,North Carolina,53
2026-02-20,Wireless Mouse,North Carolina,45
2026-02-21,Wireless Mouse,North Carolina,42
2026-02-22,Wireless Mouse,North Carolina,34
2026-02-23,Wireless Mouse,North Carolina,38
2026-02-24,Wireless Mouse,North Carolina,42
2026-02-25,Wireless Mouse,North Carolina,43
2026-02-26,Wireless Mouse,North Carolina,49
2026-02-27,Wireless Mouse,North Carolina,40
2026-02-28,Wireless Mouse,North Carolina,32
2026-03-01,Wireless Mouse,North Carolina,34
2026-03-02,Wireless Mouse,North Carolina,45
2026-03-03,Wireless Mouse,North Carolina,52
2026-03-04,Wireless Mouse,North Carolina,51
2026-03-05,Wireless Mouse,North Carolina,54
2026-03-06,Wireless Mouse,North Carolina,45
2026-03-07,Wireless Mouse,North Carolina,40
2026-03-08,Wireless Mouse,North Carolina,29
2026-03-09,Wireless Mouse,North Carolina,39
2026-03-10,Wireless Mouse,North Carolina,40
2026-03-11,Wireless Mouse,North Carolina,47
2026-03-12,Wireless Mouse,North Carolina,54
2026-03-13,Wireless Mouse,North Carolina,44
2026-03-14,Wireless Mouse,North Carolina,33
2026-03-15,Wireless Mouse,North Carolina,34
2026-03-16,Wireless Mouse,North Carolina,51
2026-03-17,Wireless Mouse,North Carolina,45
2026-03-18,Wireless Mouse,North Carolina,44
2026-03-19,Wireless Mouse,North Carolina,40
2026-03-20,Wireless Mouse,North Carolina,44
2026-03-21,Wireless Mouse,North Carolina,40
2026-03-22,Wireless Mouse,North Carolina,35
2026-03-23,Wireless Mouse,North Carolina,43
2026-03-24,Wireless Mouse,North Carolina,54
2026-03-25,Wireless Mouse,North Carolina,44
2026-03-26,Wireless Mouse,North Carolina,55
2026-03-27,Wireless Mouse,North Carolina,55
2026-03-28,Wireless Mouse,North Carolina,35
2026-03-29,Wireless Mouse,North Carolina,28
2026-03-30,Wireless Mouse,North Carolina,60
2026-03-31,Wireless Mouse,North Carolina,49
2026-04-01,Wireless Mouse,North Carolina,46
2026-04-02,Wireless Mouse,North Carolina,53
2026-04-03,Wireless Mouse,North Carolina,52
2026-04-04,Wireless Mouse,North Carolina,41
2026-04-05,Wireless Mouse,North Carolina,32
2026-04-06,Wireless Mouse,North Carolina,50
2026-04-07,Wireless Mouse,North Carolina,41
2026-04-08,Wireless Mouse,North Carolina,52
2026-04-09,Wireless Mouse,North Carolina,48
2026-04-10,Wireless Mouse,North Carolina,50
2026-04-11,Wireless Mouse,North Carolina,35
2026-04-12,Wireless Mouse,North Carolina,34
2026-04-13,Wireless Mouse,North Carolina,43
2026-04-14,Wireless Mouse,North Carolina,53
2026-04-15,Wireless Mouse,North Carolina,57
2026-04-16,Wireless Mouse,North Carolina,45
2026-04-17,Wireless Mouse,North Carolina,51
2026-04-18,Wireless Mouse,North Carolina,37
2026-04-19,Wireless Mouse,North Carolina,35
2026-04-20,Wireless Mouse,North Carolina,39
2026-04-21,Wireless Mouse,North Carolina,40
2026-04-22,Wireless Mouse,North Carolina,43
2026-04-23,Wireless Mouse,North Carolina,36
2026-04-24,Wireless Mouse,North Carolina,56
2026-04-25,Wireless Mouse,North Carolina,37
2026-04-26,Wireless Mouse,North Carolina,35
2026-04-27,Wireless Mouse,North Carolina,35
2026-04-28,Wireless Mouse,North Carolina,37
2026-04-29,Wireless Mouse,North Carolina,48
2026-04-30,Wireless Mouse,North Carolina,59
2026-05-01,Wireless Mouse,North Carolina,43
2026-05-02,Wireless Mouse,North Carolina,38
2026-05-03,Wireless Mouse,North Carolina,33
2026-05-04,Wireless Mouse,North Carolina,48
2026-05-05,Wireless Mouse,North Carolina,54
2026-05-06,Wireless Mouse,North Carolina,45
2026-05-07,Wireless Mouse,North Carolina,43
2026-05-08,Wireless Mouse,North Carolina,55
2026-05-09,Wireless Mouse,North Carolina,35
2026-05-10,Wireless Mouse,North Carolina,39
2026-05-11,Wireless Mouse,North Carolina,43
2026-05-12,Wireless Mouse,North Carolina,55
2026-05-13,Wireless Mouse,North Carolina,49
2026-05-14,Wireless Mouse,North Carolina,50
2026-05-15,Wireless Mouse,North Carolina,48
2026-05-16,Wireless Mouse,North Carolina,33
2026-05-17,Wireless Mouse,North Carolina,35
2026-05-18,Wireless Mouse,North Carolina,45
2026-05-19,Wireless Mouse,North Carolina,53
2026-05-20,Wireless Mouse,North Carolina,46
2026-05-21,Wireless Mouse,North Carolina,39
2026-05-22,Wireless Mouse,North Carolina,38
2026-05-23,Wireless Mouse,North Carolina,27
2026-05-24,Wireless Mouse,North Carolina,37
2026-05-25,Wireless Mouse,North Carolina,41
2026-05-26,Wireless Mouse,North Carolina,49
2026-05-27,Wireless Mouse,North Carolina,48
2026-05-28,Wireless Mouse,North Carolina,47
2026-05-29,Wireless Mouse,North Carolina,50
2026-05-30,Wireless Mouse,North Carolina,35
2026-05-31,Wireless Mouse,North Carolina,23
2026-06-01,Wireless Mouse,North Carolina,44
2026-06-02,Wireless Mouse,North Carolina,48
2026-06-03,Wireless Mouse,North Carolina,54
2026-06-04,Wireless Mouse,North Carolina,55
2026-06-05,Wireless Mouse,North Carolina,38
2026-06-06,Wireless Mouse,North Carolina,32
2026-06-07,Wireless Mouse,North Carolina,27
2026-06-08,Wireless Mouse,North Carolina,54
2026-06-09,Wireless Mouse,North Carolina,51
2026-06-10,Wireless Mouse,North Carolina,47
2026-06-11,Wireless Mouse,North Carolina,46
2026-06-12,Wireless Mouse,North Carolina,53
2026-06-13,Wireless Mouse,North Carolina,38
2026-06-14,Wireless Mouse,North Carolina,38
2026-06-15,Wireless Mouse,North Carolina,48
2026-06-16,Wireless Mouse,North Carolina,44
2026-06-17,Wireless Mouse,North Carolina,50
2026-06-18,Wireless Mouse,North Carolina,50
2026-06-19,Wireless Mouse,North Carolina,44
2026-06-20,Wireless Mouse,North Carolina,32
2026-06-21,Wireless Mouse,North Carolina,38
2026-06-22,Wireless Mouse,North Carolina,54
2026-06-23,Wireless Mouse,North Carolina,41
2026-06-24,Wireless Mouse,North Carolina,44
2026-06-25,Wireless Mouse,North Carolina,47
2026-06-26,Wireless Mouse,North Carolina,48
2026-06-27,Wireless Mouse,North Carolina,31
2026-06-28,Wireless Mouse,North Carolina,41
2026-06-29,Wireless Mouse,North Carolina,48
2026-06-30,Wireless Mouse,North Carolina,48
2026-07-01,Wireless Mouse,North Carolina,52
2026-07-02,Wireless Mouse,North Carolina,41
2026-07-03,Wireless Mouse,North Carolina,42
2026-07-04,Wireless Mouse,North Carolina,27
2026-07-05,Wireless Mouse,North Carolina,31
2026-07-06,Wireless Mouse,North Carolina,35
2026-07-07,Wireless Mouse,North Carolina,47
2026-07-08,Wireless Mouse,North Carolina,45
2026-07-09,Wireless Mouse,North Carolina,41
2026-07-10,Wireless Mouse,North Carolina,42
2026-07-11,Wireless Mouse,North Carolina,34
2026-07-12,Wireless Mouse,North Carolina,27
2026-07-13,Wireless Mouse,North Carolina,44
2026-07-14,Wireless Mouse,North Carolina,46
2026-07-15,Wireless Mouse,North Carolina,34
2026-07-16,Wireless Mouse,North Carolina,46
2026-07-17,Wireless Mouse,North Carolina,34
2026-07-18,Wireless Mouse,North Carolina,31
2026-07-19,Wireless Mouse,North Carolina,27
2026-07-20,Wireless Mouse,North Carolina,50
2026-07-21,Wireless Mouse,North Carolina,37
2026-07-22,Wireless Mouse,North Carolina,34
2026-07-23,Wireless Mouse,North Carolina,44
2026-07-24,Wireless Mouse,North Carolina,41
2026-07-25,Wireless Mouse,North Carolina,26
2026-07-26,Wireless Mouse,North Carolina,33
2026-07-27,Wireless Mouse,North Carolina,33
2026-07-28,Wireless Mouse,North Carolina,38
2026-07-29,Wireless Mouse,North Carolina,40
2026-07-30,Wireless Mouse,North Carolina,47
2026-07-31,Wireless Mouse,North Carolina,49
2026-08-01,Wireless Mouse,North Carolina,33
2026-08-02,Wireless Mouse,North Carolina,29
2026-08-03,Wireless Mouse,North Carolina,29
2026-08-04,Wireless Mouse,North Carolina,42
2026-08-05,Wireless Mouse,North Carolina,47
2026-08-06,Wireless Mouse,North Carolina,46
2026-08-07,Wireless Mouse,North Carolina,43
2026-08-08,Wireless Mouse,North Carolina,25
2026-08-09,Wireless Mouse,North Carolina,28
2026-08-10,Wireless Mouse,North Carolina,50
2026-08-11,Wireless Mouse,North Carolina,33
2026-08-12,Wireless Mouse,North Carolina,35
2026-08-13,Wireless Mouse,North Carolina,45
2026-08-14,Wireless Mouse,North Carolina,38
2026-08-15,Wireless Mouse,North Carolina,25
2026-08-16,Wireless Mouse,North Carolina,35
2026-08-17,Wireless Mouse,North Carolina,42
2026-08-18,Wireless Mouse,North Carolina,38
2026-08-19,Wireless Mouse,North Carolina,35
2026-08-20,Wireless Mouse,North Carolina,50
2026-08-21,Wireless Mouse,North Carolina,40
2026-08-22,Wireless Mouse,North Carolina,34
2026-08-23,Wireless Mouse,North Carolina,33
2026-08-24,Wireless Mouse,North Carolina,38
2026-08-25,Wireless Mouse,North Carolina,38
2026-08-26,Wireless Mouse,North Carolina,47
2026-08-27,Wireless Mouse,North Carolina,47
2026-08-28,Wireless Mouse,North Carolina,31
2026-08-29,Wireless Mouse,North Carolina,31
2026-08-30,Wireless Mouse,North Carolina,29
2026-08-31,Wireless Mouse,North Carolina,35
2026-09-01,Wireless Mouse,North Carolina,40
2026-09-02,Wireless Mouse,North Carolina,32
2026-09-03,Wireless Mouse,North Carolina,36
2026-09-04,Wireless Mouse,North Carolina,35
2026-09-05,Wireless Mouse,North Carolina,26
2026-09-06,Wireless Mouse,North Carolina,28
2026-09-07,Wireless Mouse,North Carolina,34
2026-09-08,Wireless Mouse,North Carolina,46
2026-09-09,Wireless Mouse,North Carolina,41
2026-09-10,Wireless Mouse,North Carolina,47
2026-09-11,Wireless Mouse,North Carolina,38
2026-09-12,Wireless Mouse,North Carolina,26
2026-09-13,Wireless Mouse,North Carolina,34
2026-09-14,Wireless Mouse,North Carolina,36
2026-09-15,Wireless Mouse,North Carolina,38
2026-09-16,Wireless Mouse,North Carolina,42
2026-09-17,Wireless Mouse,North Carolina,33
2026-09-18,Wireless Mouse,North Carolina,42
2026-09-19,Wireless Mouse,North Carolina,30
2026-09-20,Wireless Mouse,North Carolina,32
2026-09-21,Wireless Mouse,North Carolina,42
2026-09-22,Wireless Mouse,North Carolina,44
2026-09-23,Wireless Mouse,North Carolina,38
2026-09-24,Wireless Mouse,North Carolina,34
2026-09-25,Wireless Mouse,North Carolina,48
2026-09-26,Wireless Mouse,North Carolina,23
2026-09-27,Wireless Mouse,North Carolina,23
2026-09-28,Wireless Mouse,North Carolina,41
2025-01-01,Wireless Mouse,Virginia,45
2025-01-02,Wireless Mouse,Virginia,39
2025-01-03,Wireless Mouse,Virginia,42
2025-01-04,Wireless Mouse,Virginia,21
2025-01-05,Wireless Mouse,Virginia,26
2025-01-06,Wireless Mouse,Virginia,29
2025-01-07,Wireless Mouse,Virginia,41
2025-01-08,Wireless Mouse,Virginia,31
2025-01-09,Wireless Mouse,Virginia,32
2025-01-10,Wireless Mouse,Virginia,40
2025-01-11,Wireless Mouse,Virginia,31
2025-01-12,Wireless Mouse,Virginia,27
2025-01-13,Wireless Mouse,Virginia,40
2025-01-14,Wireless Mouse,Virginia,40
2025-01-15,Wireless Mouse,Virginia,37
2025-01-16,Wireless Mouse,Virginia,33
2025-01-17,Wireless Mouse,Virginia,40
2025-01-18,Wireless Mouse,Virginia,30
2025-01-19,Wireless Mouse,Virginia,31
2025-01-20,Wireless Mouse,Virginia,39
2025-01-21,Wireless Mouse,Virginia,32
2025-01-22,Wireless Mouse,Virginia,41
2025-01-23,Wireless Mouse,Virginia,38
2025-01-24,Wireless Mouse,Virginia,36
2025-01-25,Wireless Mouse,Virginia,27
2025-01-26,Wireless Mouse,Virginia,25
2025-01-27,Wireless Mouse,Virginia,42
2025-01-28,Wireless Mouse,Virginia,31
2025-01-29,Wireless Mouse,Virginia,33
2025-01-30,Wireless Mouse,Virginia,36
2025-01-31,Wireless Mouse,Virginia,45
2025-02-01,Wireless Mouse,Virginia,33
2025-02-02,Wireless Mouse,Virginia,24
2025-02-03,Wireless Mouse,Virginia,47
2025-02-04,Wireless Mouse,Virginia,47
2025-02-05,Wireless Mouse,Virginia,34
2025-02-06,Wireless Mouse,Virginia,28
2025-02-07,Wireless Mouse,Virginia,40
2025-02-08,Wireless Mouse,Virginia,33
2025-02-09,Wireless Mouse,Virginia,35
2025-02-10,Wireless Mouse,Virginia,36
2025-02-11,Wireless Mouse,Virginia,48
2025-02-12,Wireless Mouse,Virginia,29
2025-02-13,Wireless Mouse,Virginia,38
2025-02-14,Wireless Mouse,Virginia,38
2025-02-15,Wireless Mouse,Virginia,33
2025-02-16,Wireless Mouse,Virginia,34
2025-02-17,Wireless Mouse,Virginia,45
2025-02-18,Wireless Mouse,Virginia,34
2025-02-19,Wireless Mouse,Virginia,44
2025-02-20,Wireless Mouse,Virginia,43
2025-02-21,Wireless Mouse,Virginia,32
2025-02-22,Wireless Mouse,Virginia,22
2025-02-23,Wireless Mouse,Virginia,33
2025-02-24,Wireless Mouse,Virginia,39
2025-02-25,Wireless Mouse,Virginia,34
2025-02-26,Wireless Mouse,Virginia,39
2025-02-27,Wireless Mouse,Virginia,42
2025-02-28,Wireless Mouse,Virginia,40
2025-03-01,Wireless Mouse,Virginia,25
2025-03-02,Wireless Mouse,Virginia,37
2025-03-03,Wireless Mouse,Virginia,47
2025-03-04,Wireless Mouse,Virginia,40
2025-03-05,Wireless Mouse,Virginia,40
2025-03-06,Wireless Mouse,Virginia,44
2025-03-07,Wireless Mouse,Virginia,36
2025-03-08,Wireless Mouse,Virginia,32
2025-03-09,Wireless Mouse,Virginia,26
2025-03-10,Wireless Mouse,Virginia,41
2025-03-11,Wireless Mouse,Virginia,36
2025-03-12,Wireless Mouse,Virginia,36
2025-03-13,Wireless Mouse,Virginia,50
2025-03-14,Wireless Mouse,Virginia,42
2025-03-15,Wireless Mouse,Virginia,31
2025-03-16,Wireless Mouse,Virginia,23
2025-03-17,Wireless Mouse,Virginia,39
2025-03-18,Wireless Mouse,Virginia,44
2025-03-19,Wireless Mouse,Virginia,43
2025-03-20,Wireless Mouse,Virginia,31
2025-03-21,Wireless Mouse,Virginia,43
2025-03-22,Wireless Mouse,Virginia,32
2025-03-23,Wireless Mouse,Virginia,35
2025-03-24,Wireless Mouse,Virginia,38
2025-03-25,Wireless Mouse,Virginia,31
2025-03-26,Wireless Mouse,Virginia,37
2025-03-27,Wireless Mouse,Virginia,36
2025-03-28,Wireless Mouse,Virginia,45
2025-03-29,Wireless Mouse,Virginia,21
2025-03-30,Wireless Mouse,Virginia,29
2025-03-31,Wireless Mouse,Virginia,49
2025-04-01,Wireless Mouse,Virginia,42
2025-04-02,Wireless Mouse,Virginia,47
2025-04-03,Wireless Mouse,Virginia,34
2025-04-04,Wireless Mouse,Virginia,34
2025-04-05,Wireless Mouse,Virginia,36
2025-04-06,Wireless Mouse,Virginia,31
2025-04-07,Wireless Mouse,Virginia,43
2025-04-08,Wireless Mouse,Virginia,37
2025-04-09,Wireless Mouse,Virginia,43
2025-04-10,Wireless Mouse,Virginia,37
2025-04-11,Wireless Mouse,Virginia,48
2025-04-12,Wireless Mouse,Virginia,41
2025-04-13,Wireless Mouse,Virginia,33
2025-04-14,Wireless Mouse,Virginia,39
2025-04-15,Wireless Mouse,Virginia,29
2025-04-16,Wireless Mouse,Virginia,34
2025-04-17,Wireless Mouse,Virginia,50
2025-04-18,Wireless Mouse,Virginia,37
2025-04-19,Wireless Mouse,Virginia,30
2025-04-20,Wireless Mouse,Virginia,33
2025-04-21,Wireless Mouse,Virginia,50
2025-04-22,Wireless Mouse,Virginia,41
2025-04-23,Wireless Mouse,Virginia,40
2025-04-24,Wireless Mouse,Virginia,43
2025-04-25,Wireless Mouse,Virginia,39
2025-04-26,Wireless Mouse,Virginia,29
2025-04-27,Wireless Mouse,Virginia,33
2025-04-28,Wireless Mouse,Virginia,43
2025-04-29,Wireless Mouse,Virginia,53
2025-04-30,Wireless Mouse,Virginia,45
2025-05-01,Wireless Mouse,Virginia,47
2025-05-02,Wireless Mouse,Virginia,36
2025-05-03,Wireless Mouse,Virginia,32
2025-05-04,Wireless Mouse,Virginia,28
2025-05-05,Wireless Mouse,Virginia,44
2025-05-06,Wireless Mouse,Virginia,45
2025-05-07,Wireless Mouse,Virginia,42
2025-05-08,Wireless Mouse,Virginia,54
2025-05-09,Wireless Mouse,Virginia,49
2025-05-10,Wireless Mouse,Virginia,35
2025-05-11,Wireless Mouse,Virginia,33
2025-05-12,Wireless Mouse,Virginia,51
2025-05-13,Wireless Mouse,Virginia,35
2025-05-14,Wireless Mouse,Virginia,49
2025-05-15,Wireless Mouse,Virginia,37
2025-05-16,Wireless Mouse,Virginia,39
2025-05-17,Wireless Mouse,Virginia,33
2025-05-18,Wireless Mouse,Virginia,35
2025-05-19,Wireless Mouse,Virginia,36
2025-05-20,Wireless Mouse,Virginia,39
2025-05-21,Wireless Mouse,Virginia,42
2025-05-22,Wireless Mouse,Virginia,41
2025-05-23,Wireless Mouse,Virginia,46
2025-05-24,Wireless Mouse,Virginia,43
2025-05-25,Wireless Mouse,Virginia,32
2025-05-26,Wireless Mouse,Virginia,38
2025-05-27,Wireless Mouse,Virginia,35
2025-05-28,Wireless Mouse,Virginia,40
2025-05-29,Wireless Mouse,Virginia,37
2025-05-30,Wireless Mouse,Virginia,44
2025-05-31,Wireless Mouse,Virginia,32
2025-06-01,Wireless Mouse,Virginia,28
2025-06-02,Wireless Mouse,Virginia,50
2025-06-03,Wireless Mouse,Virginia,37
2025-06-04,Wireless Mouse,Virginia,39
2025-06-05,Wireless Mouse,Virginia,43
2025-06-06,Wireless Mouse,Virginia,44
2025-06-07,Wireless Mouse,Virginia,34
2025-06-08,Wireless Mouse,Virginia,31
2025-06-09,Wireless Mouse,Virginia,45
2025-06-10,Wireless Mouse,Virginia,37
2025-06-11,Wireless Mouse,Virginia,44
2025-06-12,Wireless Mouse,Virginia,44
2025-06-13,Wireless Mouse,Virginia,47
2025-06-14,Wireless Mouse,Virginia,23
2025-06-15,Wireless Mouse,Virginia,26
2025-06-16,Wireless Mouse,Virginia,44
2025-06-17,Wireless Mouse,Virginia,27
2025-06-18,Wireless Mouse,Virginia,42
2025-06-19,Wireless Mouse,Virginia,45
2025-06-20,Wireless Mouse,Virginia,37
2025-06-21,Wireless Mouse,Virginia,28
2025-06-22,Wireless Mouse,Virginia,26
2025-06-23,Wireless Mouse,Virginia,38
2025-06-24,Wireless Mouse,Virginia,38
2025-06-25,Wireless Mouse,Virginia,37
2025-06-26,Wireless Mouse,Virginia,37
2025-06-27,Wireless Mouse,Virginia,39
2025-06-28,Wireless Mouse,Virginia,28
2025-06-29,Wireless Mouse,Virginia,36
2025-06-30,Wireless Mouse,Virginia,38
2025-07-01,Wireless Mouse,Virginia,39
2025-07-02,Wireless Mouse,Virginia,35
2025-07-03,Wireless Mouse,Virginia,35
2025-07-04,Wireless Mouse,Virginia,30
2025-07-05,Wireless Mouse,Virginia,22
2025-07-06,Wireless Mouse,Virginia,24
2025-07-07,Wireless Mouse,Virginia,39
2025-07-08,Wireless Mouse,Virginia,43
2025-07-09,Wireless Mouse,Virginia,30
2025-07-10,Wireless Mouse,Virginia,35
2025-07-11,Wireless Mouse,Virginia,32
2025-07-12,Wireless Mouse,Virginia,27
2025-07-13,Wireless Mouse,Virginia,31
2025-07-14,Wireless Mouse,Virginia,36
2025-07-15,Wireless Mouse,Virginia,38
2025-07-16,Wireless Mouse,Virginia,44
2025-07-17,Wireless Mouse,Virginia,40
2025-07-18,Wireless Mouse,Virginia,34
2025-07-19,Wireless Mouse,Virginia,28
2025-07-20,Wireless Mouse,Virginia,25
2025-07-21,Wireless Mouse,Virginia,40
2025-07-22,Wireless Mouse,Virginia,40
2025-07-23,Wireless Mouse,Virginia,32
2025-07-24,Wireless Mouse,Virginia,39
2025-07-25,Wireless Mouse,Virginia,37
2025-07-26,Wireless Mouse,Virginia,29
2025-07-27,Wireless Mouse,Virginia,30
2025-07-28,Wireless Mouse,Virginia,40
2025-07-29,Wireless Mouse,Virginia,36
2025-07-30,Wireless Mouse,Virginia,42
2025-07-31,Wireless Mouse,Virginia,34
2025-08-01,Wireless Mouse,Virginia,30
2025-08-02,Wireless Mouse,Virginia,16
2025-08-03,Wireless Mouse,Virginia,26
2025-08-04,Wireless Mouse,Virginia,32
2025-08-05,Wireless Mouse,Virginia,37
2025-08-06,Wireless Mouse,Virginia,27
2025-08-07,Wireless Mouse,Virginia,33
2025-08-08,Wireless Mouse,Virginia,38
2025-08-09,Wireless Mouse,Virginia,23
2025-08-10,Wireless Mouse,Virginia,27
2025-08-11,Wireless Mouse,Virginia,33
2025-08-12,Wireless Mouse,Virginia,35
2025-08-13,Wireless Mouse,Virginia,38
2025-08-14,Wireless Mouse,Virginia,40
2025-08-15,Wireless Mouse,Virginia,36
2025-08-16,Wireless Mouse,Virginia,23
2025-08-17,Wireless Mouse,Virginia,25
2025-08-18,Wireless Mouse,Virginia,38
2025-08-19,Wireless Mouse,Virginia,31
2025-08-20,Wireless Mouse,Virginia,35
2025-08-21,Wireless Mouse,Virginia,34
2025-08-22,Wireless Mouse,Virginia,35
2025-08-23,Wireless Mouse,Virginia,23
2025-08-24,Wireless Mouse,Virginia,20
2025-08-25,Wireless Mouse,Virginia,38
2025-08-26,Wireless Mouse,Virginia,40
2025-08-27,Wireless Mouse,Virginia,28
2025-08-28,Wireless Mouse,Virginia,37
2025-08-29,Wireless Mouse,Virginia,40
2025-08-30,Wireless Mouse,Virginia,28
2025-08-31,Wireless Mouse,Virginia,25
2025-09-01,Wireless Mouse,Virginia,30
2025-09-02,Wireless Mouse,Virginia,34
2025-09-03,Wireless Mouse,Virginia,35
2025-09-04,Wireless Mouse,Virginia,34
2025-09-05,Wireless Mouse,Virginia,33
2025-09-06,Wireless Mouse,Virginia,22
2025-09-07,Wireless Mouse,Virginia,26
2025-09-08,Wireless Mouse,Virginia,36
2025-09-09,Wireless Mouse,Virginia,35
2025-09-10,Wireless Mouse,Virginia,34
2025-09-11,Wireless Mouse,Virginia,41
2025-09-12,Wireless Mouse,Virginia,31
2025-09-13,Wireless Mouse,Virginia,29
2025-09-14,Wireless Mouse,Virginia,23
2025-09-15,Wireless Mouse,Virginia,38
2025-09-16,Wireless Mouse,Virginia,39
2025-09-17,Wireless Mouse,Virginia,33
2025-09-18,Wireless Mouse,Virginia,41
2025-09-19,Wireless Mouse,Virginia,36
2025-09-20,Wireless Mouse,Virginia,22
2025-09-21,Wireless Mouse,Virginia,24
2025-09-22,Wireless Mouse,Virginia,38
2025-09-23,Wireless Mouse,Virginia,38
2025-09-24,Wireless Mouse,Virginia,30
2025-09-25,Wireless Mouse,Virginia,33
2025-09-26,Wireless Mouse,Virginia,35
2025-09-27,Wireless Mouse,Virginia,23
2025-09-28,Wireless Mouse,Virginia,32
2025-09-29,Wireless Mouse,Virginia,35
2025-09-30,Wireless Mouse,Virginia,34
2025-10-01,Wireless Mouse,Virginia,38
2025-10-02,Wireless Mouse,Virginia,32
2025-10-03,Wireless Mouse,Virginia,37
2025-10-04,Wireless Mouse,Virginia,19
2025-10-05,Wireless Mouse,Virginia,23
2025-10-06,Wireless Mouse,Virginia,37
2025-10-07,Wireless Mouse,Virginia,40
2025-10-08,Wireless Mouse,Virginia,30
2025-10-09,Wireless Mouse,Virginia,30
2025-10-10,Wireless Mouse,Virginia,36
2025-10-11,Wireless Mouse,Virginia,23
2025-10-12,Wireless Mouse,Virginia,24
2025-10-13,Wireless Mouse,Virginia,37
2025-10-14,Wireless Mouse,Virginia,31
2025-10-15,Wireless Mouse,Virginia,25
2025-10-16,Wireless Mouse,Virginia,28
2025-10-17,Wireless Mouse,Virginia,33
2025-10-18,Wireless Mouse,Virginia,19
2025-10-19,Wireless Mouse,Virginia,23
2025-10-20,Wireless Mouse,Virginia,28
2025-10-21,Wireless Mouse,Virginia,40
2025-10-22,Wireless Mouse,Virginia,42
2025-10-23,Wireless Mouse,Virginia,29
2025-10-24,Wireless Mouse,Virginia,34
2025-10-25,Wireless Mouse,Virginia,22
2025-10-26,Wireless Mouse,Virginia,23
2025-10-27,Wireless Mouse,Virginia,40
2025-10-28,Wireless Mouse,Virginia,31
2025-10-29,Wireless Mouse,Virginia,32
2025-10-30,Wireless Mouse,Virginia,30
2025-10-31,Wireless Mouse,Virginia,38
2025-11-01,Wireless Mouse,Virginia,18
2025-11-02,Wireless Mouse,Virginia,28
2025-11-03,Wireless Mouse,Virginia,40
2025-11-04,Wireless Mouse,Virginia,37
2025-11-05,Wireless Mouse,Virginia,44
2025-11-06,Wireless Mouse,Virginia,46
2025-11-07,Wireless Mouse,Virginia,33
2025-11-08,Wireless Mouse,Virginia,37
2025-11-09,Wireless Mouse,Virginia,24
2025-11-10,Wireless Mouse,Virginia,46
2025-11-11,Wireless Mouse,Virginia,41
2025-11-12,Wireless Mouse,Virginia,38
2025-11-13,Wireless Mouse,Virginia,38
2025-11-14,Wireless Mouse,Virginia,40
2025-11-15,Wireless Mouse,Virginia,30
2025-11-16,Wireless Mouse,Virginia,26
2025-11-17,Wireless Mouse,Virginia,39
2025-11-18,Wireless Mouse,Virginia,36
2025-11-19,Wireless Mouse,Virginia,34
2025-11-20,Wireless Mouse,Virginia,36
2025-11-21,Wireless Mouse,Virginia,34
2025-11-22,Wireless Mouse,Virginia,28
2025-11-23,Wireless Mouse,Virginia,31
2025-11-24,Wireless Mouse,Virginia,41
2025-11-25,Wireless Mouse,Virginia,49
2025-11-26,Wireless Mouse,Virginia,29
2025-11-27,Wireless Mouse,Virginia,42
2025-11-28,Wireless Mouse,Virginia,40
2025-11-29,Wireless Mouse,Virginia,32
2025-11-30,Wireless Mouse,Virginia,32
2025-12-01,Wireless Mouse,Virginia,41
2025-12-02,Wireless Mouse,Virginia,43
2025-12-03,Wireless Mouse,Virginia,38
2025-12-04,Wireless Mouse,Virginia,45
2025-12-05,Wireless Mouse,Virginia,32
2025-12-06,Wireless Mouse,Virginia,34
2025-12-07,Wireless Mouse,Virginia,31
2025-12-08,Wireless Mouse,Virginia,39
2025-12-09,Wireless Mouse,Virginia,41
2025-12-10,Wireless Mouse,Virginia,41
2025-12-11,Wireless Mouse,Virginia,48
2025-12-12,Wireless Mouse,Virginia,58
2025-12-13,Wireless Mouse,Virginia,35
2025-12-14,Wireless Mouse,Virginia,29
2025-12-15,Wireless Mouse,Virginia,45
2025-12-16,Wireless Mouse,Virginia,45
2025-12-17,Wireless Mouse,Virginia,37
2025-12-18,Wireless Mouse,Virginia,36
2025-12-19,Wireless Mouse,Virginia,42
2025-12-20,Wireless Mouse,Virginia,34
2025-12-21,Wireless Mouse,Virginia,25
2025-12-22,Wireless Mouse,Virginia,38
2025-12-23,Wireless Mouse,Virginia,45
2025-12-24,Wireless Mouse,Virginia,42
2025-12-25,Wireless Mouse,Virginia,49
2025-12-26,Wireless Mouse,Virginia,35
2025-12-27,Wireless Mouse,Virginia,39
2025-12-28,Wireless Mouse,Virginia,25
2025-12-29,Wireless Mouse,Virginia,32
2025-12-30,Wireless Mouse,Virginia,42
2025-12-31,Wireless Mouse,Virginia,36
2026-01-01,Wireless Mouse,Virginia,38
2026-01-02,Wireless Mouse,Virginia,37
2026-01-03,Wireless Mouse,Virginia,27
2026-01-04,Wireless Mouse,Virginia,25
2026-01-05,Wireless Mouse,Virginia,40
2026-01-06,Wireless Mouse,Virginia,36
2026-01-07,Wireless Mouse,Virginia,43
2026-01-08,Wireless Mouse,Virginia,37
2026-01-09,Wireless Mouse,Virginia,33
2026-01-10,Wireless Mouse,Virginia,22
2026-01-11,Wireless Mouse,Virginia,27
2026-01-12,Wireless Mouse,Virginia,32
2026-01-13,Wireless Mouse,Virginia,32
2026-01-14,Wireless Mouse,Virginia,40
2026-01-15,Wireless Mouse,Virginia,30
2026-01-16,Wireless Mouse,Virginia,44
2026-01-17,Wireless Mouse,Virginia,28
2026-01-18,Wireless Mouse,Virginia,28
2026-01-19,Wireless Mouse,Virginia,33
2026-01-20,Wireless Mouse,Virginia,41
2026-01-21,Wireless Mouse,Virginia,38
2026-01-22,Wireless Mouse,Virginia,35
2026-01-23,Wireless Mouse,Virginia,39
2026-01-24,Wireless Mouse,Virginia,22
2026-01-25,Wireless Mouse,Virginia,22
2026-01-26,Wireless Mouse,Virginia,33
2026-01-27,Wireless Mouse,Virginia,39
2026-01-28,Wireless Mouse,Virginia,38
2026-01-29,Wireless Mouse,Virginia,43
2026-01-30,Wireless Mouse,Virginia,34
2026-01-31,Wireless Mouse,Virginia,30
2026-02-01,Wireless Mouse,Virginia,29
2026-02-02,Wireless Mouse,Virginia,36
2026-02-03,Wireless Mouse,Virginia,42
2026-02-04,Wireless Mouse,Virginia,40
2026-02-05,Wireless Mouse,Virginia,37
2026-02-06,Wireless Mouse,Virginia,40
2026-02-07,Wireless Mouse,Virginia,29
2026-02-08,Wireless Mouse,Virginia,29
2026-02-09,Wireless Mouse,Virginia,38
2026-02-10,Wireless Mouse,Virginia,34
2026-02-11,Wireless Mouse,Virginia,40
2026-02-12,Wireless Mouse,Virginia,36
2026-02-13,Wireless Mouse,Virginia,35
2026-02-14,Wireless Mouse,Virginia,28
2026-02-15,Wireless Mouse,Virginia,32
2026-02-16,Wireless Mouse,Virginia,41
2026-02-17,Wireless Mouse,Virginia,38
2026-02-18,Wireless Mouse,Virginia,37
2026-02-19,Wireless Mouse,Virginia,43
2026-02-20,Wireless Mouse,Virginia,29
2026-02-21,Wireless Mouse,Virginia,32
2026-02-22,Wireless Mouse,Virginia,23
2026-02-23,Wireless Mouse,Virginia,33
2026-02-24,Wireless Mouse,Virginia,38
2026-02-25,Wireless Mouse,Virginia,51
2026-02-26,Wireless Mouse,Virginia,48
2026-02-27,Wireless Mouse,Virginia,43
2026-02-28,Wireless Mouse,Virginia,31
2026-03-01,Wireless Mouse,Virginia,24
2026-03-02,Wireless Mouse,Virginia,43
2026-03-03,Wireless Mouse,Virginia,39
2026-03-04,Wireless Mouse,Virginia,38
2026-03-05,Wireless Mouse,Virginia,43
2026-03-06,Wireless Mouse,Virginia,39
2026-03-07,Wireless Mouse,Virginia,34
2026-03-08,Wireless Mouse,Virginia,23
2026-03-09,Wireless Mouse,Virginia,42
2026-03-10,Wireless Mouse,Virginia,37
2026-03-11,Wireless Mouse,Virginia,40
2026-03-12,Wireless Mouse,Virginia,43
2026-03-13,Wireless Mouse,Virginia,36
2026-03-14,Wireless Mouse,Virginia,31
2026-03-15,Wireless Mouse,Virginia,30
2026-03-16,Wireless Mouse,Virginia,38
2026-03-17,Wireless Mouse,Virginia,39
2026-03-18,Wireless Mouse,Virginia,41
2026-03-19,Wireless Mouse,Virginia,38
2026-03-20,Wireless Mouse,Virginia,42
2026-03-21,Wireless Mouse,Virginia,30
2026-03-22,Wireless Mouse,Virginia,28
2026-03-23,Wireless Mouse,Virginia,50
2026-03-24,Wireless Mouse,Virginia,44
2026-03-25,Wireless Mouse,Virginia,40
2026-03-26,Wireless Mouse,Virginia,42
2026-03-27,Wireless Mouse,Virginia,37
2026-03-28,Wireless Mouse,Virginia,29
2026-03-29,Wireless Mouse,Virginia,29
2026-03-30,Wireless Mouse,Virginia,35
2026-03-31,Wireless Mouse,Virginia,44
2026-04-01,Wireless Mouse,Virginia,40
2026-04-02,Wireless Mouse,Virginia,41
2026-04-03,Wireless Mouse,Virginia,39
2026-04-04,Wireless Mouse,Virginia,42
2026-04-05,Wireless Mouse,Virginia,29
2026-04-06,Wireless Mouse,Virginia,32
2026-04-07,Wireless Mouse,Virginia,34
2026-04-08,Wireless Mouse,Virginia,46
2026-04-09,Wireless Mouse,Virginia,49
2026-04-10,Wireless Mouse,Virginia,39
2026-04-11,Wireless Mouse,Virginia,36
2026-04-12,Wireless Mouse,Virginia,34
2026-04-13,Wireless Mouse,Virginia,41
2026-04-14,Wireless Mouse,Virginia,41
2026-04-15,Wireless Mouse,Virginia,43
2026-04-16,Wireless Mouse,Virginia,47
2026-04-17,Wireless Mouse,Virginia,44
2026-04-18,Wireless Mouse,Virginia,28
2026-04-19,Wireless Mouse,Virginia,30
2026-04-20,Wireless Mouse,Virginia,52
2026-04-21,Wireless Mouse,Virginia,44
2026-04-22,Wireless Mouse,Virginia,47
2026-04-23,Wireless Mouse,Virginia,45
2026-04-24,Wireless Mouse,Virginia,44
2026-04-25,Wireless Mouse,Virginia,31
2026-04-26,Wireless Mouse,Virginia,34
2026-04-27,Wireless Mouse,Virginia,46
2026-04-28,Wireless Mouse,Virginia,44
2026-04-29,Wireless Mouse,Virginia,39
2026-04-30,Wireless Mouse,Virginia,44
2026-05-01,Wireless Mouse,Virginia,41
2026-05-02,Wireless Mouse,Virginia,29
2026-05-03,Wireless Mouse,Virginia,40
2026-05-04,Wireless Mouse,Virginia,34
2026-05-05,Wireless Mouse,Virginia,47
2026-05-06,Wireless Mouse,Virginia,37
2026-05-07,Wireless Mouse,Virginia,42
2026-05-08,Wireless Mouse,Virginia,55
2026-05-09,Wireless Mouse,Virginia,27
2026-05-10,Wireless Mouse,Virginia,28
2026-05-11,Wireless Mouse,Virginia,42
2026-05-12,Wireless Mouse,Virginia,37
2026-05-13,Wireless Mouse,Virginia,46
2026-05-14,Wireless Mouse,Virginia,39
2026-05-15,Wireless Mouse,Virginia,45
2026-05-16,Wireless Mouse,Virginia,26
2026-05-17,Wireless Mouse,Virginia,24
2026-05-18,Wireless Mouse,Virginia,41
2026-05-19,Wireless Mouse,Virginia,34
2026-05-20,Wireless Mouse,Virginia,49
2026-05-21,Wireless Mouse,Virginia,34
2026-05-22,Wireless Mouse,Virginia,37
2026-05-23,Wireless Mouse,Virginia,32
2026-05-24,Wireless Mouse,Virginia,28
2026-05-25,Wireless Mouse,Virginia,34
2026-05-26,Wireless Mouse,Virginia,52
2026-05-27,Wireless Mouse,Virginia,37
2026-05-28,Wireless Mouse,Virginia,41
2026-05-29,Wireless Mouse,Virginia,41
2026-05-30,Wireless Mouse,Virginia,33
2026-05-31,Wireless Mouse,Virginia,32
2026-06-01,Wireless Mouse,Virginia,36
2026-06-02,Wireless Mouse,Virginia,39
2026-06-03,Wireless Mouse,Virginia,39
2026-06-04,Wireless Mouse,Virginia,44
2026-06-05,Wireless Mouse,Virginia,34
2026-06-06,Wireless Mouse,Virginia,36
2026-06-07,Wireless Mouse,Virginia,27
2026-06-08,Wireless Mouse,Virginia,40
2026-06-09,Wireless Mouse,Virginia,34
2026-06-10,Wireless Mouse,Virginia,34
2026-06-11,Wireless Mouse,Virginia,36
2026-06-12,Wireless Mouse,Virginia,35
2026-06-13,Wireless Mouse,Virginia,28
2026-06-14,Wireless Mouse,Virginia,26
2026-06-15,Wireless Mouse,Virginia,43
2026-06-16,Wireless Mouse,Virginia,36
2026-06-17,Wireless Mouse,Virginia,36
2026-06-18,Wireless Mouse,Virginia,38
2026-06-19,Wireless Mouse,Virginia,45
2026-06-20,Wireless Mouse,Virginia,30
2026-06-21,Wireless Mouse,Virginia,29
2026-06-22,Wireless Mouse,Virginia,33
2026-06-23,Wireless Mouse,Virginia,35
2026-06-24,Wireless Mouse,Virginia,34
2026-06-25,Wireless Mouse,Virginia,46
2026-06-26,Wireless Mouse,Virginia,43
2026-06-27,Wireless Mouse,Virginia,26
2026-06-28,Wireless Mouse,Virginia,27
2026-06-29,Wireless Mouse,Virginia,36
2026-06-30,Wireless Mouse,Virginia,36
2026-07-01,Wireless Mouse,Virginia,40
2026-07-02,Wireless Mouse,Virginia,36
2026-07-03,Wireless Mouse,Virginia,47
2026-07-04,Wireless Mouse,Virginia,32
2026-07-05,Wireless Mouse,Virginia,32
2026-07-06,Wireless Mouse,Virginia,41
2026-07-07,Wireless Mouse,Virginia,36
2026-07-08,Wireless Mouse,Virginia,41
2026-07-09,Wireless Mouse,Virginia,36
2026-07-10,Wireless Mouse,Virginia,45
2026-07-11,Wireless Mouse,Virginia,29
2026-07-12,Wireless Mouse,Virginia,29
2026-07-13,Wireless Mouse,Virginia,38
2026-07-14,Wireless Mouse,Virginia,46
2026-07-15,Wireless Mouse,Virginia,31
2026-07-16,Wireless Mouse,Virginia,46
2026-07-17,Wireless Mouse,Virginia,37
2026-07-18,Wireless Mouse,Virginia,23
2026-07-19,Wireless Mouse,Virginia,25
2026-07-20,Wireless Mouse,Virginia,30
2026-07-21,Wireless Mouse,Virginia,41
2026-07-22,Wireless Mouse,Virginia,33
2026-07-23,Wireless Mouse,Virginia,39
2026-07-24,Wireless Mouse,Virginia,43
2026-07-25,Wireless Mouse,Virginia,25
2026-07-26,Wireless Mouse,Virginia,27
2026-07-27,Wireless Mouse,Virginia,32
2026-07-28,Wireless Mouse,Virginia,36
2026-07-29,Wireless Mouse,Virginia,49
2026-07-30,Wireless Mouse,Virginia,41
2026-07-31,Wireless Mouse,Virginia,37
2026-08-01,Wireless Mouse,Virginia,24
2026-08-02,Wireless Mouse,Virginia,26
2026-08-03,Wireless Mouse,Virginia,36
2026-08-04,Wireless Mouse,Virginia,34
2026-08-05,Wireless Mouse,Virginia,38
2026-08-06,Wireless Mouse,Virginia,31
2026-08-07,Wireless Mouse,Virginia,31
2026-08-08,Wireless Mouse,Virginia,27
2026-08-09,Wireless Mouse,Virginia,22
2026-08-10,Wireless Mouse,Virginia,39
2026-08-11,Wireless Mouse,Virginia,35
2026-08-12,Wireless Mouse,Virginia,28
2026-08-13,Wireless Mouse,Virginia,36
2026-08-14,Wireless Mouse,Virginia,28
2026-08-15,Wireless Mouse,Virginia,28
2026-08-16,Wireless Mouse,Virginia,25
2026-08-17,Wireless Mouse,Virginia,43
2026-08-18,Wireless Mouse,Virginia,40
2026-08-19,Wireless Mouse,Virginia,31
2026-08-20,Wireless Mouse,Virginia,27
2026-08-21,Wireless Mouse,Virginia,32
2026-08-22,Wireless Mouse,Virginia,22
2026-08-23,Wireless Mouse,Virginia,32
2026-08-24,Wireless Mouse,Virginia,35
2026-08-25,Wireless Mouse,Virginia,40
2026-08-26,Wireless Mouse,Virginia,34
2026-08-27,Wireless Mouse,Virginia,35
2026-08-28,Wireless Mouse,Virginia,35
2026-08-29,Wireless Mouse,Virginia,29
2026-08-30,Wireless Mouse,Virginia,27
2026-08-31,Wireless Mouse,Virginia,31
2026-09-01,Wireless Mouse,Virginia,40
2026-09-02,Wireless Mouse,Virginia,33
2026-09-03,Wireless Mouse,Virginia,32
2026-09-04,Wireless Mouse,Virginia,22
2026-09-05,Wireless Mouse,Virginia,27
2026-09-06,Wireless Mouse,Virginia,25
2026-09-07,Wireless Mouse,Virginia,34
2026-09-08,Wireless Mouse,Virginia,32
2026-09-09,Wireless Mouse,Virginia,32
2026-09-10,Wireless Mouse,Virginia,32
2026-09-11,Wireless Mouse,Virginia,36
2026-09-12,Wireless Mouse,Virginia,27
2026-09-13,Wireless Mouse,Virginia,24
2026-09-14,Wireless Mouse,Virginia,38
2026-09-15,Wireless Mouse,Virginia,34
2026-09-16,Wireless Mouse,Virginia,32
2026-09-17,Wireless Mouse,Virginia,35
2026-09-18,Wireless Mouse,Virginia,28
2026-09-19,Wireless Mouse,Virginia,25
2026-09-20,Wireless Mouse,Virginia,20
2026-09-21,Wireless Mouse,Virginia,30
2026-09-22,Wireless Mouse,Virginia,26
2026-09-23,Wireless Mouse,Virginia,33
2026-09-24,Wireless Mouse,Virginia,40
2026-09-25,Wireless Mouse,Virginia,33
2026-09-26,Wireless Mouse,Virginia,27
2026-09-27,Wireless Mouse,Virginia,32
2026-09-28,Wireless Mouse,Virginia,36
2025-01-01,Laptop Stand,Florida,23
2025-01-02,Laptop Stand,Florida,24
2025-01-03,Laptop Stand,Florida,26
2025-01-04,Laptop Stand,Florida,17
2025-01-05,Laptop Stand,Florida,18
2025-01-06,Laptop Stand,Florida,29
2025-01-07,Laptop Stand,Florida,29
2025-01-08,Laptop Stand,Florida,21
2025-01-09,Laptop Stand,Florida,23
2025-01-10,Laptop Stand,Florida,24
2025-01-11,Laptop Stand,Florida,20
2025-01-12,Laptop Stand,Florida,21
2025-01-13,Laptop Stand,Florida,34
2025-01-14,Laptop Stand,Florida,24
2025-01-15,Laptop Stand,Florida,24
2025-01-16,Laptop Stand,Florida,28
2025-01-17,Laptop Stand,Florida,24
2025-01-18,Laptop Stand,Florida,19
2025-01-19,Laptop Stand,Florida,18
2025-01-20,Laptop Stand,Florida,18
2025-01-21,Laptop Stand,Florida,26
2025-01-22,Laptop Stand,Florida,25
2025-01-23,Laptop Stand,Florida,30
2025-01-24,Laptop Stand,Florida,26
2025-01-25,Laptop Stand,Florida,16
2025-01-26,Laptop Stand,Florida,18
2025-01-27,Laptop Stand,Florida,19
2025-01-28,Laptop Stand,Florida,22
2025-01-29,Laptop Stand,Florida,28
2025-01-30,Laptop Stand,Florida,25
2025-01-31,Laptop Stand,Florida,29
2025-02-01,Laptop Stand,Florida,15
2025-02-02,Laptop Stand,Florida,19
2025-02-03,Laptop Stand,Florida,26
2025-02-04,Laptop Stand,Florida,30
2025-02-05,Laptop Stand,Florida,30
2025-02-06,Laptop Stand,Florida,29
2025-02-07,Laptop Stand,Florida,32
2025-02-08,Laptop Stand,Florida,19
2025-02-09,Laptop Stand,Florida,23
2025-02-10,Laptop Stand,Florida,24
2025-02-11,Laptop Stand,Florida,24
2025-02-12,Laptop Stand,Florida,30
2025-02-13,Laptop Stand,Florida,22
2025-02-14,Laptop Stand,Florida,29
2025-02-15,Laptop Stand,Florida,20
2025-02-16,Laptop Stand,Florida,23
2025-02-17,Laptop Stand,Florida,27
2025-02-18,Laptop Stand,Florida,27
2025-02-19,Laptop Stand,Florida,29
2025-02-20,Laptop Stand,Florida,25
2025-02-21,Laptop Stand,Florida,25
2025-02-22,Laptop Stand,Florida,21
2025-02-23,Laptop Stand,Florida,20
2025-02-24,Laptop Stand,Florida,26
2025-02-25,Laptop Stand,Florida,27
2025-02-26,Laptop Stand,Florida,33
2025-02-27,Laptop Stand,Florida,26
2025-02-28,Laptop Stand,Florida,26
2025-03-01,Laptop Stand,Florida,17
2025-03-02,Laptop Stand,Florida,21
2025-03-03,Laptop Stand,Florida,31
2025-03-04,Laptop Stand,Florida,31
2025-03-05,Laptop Stand,Florida,29
2025-03-06,Laptop Stand,Florida,32
2025-03-07,Laptop Stand,Florida,31
2025-03-08,Laptop Stand,Florida,24
2025-03-09,Laptop Stand,Florida,23
2025-03-10,Laptop Stand,Florida,34
2025-03-11,Laptop Stand,Florida,28
2025-03-12,Laptop Stand,Florida,24
2025-03-13,Laptop Stand,Florida,31
2025-03-14,Laptop Stand,Florida,31
2025-03-15,Laptop Stand,Florida,25
2025-03-16,Laptop Stand,Florida,24
2025-03-17,Laptop Stand,Florida,35
2025-03-18,Laptop Stand,Florida,31
2025-03-19,Laptop Stand,Florida,29
2025-03-20,Laptop Stand,Florida,24
2025-03-21,Laptop Stand,Florida,29
2025-03-22,Laptop Stand,Florida,19
2025-03-23,Laptop Stand,Florida,21
2025-03-24,Laptop Stand,Florida,29
2025-03-25,Laptop Stand,Florida,30
2025-03-26,Laptop Stand,Florida,28
2025-03-27,Laptop Stand,Florida,32
2025-03-28,Laptop Stand,Florida,19
2025-03-29,Laptop Stand,Florida,21
2025-03-30,Laptop Stand,Florida,24
2025-03-31,Laptop Stand,Florida,35
2025-04-01,Laptop Stand,Florida,31
2025-04-02,Laptop Stand,Florida,35
2025-04-03,Laptop Stand,Florida,29
2025-04-04,Laptop Stand,Florida,29
2025-04-05,Laptop Stand,Florida,22
2025-04-06,Laptop Stand,Florida,21
2025-04-07,Laptop Stand,Florida,26
2025-04-08,Laptop Stand,Florida,27
2025-04-09,Laptop Stand,Florida,25
2025-04-10,Laptop Stand,Florida,31
2025-04-11,Laptop Stand,Florida,29
2025-04-12,Laptop Stand,Florida,20
2025-04-13,Laptop Stand,Florida,20
2025-04-14,Laptop Stand,Florida,31
2025-04-15,Laptop Stand,Florida,32
2025-04-16,Laptop Stand,Florida,25
2025-04-17,Laptop Stand,Florida,24
2025-04-18,Laptop Stand,Florida,32
2025-04-19,Laptop Stand,Florida,18
2025-04-20,Laptop Stand,Florida,23
2025-04-21,Laptop Stand,Florida,34
2025-04-22,Laptop Stand,Florida,34
2025-04-23,Laptop Stand,Florida,31
2025-04-24,Laptop Stand,Florida,31
2025-04-25,Laptop Stand,Florida,37
2025-04-26,Laptop Stand,Florida,15
2025-04-27,Laptop Stand,Florida,20
2025-04-28,Laptop Stand,Florida,32
2025-04-29,Laptop Stand,Florida,28
2025-04-30,Laptop Stand,Florida,33
2025-05-01,Laptop Stand,Florida,28
2025-05-02,Laptop Stand,Florida,29
2025-05-03,Laptop Stand,Florida,20
2025-05-04,Laptop Stand,Florida,20
2025-05-05,Laptop Stand,Florida,27
2025-05-06,Laptop Stand,Florida,29
2025-05-07,Laptop Stand,Florida,26
2025-05-08,Laptop Stand,Florida,32
2025-05-09,Laptop Stand,Florida,31
2025-05-10,Laptop Stand,Florida,24
2025-05-11,Laptop Stand,Florida,18
2025-05-12,Laptop Stand,Florida,23
2025-05-13,Laptop Stand,Florida,28
2025-05-14,Laptop Stand,Florida,38
2025-05-15,Laptop Stand,Florida,33
2025-05-16,Laptop Stand,Florida,27
2025-05-17,Laptop Stand,Florida,22
2025-05-18,Laptop Stand,Florida,23
2025-05-19,Laptop Stand,Florida,24
2025-05-20,Laptop Stand,Florida,33
2025-05-21,Laptop Stand,Florida,28
2025-05-22,Laptop Stand,Florida,28
2025-05-23,Laptop Stand,Florida,29
2025-05-24,Laptop Stand,Florida,24
2025-05-25,Laptop Stand,Florida,19
2025-05-26,Laptop Stand,Florida,23
2025-05-27,Laptop Stand,Florida,30
2025-05-28,Laptop Stand,Florida,21
2025-05-29,Laptop Stand,Florida,27
2025-05-30,Laptop Stand,Florida,32
2025-05-31,Laptop Stand,Florida,22
2025-06-01,Laptop Stand,Florida,22
2025-06-02,Laptop Stand,Florida,29
2025-06-03,Laptop Stand,Florida,35
2025-06-04,Laptop Stand,Florida,25
2025-06-05,Laptop Stand,Florida,29
2025-06-06,Laptop Stand,Florida,26
2025-06-07,Laptop Stand,Florida,22
2025-06-08,Laptop Stand,Florida,20
2025-06-09,Laptop Stand,Florida,33
2025-06-10,Laptop Stand,Florida,26
2025-06-11,Laptop Stand,Florida,32
2025-06-12,Laptop Stand,Florida,29
2025-06-13,Laptop Stand,Florida,27
2025-06-14,Laptop Stand,Florida,21
2025-06-15,Laptop Stand,Florida,21
2025-06-16,Laptop Stand,Florida,28
2025-06-17,Laptop Stand,Florida,27
2025-06-18,Laptop Stand,Florida,25
2025-06-19,Laptop Stand,Florida,26
2025-06-20,Laptop Stand,Florida,22
2025-06-21,Laptop Stand,Florida,22
2025-06-22,Laptop Stand,Florida,17
2025-06-23,Laptop Stand,Florida,27
2025-06-24,Laptop Stand,Florida,29
2025-06-25,Laptop Stand,Florida,30
2025-06-26,Laptop Stand,Florida,21
2025-06-27,Laptop Stand,Florida,27
2025-06-28,Laptop Stand,Florida,21
2025-06-29,Laptop Stand,Florida,20
2025-06-30,Laptop Stand,Florida,32
2025-07-01,Laptop Stand,Florida,23
2025-07-02,Laptop Stand,Florida,19
2025-07-03,Laptop Stand,Florida,28
2025-07-04,Laptop Stand,Florida,24
2025-07-05,Laptop Stand,Florida,15
2025-07-06,Laptop Stand,Florida,19
2025-07-07,Laptop Stand,Florida,30
2025-07-08,Laptop Stand,Florida,22
2025-07-09,Laptop Stand,Florida,33
2025-07-10,Laptop Stand,Florida,23
2025-07-11,Laptop Stand,Florida,26
2025-07-12,Laptop Stand,Florida,16
2025-07-13,Laptop Stand,Florida,19
2025-07-14,Laptop Stand,Florida,25
2025-07-15,Laptop Stand,Florida,21
2025-07-16,Laptop Stand,Florida,34
2025-07-17,Laptop Stand,Florida,24
2025-07-18,Laptop Stand,Florida,24
2025-07-19,Laptop Stand,Florida,21
2025-07-20,Laptop Stand,Florida,23
2025-07-21,Laptop Stand,Florida,29
2025-07-22,Laptop Stand,Florida,22
2025-07-23,Laptop Stand,Florida,26
2025-07-24,Laptop Stand,Florida,20
2025-07-25,Laptop Stand,Florida,29
2025-07-26,Laptop Stand,Florida,15
2025-07-27,Laptop Stand,Florida,17
2025-07-28,Laptop Stand,Florida,26
2025-07-29,Laptop Stand,Florida,27
2025-07-30,Laptop Stand,Florida,25
2025-07-31,Laptop Stand,Florida,30
2025-08-01,Laptop Stand,Florida,26
2025-08-02,Laptop Stand,Florida,19
2025-08-03,Laptop Stand,Florida,15
2025-08-04,Laptop Stand,Florida,29
2025-08-05,Laptop Stand,Florida,22
2025-08-06,Laptop Stand,Florida,29
2025-08-07,Laptop Stand,Florida,30
2025-08-08,Laptop Stand,Florida,26
2025-08-09,Laptop Stand,Florida,20
2025-08-10,Laptop Stand,Florida,11
2025-08-11,Laptop Stand,Florida,24
2025-08-12,Laptop Stand,Florida,27
2025-08-13,Laptop Stand,Florida,27
2025-08-14,Laptop Stand,Florida,21
2025-08-15,Laptop Stand,Florida,23
2025-08-16,Laptop Stand,Florida,12
2025-08-17,Laptop Stand,Florida,19
2025-08-18,Laptop Stand,Florida,19
2025-08-19,Laptop Stand,Florida,27
2025-08-20,Laptop Stand,Florida,28
2025-08-21,Laptop Stand,Florida,23
2025-08-22,Laptop Stand,Florida,26
2025-08-23,Laptop Stand,Florida,17
2025-08-24,Laptop Stand,Florida,18
2025-08-25,Laptop Stand,Florida,21
2025-08-26,Laptop Stand,Florida,26
2025-08-27,Laptop Stand,Florida,19
2025-08-28,Laptop Stand,Florida,19
2025-08-29,Laptop Stand,Florida,24
2025-08-30,Laptop Stand,Florida,17
2025-08-31,Laptop Stand,Florida,18
2025-09-01,Laptop Stand,Florida,21
2025-09-02,Laptop Stand,Florida,28
2025-09-03,Laptop Stand,Florida,24
2025-09-04,Laptop Stand,Florida,24
2025-09-05,Laptop Stand,Florida,24
2025-09-06,Laptop Stand,Florida,19
2025-09-07,Laptop Stand,Florida,18
2025-09-08,Laptop Stand,Florida,24
2025-09-09,Laptop Stand,Florida,25
2025-09-10,Laptop Stand,Florida,18
2025-09-11,Laptop Stand,Florida,18
2025-09-12,Laptop Stand,Florida,23
2025-09-13,Laptop Stand,Florida,16
2025-09-14,Laptop Stand,Florida,18
2025-09-15,Laptop Stand,Florida,23
2025-09-16,Laptop Stand,Florida,25
2025-09-17,Laptop Stand,Florida,20
2025-09-18,Laptop Stand,Florida,23
2025-09-19,Laptop Stand,Florida,19
2025-09-20,Laptop Stand,Florida,18
2025-09-21,Laptop Stand,Florida,13
2025-09-22,Laptop Stand,Florida,24
2025-09-23,Laptop Stand,Florida,19
2025-09-24,Laptop Stand,Florida,22
2025-09-25,Laptop Stand,Florida,26
2025-09-26,Laptop Stand,Florida,24
2025-09-27,Laptop Stand,Florida,14
2025-09-28,Laptop Stand,Florida,16
2025-09-29,Laptop Stand,Florida,19
2025-09-30,Laptop Stand,Florida,18
2025-10-01,Laptop Stand,Florida,23
2025-10-02,Laptop Stand,Florida,24
2025-10-03,Laptop Stand,Florida,24
2025-10-04,Laptop Stand,Florida,18
2025-10-05,Laptop Stand,Florida,17
2025-10-06,Laptop Stand,Florida,22
2025-10-07,Laptop Stand,Florida,20
2025-10-08,Laptop Stand,Florida,21
2025-10-09,Laptop Stand,Florida,19
2025-10-10,Laptop Stand,Florida,20
2025-10-11,Laptop Stand,Florida,17
2025-10-12,Laptop Stand,Florida,16
2025-10-13,Laptop Stand,Florida,31
2025-10-14,Laptop Stand,Florida,19
2025-10-15,Laptop Stand,Florida,22
2025-10-16,Laptop Stand,Florida,19
2025-10-17,Laptop Stand,Florida,22
2025-10-18,Laptop Stand,Florida,16
2025-10-19,Laptop Stand,Florida,18
2025-10-20,Laptop Stand,Florida,21
2025-10-21,Laptop Stand,Florida,22
2025-10-22,Laptop Stand,Florida,21
2025-10-23,Laptop Stand,Florida,19
2025-10-24,Laptop Stand,Florida,21
2025-10-25,Laptop Stand,Florida,16
2025-10-26,Laptop Stand,Florida,17
2025-10-27,Laptop Stand,Florida,24
2025-10-28,Laptop Stand,Florida,22
2025-10-29,Laptop Stand,Florida,22
2025-10-30,Laptop Stand,Florida,18
2025-10-31,Laptop Stand,Florida,24
2025-11-01,Laptop Stand,Florida,18
2025-11-02,Laptop Stand,Florida,22
2025-11-03,Laptop Stand,Florida,32
2025-11-04,Laptop Stand,Florida,27
2025-11-05,Laptop Stand,Florida,24
2025-11-06,Laptop Stand,Florida,27
2025-11-07,Laptop Stand,Florida,28
2025-11-08,Laptop Stand,Florida,19
2025-11-09,Laptop Stand,Florida,19
2025-11-10,Laptop Stand,Florida,29
2025-11-11,Laptop Stand,Florida,29
2025-11-12,Laptop Stand,Florida,26
2025-11-13,Laptop Stand,Florida,22
2025-11-14,Laptop Stand,Florida,29
2025-11-15,Laptop Stand,Florida,18
2025-11-16,Laptop Stand,Florida,20
2025-11-17,Laptop Stand,Florida,28
2025-11-18,Laptop Stand,Florida,21
2025-11-19,Laptop Stand,Florida,28
2025-11-20,Laptop Stand,Florida,29
2025-11-21,Laptop Stand,Florida,29
2025-11-22,Laptop Stand,Florida,20
2025-11-23,Laptop Stand,Florida,15
2025-11-24,Laptop Stand,Florida,31
2025-11-25,Laptop Stand,Florida,29
2025-11-26,Laptop Stand,Florida,23
2025-11-27,Laptop Stand,Florida,25
2025-11-28,Laptop Stand,Florida,28
2025-11-29,Laptop Stand,Florida,22
2025-11-30,Laptop Stand,Florida,19
2025-12-01,Laptop Stand,Florida,31
2025-12-02,Laptop Stand,Florida,22
2025-12-03,Laptop Stand,Florida,25
2025-12-04,Laptop Stand,Florida,21
2025-12-05,Laptop Stand,Florida,25
2025-12-06,Laptop Stand,Florida,25
2025-12-07,Laptop Stand,Florida,26
2025-12-08,Laptop Stand,Florida,29
2025-12-09,Laptop Stand,Florida,26
2025-12-10,Laptop Stand,Florida,28
2025-12-11,Laptop Stand,Florida,30
2025-12-12,Laptop Stand,Florida,23
2025-12-13,Laptop Stand,Florida,19
2025-12-14,Laptop Stand,Florida,25
2025-12-15,Laptop Stand,Florida,25
2025-12-16,Laptop Stand,Florida,26
2025-12-17,Laptop Stand,Florida,29
2025-12-18,Laptop Stand,Florida,30
2025-12-19,Laptop Stand,Florida,26
2025-12-20,Laptop Stand,Florida,21
2025-12-21,Laptop Stand,Florida,22
2025-12-22,Laptop Stand,Florida,35
2025-12-23,Laptop Stand,Florida,28
2025-12-24,Laptop Stand,Florida,28
2025-12-25,Laptop Stand,Florida,34
2025-12-26,Laptop Stand,Florida,27
2025-12-27,Laptop Stand,Florida,18
2025-12-28,Laptop Stand,Florida,22
2025-12-29,Laptop Stand,Florida,32
2025-12-30,Laptop Stand,Florida,30
2025-12-31,Laptop Stand,Florida,28
2026-01-01,Laptop Stand,Florida,21
2026-01-02,Laptop Stand,Florida,26
2026-01-03,Laptop Stand,Florida,22
2026-01-04,Laptop Stand,Florida,16
2026-01-05,Laptop Stand,Florida,25
2026-01-06,Laptop Stand,Florida,25
2026-01-07,Laptop Stand,Florida,24
2026-01-08,Laptop Stand,Florida,27
2026-01-09,Laptop Stand,Florida,27
2026-01-10,Laptop Stand,Florida,20
2026-01-11,Laptop Stand,Florida,17
2026-01-12,Laptop Stand,Florida,21
2026-01-13,Laptop Stand,Florida,27
2026-01-14,Laptop Stand,Florida,24
2026-01-15,Laptop Stand,Florida,31
2026-01-16,Laptop Stand,Florida,32
2026-01-17,Laptop Stand,Florida,23
2026-01-18,Laptop Stand,Florida,17
2026-01-19,Laptop Stand,Florida,28
2026-01-20,Laptop Stand,Florida,28
2026-01-21,Laptop Stand,Florida,28
2026-01-22,Laptop Stand,Florida,25
2026-01-23,Laptop Stand,Florida,30
2026-01-24,Laptop Stand,Florida,19
2026-01-25,Laptop Stand,Florida,19
2026-01-26,Laptop Stand,Florida,21
2026-01-27,Laptop Stand,Florida,28
2026-01-28,Laptop Stand,Florida,25
2026-01-29,Laptop Stand,Florida,27
2026-01-30,Laptop Stand,Florida,26
2026-01-31,Laptop Stand,Florida,19
2026-02-01,Laptop Stand,Florida,20
2026-02-02,Laptop Stand,Florida,30
2026-02-03,Laptop Stand,Florida,27
2026-02-04,Laptop Stand,Florida,23
2026-02-05,Laptop Stand,Florida,29
2026-02-06,Laptop Stand,Florida,25
2026-02-07,Laptop Stand,Florida,17
2026-02-08,Laptop Stand,Florida,18
2026-02-09,Laptop Stand,Florida,28
2026-02-10,Laptop Stand,Florida,27
2026-02-11,Laptop Stand,Florida,20
2026-02-12,Laptop Stand,Florida,26
2026-02-13,Laptop Stand,Florida,31
2026-02-14,Laptop Stand,Florida,19
2026-02-15,Laptop Stand,Florida,20
2026-02-16,Laptop Stand,Florida,31
2026-02-17,Laptop Stand,Florida,30
2026-02-18,Laptop Stand,Florida,31
2026-02-19,Laptop Stand,Florida,18
2026-02-20,Laptop Stand,Florida,33
2026-02-21,Laptop Stand,Florida,22
2026-02-22,Laptop Stand,Florida,26
2026-02-23,Laptop Stand,Florida,25
2026-02-24,Laptop Stand,Florida,22
2026-02-25,Laptop Stand,Florida,27
2026-02-26,Laptop Stand,Florida,26
2026-02-27,Laptop Stand,Florida,29
2026-02-28,Laptop Stand,Florida,23
2026-03-01,Laptop Stand,Florida,21
2026-03-02,Laptop Stand,Florida,28
2026-03-03,Laptop Stand,Florida,30
2026-03-04,Laptop Stand,Florida,28
2026-03-05,Laptop Stand,Florida,27
2026-03-06,Laptop Stand,Florida,32
2026-03-07,Laptop Stand,Florida,24
2026-03-08,Laptop Stand,Florida,24
2026-03-09,Laptop Stand,Florida,28
2026-03-10,Laptop Stand,Florida,21
2026-03-11,Laptop Stand,Florida,28
2026-03-12,Laptop Stand,Florida,26
2026-03-13,Laptop Stand,Florida,28
2026-03-14,Laptop Stand,Florida,19
2026-03-15,Laptop Stand,Florida,21
2026-03-16,Laptop Stand,Florida,25
2026-03-17,Laptop Stand,Florida,24
2026-03-18,Laptop Stand,Florida,33
2026-03-19,Laptop Stand,Florida,25
2026-03-20,Laptop Stand,Florida,28
2026-03-21,Laptop Stand,Florida,23
2026-03-22,Laptop Stand,Florida,23
2026-03-23,Laptop Stand,Florida,31
2026-03-24,Laptop Stand,Florida,29
2026-03-25,Laptop Stand,Florida,31
2026-03-26,Laptop Stand,Florida,33
2026-03-27,Laptop Stand,Florida,30
2026-03-28,Laptop Stand,Florida,16
2026-03-29,Laptop Stand,Florida,19
2026-03-30,Laptop Stand,Florida,31
2026-03-31,Laptop Stand,Florida,26
2026-04-01,Laptop Stand,Florida,34
2026-04-02,Laptop Stand,Florida,29
2026-04-03,Laptop Stand,Florida,29
2026-04-04,Laptop Stand,Florida,24
2026-04-05,Laptop Stand,Florida,21
2026-04-06,Laptop Stand,Florida,29
2026-04-07,Laptop Stand,Florida,32
2026-04-08,Laptop Stand,Florida,24
2026-04-09,Laptop Stand,Florida,28
2026-04-10,Laptop Stand,Florida,32
2026-04-11,Laptop Stand,Florida,21
2026-04-12,Laptop Stand,Florida,25
2026-04-13,Laptop Stand,Florida,23
2026-04-14,Laptop Stand,Florida,23
2026-04-15,Laptop Stand,Florida,32
2026-04-16,Laptop Stand,Florida,32
2026-04-17,Laptop Stand,Florida,28
2026-04-18,Laptop Stand,Florida,22
2026-04-19,Laptop Stand,Florida,23
2026-04-20,Laptop Stand,Florida,26
2026-04-21,Laptop Stand,Florida,26
2026-04-22,Laptop Stand,Florida,30
2026-04-23,Laptop Stand,Florida,32
2026-04-24,Laptop Stand,Florida,25
2026-04-25,Laptop Stand,Florida,21
2026-04-26,Laptop Stand,Florida,21
2026-04-27,Laptop Stand,Florida,30
2026-04-28,Laptop Stand,Florida,29
2026-04-29,Laptop Stand,Florida,27
2026-04-30,Laptop Stand,Florida,33
2026-05-01,Laptop Stand,Florida,27
2026-05-02,Laptop Stand,Florida,20
2026-05-03,Laptop Stand,Florida,17
2026-05-04,Laptop Stand,Florida,26
2026-05-05,Laptop Stand,Florida,30
2026-05-06,Laptop Stand,Florida,30
2026-05-07,Laptop Stand,Florida,30
2026-05-08,Laptop Stand,Florida,30
2026-05-09,Laptop Stand,Florida,26
2026-05-10,Laptop Stand,Florida,19
2026-05-11,Laptop Stand,Florida,23
2026-05-12,Laptop Stand,Florida,25
2026-05-13,Laptop Stand,Florida,26
2026-05-14,Laptop Stand,Florida,25
2026-05-15,Laptop Stand,Florida,29
2026-05-16,Laptop Stand,Florida,24
2026-05-17,Laptop Stand,Florida,25
2026-05-18,Laptop Stand,Florida,30
2026-05-19,Laptop Stand,Florida,36
2026-05-20,Laptop Stand,Florida,27
2026-05-21,Laptop Stand,Florida,23
2026-05-22,Laptop Stand,Florida,32
2026-05-23,Laptop Stand,Florida,16
2026-05-24,Laptop Stand,Florida,19
2026-05-25,Laptop Stand,Florida,30
2026-05-26,Laptop Stand,Florida,28
2026-05-27,Laptop Stand,Florida,28
2026-05-28,Laptop Stand,Florida,24
2026-05-29,Laptop Stand,Florida,28
2026-05-30,Laptop Stand,Florida,23
2026-05-31,Laptop Stand,Florida,21
2026-06-01,Laptop Stand,Florida,25
2026-06-02,Laptop Stand,Florida,23
2026-06-03,Laptop Stand,Florida,25
2026-06-04,Laptop Stand,Florida,29
2026-06-05,Laptop Stand,Florida,28
2026-06-06,Laptop Stand,Florida,18
2026-06-07,Laptop Stand,Florida,15
2026-06-08,Laptop Stand,Florida,29
2026-06-09,Laptop Stand,Florida,24
2026-06-10,Laptop Stand,Florida,30
2026-06-11,Laptop Stand,Florida,25
2026-06-12,Laptop Stand,Florida,24
2026-06-13,Laptop Stand,Florida,20
2026-06-14,Laptop Stand,Florida,26
2026-06-15,Laptop Stand,Florida,30
2026-06-16,Laptop Stand,Florida,28
2026-06-17,Laptop Stand,Florida,28
2026-06-18,Laptop Stand,Florida,22
2026-06-19,Laptop Stand,Florida,24
2026-06-20,Laptop Stand,Florida,14
2026-06-21,Laptop Stand,Florida,24
2026-06-22,Laptop Stand,Florida,32
2026-06-23,Laptop Stand,Florida,29
2026-06-24,Laptop Stand,Florida,28
2026-06-25,Laptop Stand,Florida,22
2026-06-26,Laptop Stand,Florida,27
2026-06-27,Laptop Stand,Florida,24
2026-06-28,Laptop Stand,Florida,20
2026-06-29,Laptop Stand,Florida,25
2026-06-30,Laptop Stand,Florida,22
2026-07-01,Laptop Stand,Florida,30
2026-07-02,Laptop Stand,Florida,26
2026-07-03,Laptop Stand,Florida,20
2026-07-04,Laptop Stand,Florida,17
2026-07-05,Laptop Stand,Florida,16
2026-07-06,Laptop Stand,Florida,25
2026-07-07,Laptop Stand,Florida,26
2026-07-08,Laptop Stand,Florida,24
2026-07-09,Laptop Stand,Florida,28
2026-07-10,Laptop Stand,Florida,26
2026-07-11,Laptop Stand,Florida,21
2026-07-12,Laptop Stand,Florida,18
2026-07-13,Laptop Stand,Florida,35
2026-07-14,Laptop Stand,Florida,24
2026-07-15,Laptop Stand,Florida,23
2026-07-16,Laptop Stand,Florida,23
2026-07-17,Laptop Stand,Florida,25
2026-07-18,Laptop Stand,Florida,15
2026-07-19,Laptop Stand,Florida,20
2026-07-20,Laptop Stand,Florida,20
2026-07-21,Laptop Stand,Florida,26
2026-07-22,Laptop Stand,Florida,22
2026-07-23,Laptop Stand,Florida,25
2026-07-24,Laptop Stand,Florida,28
2026-07-25,Laptop Stand,Florida,24
2026-07-26,Laptop Stand,Florida,16
2026-07-27,Laptop Stand,Florida,25
2026-07-28,Laptop Stand,Florida,24
2026-07-29,Laptop Stand,Florida,23
2026-07-30,Laptop Stand,Florida,24
2026-07-31,Laptop Stand,Florida,28
2026-08-01,Laptop Stand,Florida,17
2026-08-02,Laptop Stand,Florida,23
2026-08-03,Laptop Stand,Florida,25
2026-08-04,Laptop Stand,Florida,21
2026-08-05,Laptop Stand,Florida,23
2026-08-06,Laptop Stand,Florida,22
2026-08-07,Laptop Stand,Florida,27
2026-08-08,Laptop Stand,Florida,14
2026-08-09,Laptop Stand,Florida,15
2026-08-10,Laptop Stand,Florida,22
2026-08-11,Laptop Stand,Florida,26
2026-08-12,Laptop Stand,Florida,28
2026-08-13,Laptop Stand,Florida,28
2026-08-14,Laptop Stand,Florida,26
2026-08-15,Laptop Stand,Florida,18
2026-08-16,Laptop Stand,Florida,19
2026-08-17,Laptop Stand,Florida,21
2026-08-18,Laptop Stand,Florida,19
2026-08-19,Laptop Stand,Florida,25
2026-08-20,Laptop Stand,Florida,21
2026-08-21,Laptop Stand,Florida,24
2026-08-22,Laptop Stand,Florida,18
2026-08-23,Laptop Stand,Florida,18
2026-08-24,Laptop Stand,Florida,27
2026-08-25,Laptop Stand,Florida,27
2026-08-26,Laptop Stand,Florida,25
2026-08-27,Laptop Stand,Florida,23
2026-08-28,Laptop Stand,Florida,25
2026-08-29,Laptop Stand,Florida,16
2026-08-30,Laptop Stand,Florida,17
2026-08-31,Laptop Stand,Florida,32
2026-09-01,Laptop Stand,Florida,24
2026-09-02,Laptop Stand,Florida,24
2026-09-03,Laptop Stand,Florida,21
2026-09-04,Laptop Stand,Florida,26
2026-09-05,Laptop Stand,Florida,18
2026-09-06,Laptop Stand,Florida,18
2026-09-07,Laptop Stand,Florida,24
2026-09-08,Laptop Stand,Florida,26
2026-09-09,Laptop Stand,Florida,27
2026-09-10,Laptop Stand,Florida,24
2026-09-11,Laptop Stand,Florida,23
2026-09-12,Laptop Stand,Florida,19
2026-09-13,Laptop Stand,Florida,15
2026-09-14,Laptop Stand,Florida,21
2026-09-15,Laptop Stand,Florida,23
2026-09-16,Laptop Stand,Florida,18
2026-09-17,Laptop Stand,Florida,25
2026-09-18,Laptop Stand,Florida,20
2026-09-19,Laptop Stand,Florida,16
2026-09-20,Laptop Stand,Florida,16
2026-09-21,Laptop Stand,Florida,23
2026-09-22,Laptop Stand,Florida,22
2026-09-23,Laptop Stand,Florida,23
2026-09-24,Laptop Stand,Florida,23
2026-09-25,Laptop Stand,Florida,22
2026-09-26,Laptop Stand,Florida,15
2026-09-27,Laptop Stand,Florida,19
2026-09-28,Laptop Stand,Florida,17
2025-01-01,Laptop Stand,Georgia,20
2025-01-02,Laptop Stand,Georgia,19
2025-01-03,Laptop Stand,Georgia,21
2025-01-04,Laptop Stand,Georgia,12
2025-01-05,Laptop Stand,Georgia,14
2025-01-06,Laptop Stand,Georgia,20
2025-01-07,Laptop Stand,Georgia,23
2025-01-08,Laptop Stand,Georgia,21
2025-01-09,Laptop Stand,Georgia,17
2025-01-10,Laptop Stand,Georgia,19
2025-01-11,Laptop Stand,Georgia,16
2025-01-12,Laptop Stand,Georgia,13
2025-01-13,Laptop Stand,Georgia,20
2025-01-14,Laptop Stand,Georgia,20
2025-01-15,Laptop Stand,Georgia,19
2025-01-16,Laptop Stand,Georgia,27
2025-01-17,Laptop Stand,Georgia,19
2025-01-18,Laptop Stand,Georgia,16
2025-01-19,Laptop Stand,Georgia,13
2025-01-20,Laptop Stand,Georgia,21
2025-01-21,Laptop Stand,Georgia,22
2025-01-22,Laptop Stand,Georgia,19
2025-01-23,Laptop Stand,Georgia,20
2025-01-24,Laptop Stand,Georgia,18
2025-01-25,Laptop Stand,Georgia,13
2025-01-26,Laptop Stand,Georgia,17
2025-01-27,Laptop Stand,Georgia,19
2025-01-28,Laptop Stand,Georgia,14
2025-01-29,Laptop Stand,Georgia,24
2025-01-30,Laptop Stand,Georgia,18
2025-01-31,Laptop Stand,Georgia,20
2025-02-01,Laptop Stand,Georgia,19
2025-02-02,Laptop Stand,Georgia,15
2025-02-03,Laptop Stand,Georgia,21
2025-02-04,Laptop Stand,Georgia,18
2025-02-05,Laptop Stand,Georgia,17
2025-02-06,Laptop Stand,Georgia,21
2025-02-07,Laptop Stand,Georgia,22
2025-02-08,Laptop Stand,Georgia,16
2025-02-09,Laptop Stand,Georgia,15
2025-02-10,Laptop Stand,Georgia,21
2025-02-11,Laptop Stand,Georgia,17
2025-02-12,Laptop Stand,Georgia,23
2025-02-13,Laptop Stand,Georgia,22
2025-02-14,Laptop Stand,Georgia,26
2025-02-15,Laptop Stand,Georgia,16
2025-02-16,Laptop Stand,Georgia,14
2025-02-17,Laptop Stand,Georgia,21
2025-02-18,Laptop Stand,Georgia,21
2025-02-19,Laptop Stand,Georgia,22
2025-02-20,Laptop Stand,Georgia,21
2025-02-21,Laptop Stand,Georgia,18
2025-02-22,Laptop Stand,Georgia,13
2025-02-23,Laptop Stand,Georgia,16
2025-02-24,Laptop Stand,Georgia,25
2025-02-25,Laptop Stand,Georgia,22
2025-02-26,Laptop Stand,Georgia,23
2025-02-27,Laptop Stand,Georgia,24
2025-02-28,Laptop Stand,Georgia,22
2025-03-01,Laptop Stand,Georgia,15
2025-03-02,Laptop Stand,Georgia,17
2025-03-03,Laptop Stand,Georgia,25
2025-03-04,Laptop Stand,Georgia,24
2025-03-05,Laptop Stand,Georgia,24
2025-03-06,Laptop Stand,Georgia,21
2025-03-07,Laptop Stand,Georgia,22
2025-03-08,Laptop Stand,Georgia,16
2025-03-09,Laptop Stand,Georgia,16
2025-03-10,Laptop Stand,Georgia,25
2025-03-11,Laptop Stand,Georgia,16
2025-03-12,Laptop Stand,Georgia,22
2025-03-13,Laptop Stand,Georgia,22
2025-03-14,Laptop Stand,Georgia,19
2025-03-15,Laptop Stand,Georgia,18
2025-03-16,Laptop Stand,Georgia,15
2025-03-17,Laptop Stand,Georgia,21
2025-03-18,Laptop Stand,Georgia,27
2025-03-19,Laptop Stand,Georgia,25
2025-03-20,Laptop Stand,Georgia,24
2025-03-21,Laptop Stand,Georgia,23
2025-03-22,Laptop Stand,Georgia,16
2025-03-23,Laptop Stand,Georgia,20
2025-03-24,Laptop Stand,Georgia,24
2025-03-25,Laptop Stand,Georgia,20
2025-03-26,Laptop Stand,Georgia,19
2025-03-27,Laptop Stand,Georgia,24
2025-03-28,Laptop Stand,Georgia,22
2025-03-29,Laptop Stand,Georgia,13
2025-03-30,Laptop Stand,Georgia,17
2025-03-31,Laptop Stand,Georgia,22
2025-04-01,Laptop Stand,Georgia,24
2025-04-02,Laptop Stand,Georgia,24
2025-04-03,Laptop Stand,Georgia,21
2025-04-04,Laptop Stand,Georgia,24
2025-04-05,Laptop Stand,Georgia,16
2025-04-06,Laptop Stand,Georgia,16
2025-04-07,Laptop Stand,Georgia,21
2025-04-08,Laptop Stand,Georgia,26
2025-04-09,Laptop Stand,Georgia,22
2025-04-10,Laptop Stand,Georgia,26
2025-04-11,Laptop Stand,Georgia,27
2025-04-12,Laptop Stand,Georgia,15
2025-04-13,Laptop Stand,Georgia,11
2025-04-14,Laptop Stand,Georgia,25
2025-04-15,Laptop Stand,Georgia,22
2025-04-16,Laptop Stand,Georgia,20
2025-04-17,Laptop Stand,Georgia,21
2025-04-18,Laptop Stand,Georgia,21
2025-04-19,Laptop Stand,Georgia,19
2025-04-20,Laptop Stand,Georgia,17
2025-04-21,Laptop Stand,Georgia,26
2025-04-22,Laptop Stand,Georgia,24
2025-04-23,Laptop Stand,Georgia,22
2025-04-24,Laptop Stand,Georgia,22
2025-04-25,Laptop Stand,Georgia,24
2025-04-26,Laptop Stand,Georgia,18
2025-04-27,Laptop Stand,Georgia,19
2025-04-28,Laptop Stand,Georgia,22
2025-04-29,Laptop Stand,Georgia,23
2025-04-30,Laptop Stand,Georgia,24
2025-05-01,Laptop Stand,Georgia,21
2025-05-02,Laptop Stand,Georgia,19
2025-05-03,Laptop Stand,Georgia,15
2025-05-04,Laptop Stand,Georgia,16
2025-05-05,Laptop Stand,Georgia,24
2025-05-06,Laptop Stand,Georgia,26
2025-05-07,Laptop Stand,Georgia,19
2025-05-08,Laptop Stand,Georgia,21
2025-05-09,Laptop Stand,Georgia,21
2025-05-10,Laptop Stand,Georgia,18
2025-05-11,Laptop Stand,Georgia,15
2025-05-12,Laptop Stand,Georgia,21
2025-05-13,Laptop Stand,Georgia,18
2025-05-14,Laptop Stand,Georgia,24
2025-05-15,Laptop Stand,Georgia,22
2025-05-16,Laptop Stand,Georgia,21
2025-05-17,Laptop Stand,Georgia,16
2025-05-18,Laptop Stand,Georgia,18
2025-05-19,Laptop Stand,Georgia,20
2025-05-20,Laptop Stand,Georgia,20
2025-05-21,Laptop Stand,Georgia,26
2025-05-22,Laptop Stand,Georgia,22
2025-05-23,Laptop Stand,Georgia,24
2025-05-24,Laptop Stand,Georgia,17
2025-05-25,Laptop Stand,Georgia,16
2025-05-26,Laptop Stand,Georgia,21
2025-05-27,Laptop Stand,Georgia,24
2025-05-28,Laptop Stand,Georgia,25
2025-05-29,Laptop Stand,Georgia,25
2025-05-30,Laptop Stand,Georgia,19
2025-05-31,Laptop Stand,Georgia,19
2025-06-01,Laptop Stand,Georgia,15
2025-06-02,Laptop Stand,Georgia,19
2025-06-03,Laptop Stand,Georgia,21
2025-06-04,Laptop Stand,Georgia,24
2025-06-05,Laptop Stand,Georgia,23
2025-06-06,Laptop Stand,Georgia,21
2025-06-07,Laptop Stand,Georgia,17
2025-06-08,Laptop Stand,Georgia,16
2025-06-09,Laptop Stand,Georgia,20
2025-06-10,Laptop Stand,Georgia,20
2025-06-11,Laptop Stand,Georgia,22
2025-06-12,Laptop Stand,Georgia,21
2025-06-13,Laptop Stand,Georgia,18
2025-06-14,Laptop Stand,Georgia,17
2025-06-15,Laptop Stand,Georgia,15
2025-06-16,Laptop Stand,Georgia,25
2025-06-17,Laptop Stand,Georgia,18
2025-06-18,Laptop Stand,Georgia,21
2025-06-19,Laptop Stand,Georgia,20
2025-06-20,Laptop Stand,Georgia,19
2025-06-21,Laptop Stand,Georgia,15
2025-06-22,Laptop Stand,Georgia,19
2025-06-23,Laptop Stand,Georgia,22
2025-06-24,Laptop Stand,Georgia,19
2025-06-25,Laptop Stand,Georgia,17
2025-06-26,Laptop Stand,Georgia,17
2025-06-27,Laptop Stand,Georgia,20
2025-06-28,Laptop Stand,Georgia,14
2025-06-29,Laptop Stand,Georgia,15
2025-06-30,Laptop Stand,Georgia,16
2025-07-01,Laptop Stand,Georgia,20
2025-07-02,Laptop Stand,Georgia,23
2025-07-03,Laptop Stand,Georgia,24
2025-07-04,Laptop Stand,Georgia,16
2025-07-05,Laptop Stand,Georgia,13
2025-07-06,Laptop Stand,Georgia,13
2025-07-07,Laptop Stand,Georgia,21
2025-07-08,Laptop Stand,Georgia,17
2025-07-09,Laptop Stand,Georgia,24
2025-07-10,Laptop Stand,Georgia,20
2025-07-11,Laptop Stand,Georgia,20
2025-07-12,Laptop Stand,Georgia,18
2025-07-13,Laptop Stand,Georgia,15
2025-07-14,Laptop Stand,Georgia,21
2025-07-15,Laptop Stand,Georgia,18
2025-07-16,Laptop Stand,Georgia,17
2025-07-17,Laptop Stand,Georgia,19
2025-07-18,Laptop Stand,Georgia,25
2025-07-19,Laptop Stand,Georgia,16
2025-07-20,Laptop Stand,Georgia,15
2025-07-21,Laptop Stand,Georgia,18
2025-07-22,Laptop Stand,Georgia,22
2025-07-23,Laptop Stand,Georgia,17
2025-07-24,Laptop Stand,Georgia,16
2025-07-25,Laptop Stand,Georgia,19
2025-07-26,Laptop Stand,Georgia,18
2025-07-27,Laptop Stand,Georgia,18
2025-07-28,Laptop Stand,Georgia,19
2025-07-29,Laptop Stand,Georgia,19
2025-07-30,Laptop Stand,Georgia,16
2025-07-31,Laptop Stand,Georgia,20
2025-08-01,Laptop Stand,Georgia,19
2025-08-02,Laptop Stand,Georgia,15
2025-08-03,Laptop Stand,Georgia,15
2025-08-04,Laptop Stand,Georgia,19
2025-08-05,Laptop Stand,Georgia,20
2025-08-06,Laptop Stand,Georgia,17
2025-08-07,Laptop Stand,Georgia,20
2025-08-08,Laptop Stand,Georgia,18
2025-08-09,Laptop Stand,Georgia,15
2025-08-10,Laptop Stand,Georgia,15
2025-08-11,Laptop Stand,Georgia,19
2025-08-12,Laptop Stand,Georgia,21
2025-08-13,Laptop Stand,Georgia,15
2025-08-14,Laptop Stand,Georgia,17
2025-08-15,Laptop Stand,Georgia,18
2025-08-16,Laptop Stand,Georgia,11
2025-08-17,Laptop Stand,Georgia,13
2025-08-18,Laptop Stand,Georgia,18
2025-08-19,Laptop Stand,Georgia,22
2025-08-20,Laptop Stand,Georgia,19
2025-08-21,Laptop Stand,Georgia,21
2025-08-22,Laptop Stand,Georgia,20
2025-08-23,Laptop Stand,Georgia,13
2025-08-24,Laptop Stand,Georgia,14
2025-08-25,Laptop Stand,Georgia,21
2025-08-26,Laptop Stand,Georgia,22
2025-08-27,Laptop Stand,Georgia,19
2025-08-28,Laptop Stand,Georgia,15
2025-08-29,Laptop Stand,Georgia,15
2025-08-30,Laptop Stand,Georgia,13
2025-08-31,Laptop Stand,Georgia,10
2025-09-01,Laptop Stand,Georgia,22
2025-09-02,Laptop Stand,Georgia,19
2025-09-03,Laptop Stand,Georgia,17
2025-09-04,Laptop Stand,Georgia,16
2025-09-05,Laptop Stand,Georgia,20
2025-09-06,Laptop Stand,Georgia,11
2025-09-07,Laptop Stand,Georgia,12
2025-09-08,Laptop Stand,Georgia,16
2025-09-09,Laptop Stand,Georgia,18
2025-09-10,Laptop Stand,Georgia,19
2025-09-11,Laptop Stand,Georgia,21
2025-09-12,Laptop Stand,Georgia,20
2025-09-13,Laptop Stand,Georgia,13
2025-09-14,Laptop Stand,Georgia,15
2025-09-15,Laptop Stand,Georgia,17
2025-09-16,Laptop Stand,Georgia,14
2025-09-17,Laptop Stand,Georgia,17
2025-09-18,Laptop Stand,Georgia,16
2025-09-19,Laptop Stand,Georgia,17
2025-09-20,Laptop Stand,Georgia,12
2025-09-21,Laptop Stand,Georgia,12
2025-09-22,Laptop Stand,Georgia,19
2025-09-23,Laptop Stand,Georgia,22
2025-09-24,Laptop Stand,Georgia,14
2025-09-25,Laptop Stand,Georgia,15
2025-09-26,Laptop Stand,Georgia,16
2025-09-27,Laptop Stand,Georgia,14
2025-09-28,Laptop Stand,Georgia,13
2025-09-29,Laptop Stand,Georgia,16
2025-09-30,Laptop Stand,Georgia,20
2025-10-01,Laptop Stand,Georgia,20
2025-10-02,Laptop Stand,Georgia,18
2025-10-03,Laptop Stand,Georgia,16
2025-10-04,Laptop Stand,Georgia,13
2025-10-05,Laptop Stand,Georgia,13
2025-10-06,Laptop Stand,Georgia,17
2025-10-07,Laptop Stand,Georgia,17
2025-10-08,Laptop Stand,Georgia,20
2025-10-09,Laptop Stand,Georgia,18
2025-10-10,Laptop Stand,Georgia,20
2025-10-11,Laptop Stand,Georgia,15
2025-10-12,Laptop Stand,Georgia,14
2025-10-13,Laptop Stand,Georgia,17
2025-10-14,Laptop Stand,Georgia,20
2025-10-15,Laptop Stand,Georgia,19
2025-10-16,Laptop Stand,Georgia,23
2025-10-17,Laptop Stand,Georgia,18
2025-10-18,Laptop Stand,Georgia,14
2025-10-19,Laptop Stand,Georgia,13
2025-10-20,Laptop Stand,Georgia,18
2025-10-21,Laptop Stand,Georgia,17
2025-10-22,Laptop Stand,Georgia,18
2025-10-23,Laptop Stand,Georgia,19
2025-10-24,Laptop Stand,Georgia,20
2025-10-25,Laptop Stand,Georgia,13
2025-10-26,Laptop Stand,Georgia,12
2025-10-27,Laptop Stand,Georgia,17
2025-10-28,Laptop Stand,Georgia,15
2025-10-29,Laptop Stand,Georgia,21
2025-10-30,Laptop Stand,Georgia,17
2025-10-31,Laptop Stand,Georgia,20
2025-11-01,Laptop Stand,Georgia,16
2025-11-02,Laptop Stand,Georgia,16
2025-11-03,Laptop Stand,Georgia,21
2025-11-04,Laptop Stand,Georgia,19
2025-11-05,Laptop Stand,Georgia,19
2025-11-06,Laptop Stand,Georgia,26
2025-11-07,Laptop Stand,Georgia,22
2025-11-08,Laptop Stand,Georgia,18
2025-11-09,Laptop Stand,Georgia,18
2025-11-10,Laptop Stand,Georgia,20
2025-11-11,Laptop Stand,Georgia,22
2025-11-12,Laptop Stand,Georgia,21
2025-11-13,Laptop Stand,Georgia,18
2025-11-14,Laptop Stand,Georgia,21
2025-11-15,Laptop Stand,Georgia,17
2025-11-16,Laptop Stand,Georgia,15
2025-11-17,Laptop Stand,Georgia,20
2025-11-18,Laptop Stand,Georgia,21
2025-11-19,Laptop Stand,Georgia,27
2025-11-20,Laptop Stand,Georgia,17
2025-11-21,Laptop Stand,Georgia,23
2025-11-22,Laptop Stand,Georgia,15
2025-11-23,Laptop Stand,Georgia,14
2025-11-24,Laptop Stand,Georgia,21
2025-11-25,Laptop Stand,Georgia,23
2025-11-26,Laptop Stand,Georgia,23
2025-11-27,Laptop Stand,Georgia,22
2025-11-28,Laptop Stand,Georgia,24
2025-11-29,Laptop Stand,Georgia,18
2025-11-30,Laptop Stand,Georgia,17
2025-12-01,Laptop Stand,Georgia,21
2025-12-02,Laptop Stand,Georgia,24
2025-12-03,Laptop Stand,Georgia,24
2025-12-04,Laptop Stand,Georgia,20
2025-12-05,Laptop Stand,Georgia,18
2025-12-06,Laptop Stand,Georgia,12
2025-12-07,Laptop Stand,Georgia,17
2025-12-08,Laptop Stand,Georgia,23
2025-12-09,Laptop Stand,Georgia,19
2025-12-10,Laptop Stand,Georgia,25
2025-12-11,Laptop Stand,Georgia,23
2025-12-12,Laptop Stand,Georgia,26
2025-12-13,Laptop Stand,Georgia,17
2025-12-14,Laptop Stand,Georgia,14
2025-12-15,Laptop Stand,Georgia,24
2025-12-16,Laptop Stand,Georgia,24
2025-12-17,Laptop Stand,Georgia,21
2025-12-18,Laptop Stand,Georgia,18
2025-12-19,Laptop Stand,Georgia,23
2025-12-20,Laptop Stand,Georgia,14
2025-12-21,Laptop Stand,Georgia,19
2025-12-22,Laptop Stand,Georgia,21
2025-12-23,Laptop Stand,Georgia,27
2025-12-24,Laptop Stand,Georgia,17
2025-12-25,Laptop Stand,Georgia,23
2025-12-26,Laptop Stand,Georgia,26
2025-12-27,Laptop Stand,Georgia,15
2025-12-28,Laptop Stand,Georgia,16
2025-12-29,Laptop Stand,Georgia,21
2025-12-30,Laptop Stand,Georgia,21
2025-12-31,Laptop Stand,Georgia,23
2026-01-01,Laptop Stand,Georgia,17
2026-01-02,Laptop Stand,Georgia,20
2026-01-03,Laptop Stand,Georgia,16
2026-01-04,Laptop Stand,Georgia,14
2026-01-05,Laptop Stand,Georgia,18
2026-01-06,Laptop Stand,Georgia,23
2026-01-07,Laptop Stand,Georgia,22
2026-01-08,Laptop Stand,Georgia,18
2026-01-09,Laptop Stand,Georgia,17
2026-01-10,Laptop Stand,Georgia,13
2026-01-11,Laptop Stand,Georgia,16
2026-01-12,Laptop Stand,Georgia,21
2026-01-13,Laptop Stand,Georgia,22
2026-01-14,Laptop Stand,Georgia,19
2026-01-15,Laptop Stand,Georgia,18
2026-01-16,Laptop Stand,Georgia,22
2026-01-17,Laptop Stand,Georgia,14
2026-01-18,Laptop Stand,Georgia,15
2026-01-19,Laptop Stand,Georgia,16
2026-01-20,Laptop Stand,Georgia,19
2026-01-21,Laptop Stand,Georgia,23
2026-01-22,Laptop Stand,Georgia,18
2026-01-23,Laptop Stand,Georgia,22
2026-01-24,Laptop Stand,Georgia,11
2026-01-25,Laptop Stand,Georgia,14
2026-01-26,Laptop Stand,Georgia,20
2026-01-27,Laptop Stand,Georgia,24
2026-01-28,Laptop Stand,Georgia,17
2026-01-29,Laptop Stand,Georgia,22
2026-01-30,Laptop Stand,Georgia,23
2026-01-31,Laptop Stand,Georgia,13
2026-02-01,Laptop Stand,Georgia,15
2026-02-02,Laptop Stand,Georgia,22
2026-02-03,Laptop Stand,Georgia,18
2026-02-04,Laptop Stand,Georgia,20
2026-02-05,Laptop Stand,Georgia,25
2026-02-06,Laptop Stand,Georgia,23
2026-02-07,Laptop Stand,Georgia,15
2026-02-08,Laptop Stand,Georgia,16
2026-02-09,Laptop Stand,Georgia,23
2026-02-10,Laptop Stand,Georgia,23
2026-02-11,Laptop Stand,Georgia,20
2026-02-12,Laptop Stand,Georgia,25
2026-02-13,Laptop Stand,Georgia,25
2026-02-14,Laptop Stand,Georgia,17
2026-02-15,Laptop Stand,Georgia,14
2026-02-16,Laptop Stand,Georgia,19
2026-02-17,Laptop Stand,Georgia,21
2026-02-18,Laptop Stand,Georgia,22
2026-02-19,Laptop Stand,Georgia,17
2026-02-20,Laptop Stand,Georgia,23
2026-02-21,Laptop Stand,Georgia,18
2026-02-22,Laptop Stand,Georgia,17
2026-02-23,Laptop Stand,Georgia,20
2026-02-24,Laptop Stand,Georgia,19
2026-02-25,Laptop Stand,Georgia,22
2026-02-26,Laptop Stand,Georgia,21
2026-02-27,Laptop Stand,Georgia,23
2026-02-28,Laptop Stand,Georgia,17
2026-03-01,Laptop Stand,Georgia,18
2026-03-02,Laptop Stand,Georgia,19
2026-03-03,Laptop Stand,Georgia,23
2026-03-04,Laptop Stand,Georgia,21
2026-03-05,Laptop Stand,Georgia,22
2026-03-06,Laptop Stand,Georgia,25
2026-03-07,Laptop Stand,Georgia,18
2026-03-08,Laptop Stand,Georgia,19
2026-03-09,Laptop Stand,Georgia,23
2026-03-10,Laptop Stand,Georgia,22
2026-03-11,Laptop Stand,Georgia,22
2026-03-12,Laptop Stand,Georgia,18
2026-03-13,Laptop Stand,Georgia,26
2026-03-14,Laptop Stand,Georgia,16
2026-03-15,Laptop Stand,Georgia,17
2026-03-16,Laptop Stand,Georgia,24
2026-03-17,Laptop Stand,Georgia,19
2026-03-18,Laptop Stand,Georgia,20
2026-03-19,Laptop Stand,Georgia,26
2026-03-20,Laptop Stand,Georgia,23
2026-03-21,Laptop Stand,Georgia,15
2026-03-22,Laptop Stand,Georgia,16
2026-03-23,Laptop Stand,Georgia,25
2026-03-24,Laptop Stand,Georgia,25
2026-03-25,Laptop Stand,Georgia,18
2026-03-26,Laptop Stand,Georgia,27
2026-03-27,Laptop Stand,Georgia,25
2026-03-28,Laptop Stand,Georgia,16
2026-03-29,Laptop Stand,Georgia,14
2026-03-30,Laptop Stand,Georgia,25
2026-03-31,Laptop Stand,Georgia,24
2026-04-01,Laptop Stand,Georgia,19
2026-04-02,Laptop Stand,Georgia,22
2026-04-03,Laptop Stand,Georgia,31
2026-04-04,Laptop Stand,Georgia,17
2026-04-05,Laptop Stand,Georgia,15
2026-04-06,Laptop Stand,Georgia,20
2026-04-07,Laptop Stand,Georgia,27
2026-04-08,Laptop Stand,Georgia,25
2026-04-09,Laptop Stand,Georgia,26
2026-04-10,Laptop Stand,Georgia,23
2026-04-11,Laptop Stand,Georgia,19
2026-04-12,Laptop Stand,Georgia,15
2026-04-13,Laptop Stand,Georgia,23
2026-04-14,Laptop Stand,Georgia,23
2026-04-15,Laptop Stand,Georgia,26
2026-04-16,Laptop Stand,Georgia,23
2026-04-17,Laptop Stand,Georgia,21
2026-04-18,Laptop Stand,Georgia,17
2026-04-19,Laptop Stand,Georgia,13
2026-04-20,Laptop Stand,Georgia,16
2026-04-21,Laptop Stand,Georgia,25
2026-04-22,Laptop Stand,Georgia,22
2026-04-23,Laptop Stand,Georgia,22
2026-04-24,Laptop Stand,Georgia,25
2026-04-25,Laptop Stand,Georgia,19
2026-04-26,Laptop Stand,Georgia,18
2026-04-27,Laptop Stand,Georgia,28
2026-04-28,Laptop Stand,Georgia,24
2026-04-29,Laptop Stand,Georgia,23
2026-04-30,Laptop Stand,Georgia,23
2026-05-01,Laptop Stand,Georgia,19
2026-05-02,Laptop Stand,Georgia,18
2026-05-03,Laptop Stand,Georgia,12
2026-05-04,Laptop Stand,Georgia,21
2026-05-05,Laptop Stand,Georgia,22
2026-05-06,Laptop Stand,Georgia,20
2026-05-07,Laptop Stand,Georgia,21
2026-05-08,Laptop Stand,Georgia,27
2026-05-09,Laptop Stand,Georgia,18
2026-05-10,Laptop Stand,Georgia,15
2026-05-11,Laptop Stand,Georgia,21
2026-05-12,Laptop Stand,Georgia,19
2026-05-13,Laptop Stand,Georgia,24
2026-05-14,Laptop Stand,Georgia,22
2026-05-15,Laptop Stand,Georgia,17
2026-05-16,Laptop Stand,Georgia,16
2026-05-17,Laptop Stand,Georgia,17
2026-05-18,Laptop Stand,Georgia,25
2026-05-19,Laptop Stand,Georgia,22
2026-05-20,Laptop Stand,Georgia,21
2026-05-21,Laptop Stand,Georgia,28
2026-05-22,Laptop Stand,Georgia,22
2026-05-23,Laptop Stand,Georgia,18
2026-05-24,Laptop Stand,Georgia,15
2026-05-25,Laptop Stand,Georgia,24
2026-05-26,Laptop Stand,Georgia,18
2026-05-27,Laptop Stand,Georgia,21
2026-05-28,Laptop Stand,Georgia,19
2026-05-29,Laptop Stand,Georgia,21
2026-05-30,Laptop Stand,Georgia,19
2026-05-31,Laptop Stand,Georgia,15
2026-06-01,Laptop Stand,Georgia,23
2026-06-02,Laptop Stand,Georgia,25
2026-06-03,Laptop Stand,Georgia,21
2026-06-04,Laptop Stand,Georgia,24
2026-06-05,Laptop Stand,Georgia,23
2026-06-06,Laptop Stand,Georgia,16
2026-06-07,Laptop Stand,Georgia,17
2026-06-08,Laptop Stand,Georgia,26
2026-06-09,Laptop Stand,Georgia,20
2026-06-10,Laptop Stand,Georgia,19
2026-06-11,Laptop Stand,Georgia,19
2026-06-12,Laptop Stand,Georgia,24
2026-06-13,Laptop Stand,Georgia,18
2026-06-14,Laptop Stand,Georgia,15
2026-06-15,Laptop Stand,Georgia,16
2026-06-16,Laptop Stand,Georgia,20
2026-06-17,Laptop Stand,Georgia,23
2026-06-18,Laptop Stand,Georgia,21
2026-06-19,Laptop Stand,Georgia,22
2026-06-20,Laptop Stand,Georgia,15
2026-06-21,Laptop Stand,Georgia,18
2026-06-22,Laptop Stand,Georgia,22
2026-06-23,Laptop Stand,Georgia,23
2026-06-24,Laptop Stand,Georgia,22
2026-06-25,Laptop Stand,Georgia,23
2026-06-26,Laptop Stand,Georgia,23
2026-06-27,Laptop Stand,Georgia,14
2026-06-28,Laptop Stand,Georgia,16
2026-06-29,Laptop Stand,Georgia,23
2026-06-30,Laptop Stand,Georgia,24
2026-07-01,Laptop Stand,Georgia,21
2026-07-02,Laptop Stand,Georgia,18
2026-07-03,Laptop Stand,Georgia,18
2026-07-04,Laptop Stand,Georgia,14
2026-07-05,Laptop Stand,Georgia,15
2026-07-06,Laptop Stand,Georgia,20
2026-07-07,Laptop Stand,Georgia,17
2026-07-08,Laptop Stand,Georgia,17
2026-07-09,Laptop Stand,Georgia,15
2026-07-10,Laptop Stand,Georgia,13
2026-07-11,Laptop Stand,Georgia,15
2026-07-12,Laptop Stand,Georgia,19
2026-07-13,Laptop Stand,Georgia,25
2026-07-14,Laptop Stand,Georgia,18
2026-07-15,Laptop Stand,Georgia,21
2026-07-16,Laptop Stand,Georgia,17
2026-07-17,Laptop Stand,Georgia,17
2026-07-18,Laptop Stand,Georgia,13
2026-07-19,Laptop Stand,Georgia,14
2026-07-20,Laptop Stand,Georgia,20
2026-07-21,Laptop Stand,Georgia,21
2026-07-22,Laptop Stand,Georgia,22
2026-07-23,Laptop Stand,Georgia,19
2026-07-24,Laptop Stand,Georgia,20
2026-07-25,Laptop Stand,Georgia,13
2026-07-26,Laptop Stand,Georgia,12
2026-07-27,Laptop Stand,Georgia,17
2026-07-28,Laptop Stand,Georgia,22
2026-07-29,Laptop Stand,Georgia,19
2026-07-30,Laptop Stand,Georgia,16
2026-07-31,Laptop Stand,Georgia,20
2026-08-01,Laptop Stand,Georgia,12
2026-08-02,Laptop Stand,Georgia,17
2026-08-03,Laptop Stand,Georgia,18
2026-08-04,Laptop Stand,Georgia,21
2026-08-05,Laptop Stand,Georgia,21
2026-08-06,Laptop Stand,Georgia,17
2026-08-07,Laptop Stand,Georgia,19
2026-08-08,Laptop Stand,Georgia,15
2026-08-09,Laptop Stand,Georgia,14
2026-08-10,Laptop Stand,Georgia,20
2026-08-11,Laptop Stand,Georgia,16
2026-08-12,Laptop Stand,Georgia,20
2026-08-13,Laptop Stand,Georgia,18
2026-08-14,Laptop Stand,Georgia,20
2026-08-15,Laptop Stand,Georgia,15
2026-08-16,Laptop Stand,Georgia,15
2026-08-17,Laptop Stand,Georgia,20
2026-08-18,Laptop Stand,Georgia,20
2026-08-19,Laptop Stand,Georgia,21
2026-08-20,Laptop Stand,Georgia,22
2026-08-21,Laptop Stand,Georgia,19
2026-08-22,Laptop Stand,Georgia,14
2026-08-23,Laptop Stand,Georgia,15
2026-08-24,Laptop Stand,Georgia,18
2026-08-25,Laptop Stand,Georgia,16
2026-08-26,Laptop Stand,Georgia,20
2026-08-27,Laptop Stand,Georgia,18
2026-08-28,Laptop Stand,Georgia,16
2026-08-29,Laptop Stand,Georgia,15
2026-08-30,Laptop Stand,Georgia,16
2026-08-31,Laptop Stand,Georgia,15
2026-09-01,Laptop Stand,Georgia,20
2026-09-02,Laptop Stand,Georgia,13
2026-09-03,Laptop Stand,Georgia,17
2026-09-04,Laptop Stand,Georgia,22
2026-09-05,Laptop Stand,Georgia,13
2026-09-06,Laptop Stand,Georgia,13
2026-09-07,Laptop Stand,Georgia,20
2026-09-08,Laptop Stand,Georgia,14
2026-09-09,Laptop Stand,Georgia,18
2026-09-10,Laptop Stand,Georgia,18
2026-09-11,Laptop Stand,Georgia,22
2026-09-12,Laptop Stand,Georgia,11
2026-09-13,Laptop Stand,Georgia,13
2026-09-14,Laptop Stand,Georgia,16
2026-09-15,Laptop Stand,Georgia,16
2026-09-16,Laptop Stand,Georgia,21
2026-09-17,Laptop Stand,Georgia,18
2026-09-18,Laptop Stand,Georgia,17
2026-09-19,Laptop Stand,Georgia,12
2026-09-20,Laptop Stand,Georgia,12
2026-09-21,Laptop Stand,Georgia,17
2026-09-22,Laptop Stand,Georgia,15
2026-09-23,Laptop Stand,Georgia,18
2026-09-24,Laptop Stand,Georgia,17
2026-09-25,Laptop Stand,Georgia,16
2026-09-26,Laptop Stand,Georgia,13
2026-09-27,Laptop Stand,Georgia,14
2026-09-28,Laptop Stand,Georgia,17
2025-01-01,Laptop Stand,Texas,23
2025-01-02,Laptop Stand,Texas,30
2025-01-03,Laptop Stand,Texas,30
2025-01-04,Laptop Stand,Texas,15
2025-01-05,Laptop Stand,Texas,15
2025-01-06,Laptop Stand,Texas,21
2025-01-07,Laptop Stand,Texas,27
2025-01-08,Laptop Stand,Texas,22
2025-01-09,Laptop Stand,Texas,24
2025-01-10,Laptop Stand,Texas,29
2025-01-11,Laptop Stand,Texas,17
2025-01-12,Laptop Stand,Texas,19
2025-01-13,Laptop Stand,Texas,25
2025-01-14,Laptop Stand,Texas,22
2025-01-15,Laptop Stand,Texas,27
2025-01-16,Laptop Stand,Texas,21
2025-01-17,Laptop Stand,Texas,27
2025-01-18,Laptop Stand,Texas,16
2025-01-19,Laptop Stand,Texas,16
2025-01-20,Laptop Stand,Texas,20
2025-01-21,Laptop Stand,Texas,21
2025-01-22,Laptop Stand,Texas,22
2025-01-23,Laptop Stand,Texas,17
2025-01-24,Laptop Stand,Texas,23
2025-01-25,Laptop Stand,Texas,16
2025-01-26,Laptop Stand,Texas,19
2025-01-27,Laptop Stand,Texas,25
2025-01-28,Laptop Stand,Texas,22
2025-01-29,Laptop Stand,Texas,22
2025-01-30,Laptop Stand,Texas,23
2025-01-31,Laptop Stand,Texas,28
2025-02-01,Laptop Stand,Texas,16
2025-02-02,Laptop Stand,Texas,17
2025-02-03,Laptop Stand,Texas,22
2025-02-04,Laptop Stand,Texas,20
2025-02-05,Laptop Stand,Texas,26
2025-02-06,Laptop Stand,Texas,26
2025-02-07,Laptop Stand,Texas,29
2025-02-08,Laptop Stand,Texas,21
2025-02-09,Laptop Stand,Texas,24
2025-02-10,Laptop Stand,Texas,25
2025-02-11,Laptop Stand,Texas,24
2025-02-12,Laptop Stand,Texas,21
2025-02-13,Laptop Stand,Texas,27
2025-02-14,Laptop Stand,Texas,25
2025-02-15,Laptop Stand,Texas,20
2025-02-16,Laptop Stand,Texas,16
2025-02-17,Laptop Stand,Texas,26
2025-02-18,Laptop Stand,Texas,26
2025-02-19,Laptop Stand,Texas,25
2025-02-20,Laptop Stand,Texas,23
2025-02-21,Laptop Stand,Texas,28
2025-02-22,Laptop Stand,Texas,23
2025-02-23,Laptop Stand,Texas,16
2025-02-24,Laptop Stand,Texas,27
2025-02-25,Laptop Stand,Texas,16
2025-02-26,Laptop Stand,Texas,27
2025-02-27,Laptop Stand,Texas,19
2025-02-28,Laptop Stand,Texas,23
2025-03-01,Laptop Stand,Texas,16
2025-03-02,Laptop Stand,Texas,19
2025-03-03,Laptop Stand,Texas,29
2025-03-04,Laptop Stand,Texas,20
2025-03-05,Laptop Stand,Texas,25
2025-03-06,Laptop Stand,Texas,24
2025-03-07,Laptop Stand,Texas,31
2025-03-08,Laptop Stand,Texas,20
2025-03-09,Laptop Stand,Texas,16
2025-03-10,Laptop Stand,Texas,24
2025-03-11,Laptop Stand,Texas,31
2025-03-12,Laptop Stand,Texas,28
2025-03-13,Laptop Stand,Texas,23
2025-03-14,Laptop Stand,Texas,25
2025-03-15,Laptop Stand,Texas,18
2025-03-16,Laptop Stand,Texas,18
2025-03-17,Laptop Stand,Texas,21
2025-03-18,Laptop Stand,Texas,24
2025-03-19,Laptop Stand,Texas,30
2025-03-20,Laptop Stand,Texas,25
2025-03-21,Laptop Stand,Texas,26
2025-03-22,Laptop Stand,Texas,19
2025-03-23,Laptop Stand,Texas,24
2025-03-24,Laptop Stand,Texas,26
2025-03-25,Laptop Stand,Texas,29
2025-03-26,Laptop Stand,Texas,24
2025-03-27,Laptop Stand,Texas,25
2025-03-28,Laptop Stand,Texas,26
2025-03-29,Laptop Stand,Texas,17
2025-03-30,Laptop Stand,Texas,19
2025-03-31,Laptop Stand,Texas,29
2025-04-01,Laptop Stand,Texas,24
2025-04-02,Laptop Stand,Texas,26
2025-04-03,Laptop Stand,Texas,29
2025-04-04,Laptop Stand,Texas,24
2025-04-05,Laptop Stand,Texas,22
2025-04-06,Laptop Stand,Texas,19
2025-04-07,Laptop Stand,Texas,26
2025-04-08,Laptop Stand,Texas,20
2025-04-09,Laptop Stand,Texas,25
2025-04-10,Laptop Stand,Texas,28
2025-04-11,Laptop Stand,Texas,32
2025-04-12,Laptop Stand,Texas,21
2025-04-13,Laptop Stand,Texas,22
2025-04-14,Laptop Stand,Texas,23
2025-04-15,Laptop Stand,Texas,26
2025-04-16,Laptop Stand,Texas,30
2025-04-17,Laptop Stand,Texas,24
2025-04-18,Laptop Stand,Texas,29
2025-04-19,Laptop Stand,Texas,21
2025-04-20,Laptop Stand,Texas,20
2025-04-21,Laptop Stand,Texas,25
2025-04-22,Laptop Stand,Texas,23
2025-04-23,Laptop Stand,Texas,32
2025-04-24,Laptop Stand,Texas,28
2025-04-25,Laptop Stand,Texas,27
2025-04-26,Laptop Stand,Texas,18
2025-04-27,Laptop Stand,Texas,19
2025-04-28,Laptop Stand,Texas,27
2025-04-29,Laptop Stand,Texas,28
2025-04-30,Laptop Stand,Texas,29
2025-05-01,Laptop Stand,Texas,24
2025-05-02,Laptop Stand,Texas,21
2025-05-03,Laptop Stand,Texas,19
2025-05-04,Laptop Stand,Texas,15
2025-05-05,Laptop Stand,Texas,25
2025-05-06,Laptop Stand,Texas,24
2025-05-07,Laptop Stand,Texas,27
2025-05-08,Laptop Stand,Texas,32
2025-05-09,Laptop Stand,Texas,20
2025-05-10,Laptop Stand,Texas,24
2025-05-11,Laptop Stand,Texas,18
2025-05-12,Laptop Stand,Texas,27
2025-05-13,Laptop Stand,Texas,22
2025-05-14,Laptop Stand,Texas,29
2025-05-15,Laptop Stand,Texas,26
2025-05-16,Laptop Stand,Texas,26
2025-05-17,Laptop Stand,Texas,15
2025-05-18,Laptop Stand,Texas,19
2025-05-19,Laptop Stand,Texas,29
2025-05-20,Laptop Stand,Texas,25
2025-05-21,Laptop Stand,Texas,30
2025-05-22,Laptop Stand,Texas,29
2025-05-23,Laptop Stand,Texas,24
2025-05-24,Laptop Stand,Texas,23
2025-05-25,Laptop Stand,Texas,19
2025-05-26,Laptop Stand,Texas,26
2025-05-27,Laptop Stand,Texas,26
2025-05-28,Laptop Stand,Texas,26
2025-05-29,Laptop Stand,Texas,18
2025-05-30,Laptop Stand,Texas,25
2025-05-31,Laptop Stand,Texas,16
2025-06-01,Laptop Stand,Texas,22
2025-06-02,Laptop Stand,Texas,30
2025-06-03,Laptop Stand,Texas,27
2025-06-04,Laptop Stand,Texas,24
2025-06-05,Laptop Stand,Texas,22
2025-06-06,Laptop Stand,Texas,23
2025-06-07,Laptop Stand,Texas,23
2025-06-08,Laptop Stand,Texas,17
2025-06-09,Laptop Stand,Texas,18
2025-06-10,Laptop Stand,Texas,28
2025-06-11,Laptop Stand,Texas,29
2025-06-12,Laptop Stand,Texas,30
2025-06-13,Laptop Stand,Texas,28
2025-06-14,Laptop Stand,Texas,21
2025-06-15,Laptop Stand,Texas,18
2025-06-16,Laptop Stand,Texas,19
2025-06-17,Laptop Stand,Texas,25
2025-06-18,Laptop Stand,Texas,27
2025-06-19,Laptop Stand,Texas,25
2025-06-20,Laptop Stand,Texas,24
2025-06-21,Laptop Stand,Texas,16
2025-06-22,Laptop Stand,Texas,16
2025-06-23,Laptop Stand,Texas,30
2025-06-24,Laptop Stand,Texas,31
2025-06-25,Laptop Stand,Texas,25
2025-06-26,Laptop Stand,Texas,26
2025-06-27,Laptop Stand,Texas,22
2025-06-28,Laptop Stand,Texas,20
2025-06-29,Laptop Stand,Texas,22
2025-06-30,Laptop Stand,Texas,20
2025-07-01,Laptop Stand,Texas,25
2025-07-02,Laptop Stand,Texas,25
2025-07-03,Laptop Stand,Texas,25
2025-07-04,Laptop Stand,Texas,28
2025-07-05,Laptop Stand,Texas,21
2025-07-06,Laptop Stand,Texas,17
2025-07-07,Laptop Stand,Texas,25
2025-07-08,Laptop Stand,Texas,24
2025-07-09,Laptop Stand,Texas,22
2025-07-10,Laptop Stand,Texas,24
2025-07-11,Laptop Stand,Texas,25
2025-07-12,Laptop Stand,Texas,18
2025-07-13,Laptop Stand,Texas,15
2025-07-14,Laptop Stand,Texas,22
2025-07-15,Laptop Stand,Texas,22
2025-07-16,Laptop Stand,Texas,21
2025-07-17,Laptop Stand,Texas,24
2025-07-18,Laptop Stand,Texas,25
2025-07-19,Laptop Stand,Texas,19
2025-07-20,Laptop Stand,Texas,15
2025-07-21,Laptop Stand,Texas,22
2025-07-22,Laptop Stand,Texas,28
2025-07-23,Laptop Stand,Texas,23
2025-07-24,Laptop Stand,Texas,24
2025-07-25,Laptop Stand,Texas,23
2025-07-26,Laptop Stand,Texas,20
2025-07-27,Laptop Stand,Texas,20
2025-07-28,Laptop Stand,Texas,27
2025-07-29,Laptop Stand,Texas,24
2025-07-30,Laptop Stand,Texas,21
2025-07-31,Laptop Stand,Texas,29
2025-08-01,Laptop Stand,Texas,24
2025-08-02,Laptop Stand,Texas,15
2025-08-03,Laptop Stand,Texas,19
2025-08-04,Laptop Stand,Texas,21
2025-08-05,Laptop Stand,Texas,26
2025-08-06,Laptop Stand,Texas,26
2025-08-07,Laptop Stand,Texas,20
2025-08-08,Laptop Stand,Texas,24
2025-08-09,Laptop Stand,Texas,18
2025-08-10,Laptop Stand,Texas,21
2025-08-11,Laptop Stand,Texas,20
2025-08-12,Laptop Stand,Texas,26
2025-08-13,Laptop Stand,Texas,22
2025-08-14,Laptop Stand,Texas,19
2025-08-15,Laptop Stand,Texas,22
2025-08-16,Laptop Stand,Texas,16
2025-08-17,Laptop Stand,Texas,14
2025-08-18,Laptop Stand,Texas,23
2025-08-19,Laptop Stand,Texas,25
2025-08-20,Laptop Stand,Texas,23
2025-08-21,Laptop Stand,Texas,21
2025-08-22,Laptop Stand,Texas,22
2025-08-23,Laptop Stand,Texas,16
2025-08-24,Laptop Stand,Texas,17
2025-08-25,Laptop Stand,Texas,25
2025-08-26,Laptop Stand,Texas,23
2025-08-27,Laptop Stand,Texas,18
2025-08-28,Laptop Stand,Texas,21
2025-08-29,Laptop Stand,Texas,23
2025-08-30,Laptop Stand,Texas,18
2025-08-31,Laptop Stand,Texas,19
2025-09-01,Laptop Stand,Texas,26
2025-09-02,Laptop Stand,Texas,21
2025-09-03,Laptop Stand,Texas,23
2025-09-04,Laptop Stand,Texas,17
2025-09-05,Laptop Stand,Texas,22
2025-09-06,Laptop Stand,Texas,13
2025-09-07,Laptop Stand,Texas,15
2025-09-08,Laptop Stand,Texas,29
2025-09-09,Laptop Stand,Texas,22
2025-09-10,Laptop Stand,Texas,19
2025-09-11,Laptop Stand,Texas,22
2025-09-12,Laptop Stand,Texas,20
2025-09-13,Laptop Stand,Texas,14
2025-09-14,Laptop Stand,Texas,19
2025-09-15,Laptop Stand,Texas,24
2025-09-16,Laptop Stand,Texas,22
2025-09-17,Laptop Stand,Texas,20
2025-09-18,Laptop Stand,Texas,20
2025-09-19,Laptop Stand,Texas,25
2025-09-20,Laptop Stand,Texas,16
2025-09-21,Laptop Stand,Texas,10
2025-09-22,Laptop Stand,Texas,27
2025-09-23,Laptop Stand,Texas,22
2025-09-24,Laptop Stand,Texas,22
2025-09-25,Laptop Stand,Texas,24
2025-09-26,Laptop Stand,Texas,22
2025-09-27,Laptop Stand,Texas,17
2025-09-28,Laptop Stand,Texas,15
2025-09-29,Laptop Stand,Texas,18
2025-09-30,Laptop Stand,Texas,22
2025-10-01,Laptop Stand,Texas,24
2025-10-02,Laptop Stand,Texas,19
2025-10-03,Laptop Stand,Texas,19
2025-10-04,Laptop Stand,Texas,17
2025-10-05,Laptop Stand,Texas,14
2025-10-06,Laptop Stand,Texas,20
2025-10-07,Laptop Stand,Texas,20
2025-10-08,Laptop Stand,Texas,21
2025-10-09,Laptop Stand,Texas,17
2025-10-10,Laptop Stand,Texas,19
2025-10-11,Laptop Stand,Texas,16
2025-10-12,Laptop Stand,Texas,16
2025-10-13,Laptop Stand,Texas,24
2025-10-14,Laptop Stand,Texas,25
2025-10-15,Laptop Stand,Texas,24
2025-10-16,Laptop Stand,Texas,23
2025-10-17,Laptop Stand,Texas,20
2025-10-18,Laptop Stand,Texas,14
2025-10-19,Laptop Stand,Texas,15
2025-10-20,Laptop Stand,Texas,22
2025-10-21,Laptop Stand,Texas,23
2025-10-22,Laptop Stand,Texas,22
2025-10-23,Laptop Stand,Texas,20
2025-10-24,Laptop Stand,Texas,23
2025-10-25,Laptop Stand,Texas,17
2025-10-26,Laptop Stand,Texas,17
2025-10-27,Laptop Stand,Texas,21
2025-10-28,Laptop Stand,Texas,19
2025-10-29,Laptop Stand,Texas,19
2025-10-30,Laptop Stand,Texas,19
2025-10-31,Laptop Stand,Texas,21
2025-11-01,Laptop Stand,Texas,19
2025-11-02,Laptop Stand,Texas,15
2025-11-03,Laptop Stand,Texas,23
2025-11-04,Laptop Stand,Texas,26
2025-11-05,Laptop Stand,Texas,22
2025-11-06,Laptop Stand,Texas,26
2025-11-07,Laptop Stand,Texas,24
2025-11-08,Laptop Stand,Texas,17
2025-11-09,Laptop Stand,Texas,18
2025-11-10,Laptop Stand,Texas,26
2025-11-11,Laptop Stand,Texas,22
2025-11-12,Laptop Stand,Texas,24
2025-11-13,Laptop Stand,Texas,26
2025-11-14,Laptop Stand,Texas,23
2025-11-15,Laptop Stand,Texas,15
2025-11-16,Laptop Stand,Texas,15
2025-11-17,Laptop Stand,Texas,24
2025-11-18,Laptop Stand,Texas,21
2025-11-19,Laptop Stand,Texas,24
2025-11-20,Laptop Stand,Texas,30
2025-11-21,Laptop Stand,Texas,21
2025-11-22,Laptop Stand,Texas,18
2025-11-23,Laptop Stand,Texas,23
2025-11-24,Laptop Stand,Texas,26
2025-11-25,Laptop Stand,Texas,24
2025-11-26,Laptop Stand,Texas,24
2025-11-27,Laptop Stand,Texas,26
2025-11-28,Laptop Stand,Texas,30
2025-11-29,Laptop Stand,Texas,17
2025-11-30,Laptop Stand,Texas,17
2025-12-01,Laptop Stand,Texas,22
2025-12-02,Laptop Stand,Texas,26
2025-12-03,Laptop Stand,Texas,22
2025-12-04,Laptop Stand,Texas,25
2025-12-05,Laptop Stand,Texas,23
2025-12-06,Laptop Stand,Texas,22
2025-12-07,Laptop Stand,Texas,18
2025-12-08,Laptop Stand,Texas,27
2025-12-09,Laptop Stand,Texas,21
2025-12-10,Laptop Stand,Texas,27
2025-12-11,Laptop Stand,Texas,22
2025-12-12,Laptop Stand,Texas,25
2025-12-13,Laptop Stand,Texas,24
2025-12-14,Laptop Stand,Texas,21
2025-12-15,Laptop Stand,Texas,26
2025-12-16,Laptop Stand,Texas,36
2025-12-17,Laptop Stand,Texas,23
2025-12-18,Laptop Stand,Texas,30
2025-12-19,Laptop Stand,Texas,21
2025-12-20,Laptop Stand,Texas,19
2025-12-21,Laptop Stand,Texas,16
2025-12-22,Laptop Stand,Texas,27
2025-12-23,Laptop Stand,Texas,26
2025-12-24,Laptop Stand,Texas,25
2025-12-25,Laptop Stand,Texas,30
2025-12-26,Laptop Stand,Texas,24
2025-12-27,Laptop Stand,Texas,20
2025-12-28,Laptop Stand,Texas,21
2025-12-29,Laptop Stand,Texas,21
2025-12-30,Laptop Stand,Texas,24
2025-12-31,Laptop Stand,Texas,26
2026-01-01,Laptop Stand,Texas,25
2026-01-02,Laptop Stand,Texas,28
2026-01-03,Laptop Stand,Texas,17
2026-01-04,Laptop Stand,Texas,17
2026-01-05,Laptop Stand,Texas,21
2026-01-06,Laptop Stand,Texas,24
2026-01-07,Laptop Stand,Texas,23
2026-01-08,Laptop Stand,Texas,23
2026-01-09,Laptop Stand,Texas,23
2026-01-10,Laptop Stand,Texas,18
2026-01-11,Laptop Stand,Texas,16
2026-01-12,Laptop Stand,Texas,21
2026-01-13,Laptop Stand,Texas,25
2026-01-14,Laptop Stand,Texas,15
2026-01-15,Laptop Stand,Texas,22
2026-01-16,Laptop Stand,Texas,20
2026-01-17,Laptop Stand,Texas,20
2026-01-18,Laptop Stand,Texas,16
2026-01-19,Laptop Stand,Texas,22
2026-01-20,Laptop Stand,Texas,23
2026-01-21,Laptop Stand,Texas,22
2026-01-22,Laptop Stand,Texas,22
2026-01-23,Laptop Stand,Texas,24
2026-01-24,Laptop Stand,Texas,16
2026-01-25,Laptop Stand,Texas,16
2026-01-26,Laptop Stand,Texas,21
2026-01-27,Laptop Stand,Texas,20
2026-01-28,Laptop Stand,Texas,24
2026-01-29,Laptop Stand,Texas,24
2026-01-30,Laptop Stand,Texas,19
2026-01-31,Laptop Stand,Texas,19
2026-02-01,Laptop Stand,Texas,20
2026-02-02,Laptop Stand,Texas,28
2026-02-03,Laptop Stand,Texas,26
2026-02-04,Laptop Stand,Texas,27
2026-02-05,Laptop Stand,Texas,31
2026-02-06,Laptop Stand,Texas,24
2026-02-07,Laptop Stand,Texas,16
2026-02-08,Laptop Stand,Texas,15
2026-02-09,Laptop Stand,Texas,30
2026-02-10,Laptop Stand,Texas,30
2026-02-11,Laptop Stand,Texas,22
2026-02-12,Laptop Stand,Texas,23
2026-02-13,Laptop Stand,Texas,24
2026-02-14,Laptop Stand,Texas,21
2026-02-15,Laptop Stand,Texas,15
2026-02-16,Laptop Stand,Texas,19
2026-02-17,Laptop Stand,Texas,31
2026-02-18,Laptop Stand,Texas,26
2026-02-19,Laptop Stand,Texas,26
2026-02-20,Laptop Stand,Texas,24
2026-02-21,Laptop Stand,Texas,19
2026-02-22,Laptop Stand,Texas,15
2026-02-23,Laptop Stand,Texas,22
2026-02-24,Laptop Stand,Texas,25
2026-02-25,Laptop Stand,Texas,18
2026-02-26,Laptop Stand,Texas,24
2026-02-27,Laptop Stand,Texas,24
2026-02-28,Laptop Stand,Texas,18
2026-03-01,Laptop Stand,Texas,18
2026-03-02,Laptop Stand,Texas,23
2026-03-03,Laptop Stand,Texas,20
2026-03-04,Laptop Stand,Texas,26
2026-03-05,Laptop Stand,Texas,25
2026-03-06,Laptop Stand,Texas,22
2026-03-07,Laptop Stand,Texas,19
2026-03-08,Laptop Stand,Texas,18
2026-03-09,Laptop Stand,Texas,25
2026-03-10,Laptop Stand,Texas,19
2026-03-11,Laptop Stand,Texas,28
2026-03-12,Laptop Stand,Texas,22
2026-03-13,Laptop Stand,Texas,26
2026-03-14,Laptop Stand,Texas,17
2026-03-15,Laptop Stand,Texas,18
2026-03-16,Laptop Stand,Texas,30
2026-03-17,Laptop Stand,Texas,28
2026-03-18,Laptop Stand,Texas,29
2026-03-19,Laptop Stand,Texas,27
2026-03-20,Laptop Stand,Texas,27
2026-03-21,Laptop Stand,Texas,15
2026-03-22,Laptop Stand,Texas,18
2026-03-23,Laptop Stand,Texas,25
2026-03-24,Laptop Stand,Texas,30
2026-03-25,Laptop Stand,Texas,24
2026-03-26,Laptop Stand,Texas,27
2026-03-27,Laptop Stand,Texas,27
2026-03-28,Laptop Stand,Texas,22
2026-03-29,Laptop Stand,Texas,19
2026-03-30,Laptop Stand,Texas,29
2026-03-31,Laptop Stand,Texas,21
2026-04-01,Laptop Stand,Texas,21
2026-04-02,Laptop Stand,Texas,19
2026-04-03,Laptop Stand,Texas,29
2026-04-04,Laptop Stand,Texas,21
2026-04-05,Laptop Stand,Texas,21
2026-04-06,Laptop Stand,Texas,24
2026-04-07,Laptop Stand,Texas,25
2026-04-08,Laptop Stand,Texas,26
2026-04-09,Laptop Stand,Texas,31
2026-04-10,Laptop Stand,Texas,32
2026-04-11,Laptop Stand,Texas,21
2026-04-12,Laptop Stand,Texas,20
2026-04-13,Laptop Stand,Texas,31
2026-04-14,Laptop Stand,Texas,26
2026-04-15,Laptop Stand,Texas,25
2026-04-16,Laptop Stand,Texas,26
2026-04-17,Laptop Stand,Texas,23
2026-04-18,Laptop Stand,Texas,19
2026-04-19,Laptop Stand,Texas,17
2026-04-20,Laptop Stand,Texas,30
2026-04-21,Laptop Stand,Texas,28
2026-04-22,Laptop Stand,Texas,31
2026-04-23,Laptop Stand,Texas,21
2026-04-24,Laptop Stand,Texas,32
2026-04-25,Laptop Stand,Texas,16
2026-04-26,Laptop Stand,Texas,17
2026-04-27,Laptop Stand,Texas,24
2026-04-28,Laptop Stand,Texas,30
2026-04-29,Laptop Stand,Texas,27
2026-04-30,Laptop Stand,Texas,26
2026-05-01,Laptop Stand,Texas,23
2026-05-02,Laptop Stand,Texas,16
2026-05-03,Laptop Stand,Texas,22
2026-05-04,Laptop Stand,Texas,28
2026-05-05,Laptop Stand,Texas,30
2026-05-06,Laptop Stand,Texas,27
2026-05-07,Laptop Stand,Texas,18
2026-05-08,Laptop Stand,Texas,22
2026-05-09,Laptop Stand,Texas,20
2026-05-10,Laptop Stand,Texas,18
2026-05-11,Laptop Stand,Texas,24
2026-05-12,Laptop Stand,Texas,23
2026-05-13,Laptop Stand,Texas,29
2026-05-14,Laptop Stand,Texas,27
2026-05-15,Laptop Stand,Texas,28
2026-05-16,Laptop Stand,Texas,18
2026-05-17,Laptop Stand,Texas,19
2026-05-18,Laptop Stand,Texas,22
2026-05-19,Laptop Stand,Texas,26
2026-05-20,Laptop Stand,Texas,18
2026-05-21,Laptop Stand,Texas,21
2026-05-22,Laptop Stand,Texas,25
2026-05-23,Laptop Stand,Texas,24
2026-05-24,Laptop Stand,Texas,15
2026-05-25,Laptop Stand,Texas,22
2026-05-26,Laptop Stand,Texas,27
2026-05-27,Laptop Stand,Texas,31
2026-05-28,Laptop Stand,Texas,27
2026-05-29,Laptop Stand,Texas,28
2026-05-30,Laptop Stand,Texas,18
2026-05-31,Laptop Stand,Texas,18
2026-06-01,Laptop Stand,Texas,25
2026-06-02,Laptop Stand,Texas,23
2026-06-03,Laptop Stand,Texas,27
2026-06-04,Laptop Stand,Texas,20
2026-06-05,Laptop Stand,Texas,28
2026-06-06,Laptop Stand,Texas,18
2026-06-07,Laptop Stand,Texas,18
2026-06-08,Laptop Stand,Texas,20
2026-06-09,Laptop Stand,Texas,22
2026-06-10,Laptop Stand,Texas,29
2026-06-11,Laptop Stand,Texas,24
2026-06-12,Laptop Stand,Texas,26
2026-06-13,Laptop Stand,Texas,16
2026-06-14,Laptop Stand,Texas,18
2026-06-15,Laptop Stand,Texas,21
2026-06-16,Laptop Stand,Texas,25
2026-06-17,Laptop Stand,Texas,26
2026-06-18,Laptop Stand,Texas,26
2026-06-19,Laptop Stand,Texas,22
2026-06-20,Laptop Stand,Texas,18
2026-06-21,Laptop Stand,Texas,19
2026-06-22,Laptop Stand,Texas,24
2026-06-23,Laptop Stand,Texas,24
2026-06-24,Laptop Stand,Texas,31
2026-06-25,Laptop Stand,Texas,22
2026-06-26,Laptop Stand,Texas,28
2026-06-27,Laptop Stand,Texas,16
2026-06-28,Laptop Stand,Texas,20
2026-06-29,Laptop Stand,Texas,27
2026-06-30,Laptop Stand,Texas,23
2026-07-01,Laptop Stand,Texas,20
2026-07-02,Laptop Stand,Texas,18
2026-07-03,Laptop Stand,Texas,22
2026-07-04,Laptop Stand,Texas,18
2026-07-05,Laptop Stand,Texas,15
2026-07-06,Laptop Stand,Texas,24
2026-07-07,Laptop Stand,Texas,19
2026-07-08,Laptop Stand,Texas,23
2026-07-09,Laptop Stand,Texas,20
2026-07-10,Laptop Stand,Texas,23
2026-07-11,Laptop Stand,Texas,16
2026-07-12,Laptop Stand,Texas,15
2026-07-13,Laptop Stand,Texas,22
2026-07-14,Laptop Stand,Texas,21
2026-07-15,Laptop Stand,Texas,20
2026-07-16,Laptop Stand,Texas,27
2026-07-17,Laptop Stand,Texas,23
2026-07-18,Laptop Stand,Texas,13
2026-07-19,Laptop Stand,Texas,16
2026-07-20,Laptop Stand,Texas,26
2026-07-21,Laptop Stand,Texas,21
2026-07-22,Laptop Stand,Texas,28
2026-07-23,Laptop Stand,Texas,21
2026-07-24,Laptop Stand,Texas,25
2026-07-25,Laptop Stand,Texas,19
2026-07-26,Laptop Stand,Texas,18
2026-07-27,Laptop Stand,Texas,20
2026-07-28,Laptop Stand,Texas,21
2026-07-29,Laptop Stand,Texas,27
2026-07-30,Laptop Stand,Texas,21
2026-07-31,Laptop Stand,Texas,26
2026-08-01,Laptop Stand,Texas,15
2026-08-02,Laptop Stand,Texas,16
2026-08-03,Laptop Stand,Texas,18
2026-08-04,Laptop Stand,Texas,20
2026-08-05,Laptop Stand,Texas,20
2026-08-06,Laptop Stand,Texas,23
2026-08-07,Laptop Stand,Texas,22
2026-08-08,Laptop Stand,Texas,17
2026-08-09,Laptop Stand,Texas,15
2026-08-10,Laptop Stand,Texas,20
2026-08-11,Laptop Stand,Texas,23
2026-08-12,Laptop Stand,Texas,19
2026-08-13,Laptop Stand,Texas,25
2026-08-14,Laptop Stand,Texas,22
2026-08-15,Laptop Stand,Texas,16
2026-08-16,Laptop Stand,Texas,17
2026-08-17,Laptop Stand,Texas,22
2026-08-18,Laptop Stand,Texas,18
2026-08-19,Laptop Stand,Texas,19
2026-08-20,Laptop Stand,Texas,25
2026-08-21,Laptop Stand,Texas,22
2026-08-22,Laptop Stand,Texas,13
2026-08-23,Laptop Stand,Texas,17
2026-08-24,Laptop Stand,Texas,21
2026-08-25,Laptop Stand,Texas,20
2026-08-26,Laptop Stand,Texas,19
2026-08-27,Laptop Stand,Texas,25
2026-08-28,Laptop Stand,Texas,17
2026-08-29,Laptop Stand,Texas,15
2026-08-30,Laptop Stand,Texas,16
2026-08-31,Laptop Stand,Texas,26
2026-09-01,Laptop Stand,Texas,22
2026-09-02,Laptop Stand,Texas,19
2026-09-03,Laptop Stand,Texas,25
2026-09-04,Laptop Stand,Texas,18
2026-09-05,Laptop Stand,Texas,16
2026-09-06,Laptop Stand,Texas,16
2026-09-07,Laptop Stand,Texas,19
2026-09-08,Laptop Stand,Texas,23
2026-09-09,Laptop Stand,Texas,20
2026-09-10,Laptop Stand,Texas,23
2026-09-11,Laptop Stand,Texas,16
2026-09-12,Laptop Stand,Texas,16
2026-09-13,Laptop Stand,Texas,15
2026-09-14,Laptop Stand,Texas,24
2026-09-15,Laptop Stand,Texas,21
2026-09-16,Laptop Stand,Texas,24
2026-09-17,Laptop Stand,Texas,22
2026-09-18,Laptop Stand,Texas,21
2026-09-19,Laptop Stand,Texas,17
2026-09-20,Laptop Stand,Texas,17
2026-09-21,Laptop Stand,Texas,22
2026-09-22,Laptop Stand,Texas,15
2026-09-23,Laptop Stand,Texas,19
2026-09-24,Laptop Stand,Texas,25
2026-09-25,Laptop Stand,Texas,18
2026-09-26,Laptop Stand,Texas,17
2026-09-27,Laptop Stand,Texas,17
2026-09-28,Laptop Stand,Texas,19
2025-01-01,Laptop Stand,North Carolina,14
2025-01-02,Laptop Stand,North Carolina,18
2025-01-03,Laptop Stand,North Carolina,24
2025-01-04,Laptop Stand,North Carolina,12
2025-01-05,Laptop Stand,North Carolina,13
2025-01-06,Laptop Stand,North Carolina,17
2025-01-07,Laptop Stand,North Carolina,22
2025-01-08,Laptop Stand,North Carolina,18
2025-01-09,Laptop Stand,North Carolina,18
2025-01-10,Laptop Stand,North Carolina,22
2025-01-11,Laptop Stand,North Carolina,15
2025-01-12,Laptop Stand,North Carolina,12
2025-01-13,Laptop Stand,North Carolina,16
2025-01-14,Laptop Stand,North Carolina,22
2025-01-15,Laptop Stand,North Carolina,19
2025-01-16,Laptop Stand,North Carolina,16
2025-01-17,Laptop Stand,North Carolina,15
2025-01-18,Laptop Stand,North Carolina,12
2025-01-19,Laptop Stand,North Carolina,12
2025-01-20,Laptop Stand,North Carolina,14
2025-01-21,Laptop Stand,North Carolina,17
2025-01-22,Laptop Stand,North Carolina,17
2025-01-23,Laptop Stand,North Carolina,18
2025-01-24,Laptop Stand,North Carolina,23
2025-01-25,Laptop Stand,North Carolina,13
2025-01-26,Laptop Stand,North Carolina,14
2025-01-27,Laptop Stand,North Carolina,20
2025-01-28,Laptop Stand,North Carolina,18
2025-01-29,Laptop Stand,North Carolina,20
2025-01-30,Laptop Stand,North Carolina,20
2025-01-31,Laptop Stand,North Carolina,19
2025-02-01,Laptop Stand,North Carolina,20
2025-02-02,Laptop Stand,North Carolina,16
2025-02-03,Laptop Stand,North Carolina,18
2025-02-04,Laptop Stand,North Carolina,21
2025-02-05,Laptop Stand,North Carolina,18
2025-02-06,Laptop Stand,North Carolina,21
2025-02-07,Laptop Stand,North Carolina,17
2025-02-08,Laptop Stand,North Carolina,13
2025-02-09,Laptop Stand,North Carolina,15
2025-02-10,Laptop Stand,North Carolina,23
2025-02-11,Laptop Stand,North Carolina,21
2025-02-12,Laptop Stand,North Carolina,22
2025-02-13,Laptop Stand,North Carolina,21
2025-02-14,Laptop Stand,North Carolina,21
2025-02-15,Laptop Stand,North Carolina,14
2025-02-16,Laptop Stand,North Carolina,16
2025-02-17,Laptop Stand,North Carolina,23
2025-02-18,Laptop Stand,North Carolina,20
2025-02-19,Laptop Stand,North Carolina,20
2025-02-20,Laptop Stand,North Carolina,24
2025-02-21,Laptop Stand,North Carolina,20
2025-02-22,Laptop Stand,North Carolina,15
2025-02-23,Laptop Stand,North Carolina,16
2025-02-24,Laptop Stand,North Carolina,20
2025-02-25,Laptop Stand,North Carolina,18
2025-02-26,Laptop Stand,North Carolina,21
2025-02-27,Laptop Stand,North Carolina,20
2025-02-28,Laptop Stand,North Carolina,25
2025-03-01,Laptop Stand,North Carolina,17
2025-03-02,Laptop Stand,North Carolina,14
2025-03-03,Laptop Stand,North Carolina,23
2025-03-04,Laptop Stand,North Carolina,22
2025-03-05,Laptop Stand,North Carolina,24
2025-03-06,Laptop Stand,North Carolina,20
2025-03-07,Laptop Stand,North Carolina,21
2025-03-08,Laptop Stand,North Carolina,15
2025-03-09,Laptop Stand,North Carolina,15
2025-03-10,Laptop Stand,North Carolina,19
2025-03-11,Laptop Stand,North Carolina,22
2025-03-12,Laptop Stand,North Carolina,22
2025-03-13,Laptop Stand,North Carolina,24
2025-03-14,Laptop Stand,North Carolina,21
2025-03-15,Laptop Stand,North Carolina,15
2025-03-16,Laptop Stand,North Carolina,17
2025-03-17,Laptop Stand,North Carolina,19
2025-03-18,Laptop Stand,North Carolina,24
2025-03-19,Laptop Stand,North Carolina,24
2025-03-20,Laptop Stand,North Carolina,24
2025-03-21,Laptop Stand,North Carolina,22
2025-03-22,Laptop Stand,North Carolina,14
2025-03-23,Laptop Stand,North Carolina,16
2025-03-24,Laptop Stand,North Carolina,22
2025-03-25,Laptop Stand,North Carolina,20
2025-03-26,Laptop Stand,North Carolina,24
2025-03-27,Laptop Stand,North Carolina,22
2025-03-28,Laptop Stand,North Carolina,19
2025-03-29,Laptop Stand,North Carolina,19
2025-03-30,Laptop Stand,North Carolina,16
2025-03-31,Laptop Stand,North Carolina,18
2025-04-01,Laptop Stand,North Carolina,19
2025-04-02,Laptop Stand,North Carolina,25
2025-04-03,Laptop Stand,North Carolina,26
2025-04-04,Laptop Stand,North Carolina,24
2025-04-05,Laptop Stand,North Carolina,18
2025-04-06,Laptop Stand,North Carolina,18
2025-04-07,Laptop Stand,North Carolina,23
2025-04-08,Laptop Stand,North Carolina,22
2025-04-09,Laptop Stand,North Carolina,23
2025-04-10,Laptop Stand,North Carolina,23
2025-04-11,Laptop Stand,North Carolina,19
2025-04-12,Laptop Stand,North Carolina,17
2025-04-13,Laptop Stand,North Carolina,18
2025-04-14,Laptop Stand,North Carolina,21
2025-04-15,Laptop Stand,North Carolina,21
2025-04-16,Laptop Stand,North Carolina,23
2025-04-17,Laptop Stand,North Carolina,20
2025-04-18,Laptop Stand,North Carolina,18
2025-04-19,Laptop Stand,North Carolina,18
2025-04-20,Laptop Stand,North Carolina,15
2025-04-21,Laptop Stand,North Carolina,21
2025-04-22,Laptop Stand,North Carolina,20
2025-04-23,Laptop Stand,North Carolina,25
2025-04-24,Laptop Stand,North Carolina,24
2025-04-25,Laptop Stand,North Carolina,21
2025-04-26,Laptop Stand,North Carolina,13
2025-04-27,Laptop Stand,North Carolina,15
2025-04-28,Laptop Stand,North Carolina,23
2025-04-29,Laptop Stand,North Carolina,22
2025-04-30,Laptop Stand,North Carolina,22
2025-05-01,Laptop Stand,North Carolina,22
2025-05-02,Laptop Stand,North Carolina,23
2025-05-03,Laptop Stand,North Carolina,15
2025-05-04,Laptop Stand,North Carolina,16
2025-05-05,Laptop Stand,North Carolina,19
2025-05-06,Laptop Stand,North Carolina,27
2025-05-07,Laptop Stand,North Carolina,20
2025-05-08,Laptop Stand,North Carolina,22
2025-05-09,Laptop Stand,North Carolina,22
2025-05-10,Laptop Stand,North Carolina,15
2025-05-11,Laptop Stand,North Carolina,15
2025-05-12,Laptop Stand,North Carolina,21
2025-05-13,Laptop Stand,North Carolina,19
2025-05-14,Laptop Stand,North Carolina,22
2025-05-15,Laptop Stand,North Carolina,17
2025-05-16,Laptop Stand,North Carolina,25
2025-05-17,Laptop Stand,North Carolina,17
2025-05-18,Laptop Stand,North Carolina,17
2025-05-19,Laptop Stand,North Carolina,17
2025-05-20,Laptop Stand,North Carolina,19
2025-05-21,Laptop Stand,North Carolina,25
2025-05-22,Laptop Stand,North Carolina,31
2025-05-23,Laptop Stand,North Carolina,24
2025-05-24,Laptop Stand,North Carolina,17
2025-05-25,Laptop Stand,North Carolina,16
2025-05-26,Laptop Stand,North Carolina,19
2025-05-27,Laptop Stand,North Carolina,24
2025-05-28,Laptop Stand,North Carolina,18
2025-05-29,Laptop Stand,North Carolina,18
2025-05-30,Laptop Stand,North Carolina,18
2025-05-31,Laptop Stand,North Carolina,17
2025-06-01,Laptop Stand,North Carolina,15
2025-06-02,Laptop Stand,North Carolina,20
2025-06-03,Laptop Stand,North Carolina,20
2025-06-04,Laptop Stand,North Carolina,17
2025-06-05,Laptop Stand,North Carolina,19
2025-06-06,Laptop Stand,North Carolina,19
2025-06-07,Laptop Stand,North Carolina,12
2025-06-08,Laptop Stand,North Carolina,14
2025-06-09,Laptop Stand,North Carolina,18
2025-06-10,Laptop Stand,North Carolina,22
2025-06-11,Laptop Stand,North Carolina,22
2025-06-12,Laptop Stand,North Carolina,17
2025-06-13,Laptop Stand,North Carolina,19
2025-06-14,Laptop Stand,North Carolina,18
2025-06-15,Laptop Stand,North Carolina,13
2025-06-16,Laptop Stand,North Carolina,21
2025-06-17,Laptop Stand,North Carolina,20
2025-06-18,Laptop Stand,North Carolina,23
2025-06-19,Laptop Stand,North Carolina,21
2025-06-20,Laptop Stand,North Carolina,19
2025-06-21,Laptop Stand,North Carolina,15
2025-06-22,Laptop Stand,North Carolina,15
2025-06-23,Laptop Stand,North Carolina,20
2025-06-24,Laptop Stand,North Carolina,17
2025-06-25,Laptop Stand,North Carolina,23
2025-06-26,Laptop Stand,North Carolina,23
2025-06-27,Laptop Stand,North Carolina,18
2025-06-28,Laptop Stand,North Carolina,14
2025-06-29,Laptop Stand,North Carolina,14
2025-06-30,Laptop Stand,North Carolina,17
2025-07-01,Laptop Stand,North Carolina,15
2025-07-02,Laptop Stand,North Carolina,18
2025-07-03,Laptop Stand,North Carolina,18
2025-07-04,Laptop Stand,North Carolina,16
2025-07-05,Laptop Stand,North Carolina,14
2025-07-06,Laptop Stand,North Carolina,16
2025-07-07,Laptop Stand,North Carolina,21
2025-07-08,Laptop Stand,North Carolina,19
2025-07-09,Laptop Stand,North Carolina,15
2025-07-10,Laptop Stand,North Carolina,21
2025-07-11,Laptop Stand,North Carolina,19
2025-07-12,Laptop Stand,North Carolina,15
2025-07-13,Laptop Stand,North Carolina,17
2025-07-14,Laptop Stand,North Carolina,17
2025-07-15,Laptop Stand,North Carolina,12
2025-07-16,Laptop Stand,North Carolina,17
2025-07-17,Laptop Stand,North Carolina,20
2025-07-18,Laptop Stand,North Carolina,19
2025-07-19,Laptop Stand,North Carolina,12
2025-07-20,Laptop Stand,North Carolina,12
2025-07-21,Laptop Stand,North Carolina,18
2025-07-22,Laptop Stand,North Carolina,16
2025-07-23,Laptop Stand,North Carolina,20
2025-07-24,Laptop Stand,North Carolina,18
2025-07-25,Laptop Stand,North Carolina,18
2025-07-26,Laptop Stand,North Carolina,13
2025-07-27,Laptop Stand,North Carolina,14
2025-07-28,Laptop Stand,North Carolina,19
2025-07-29,Laptop Stand,North Carolina,20
2025-07-30,Laptop Stand,North Carolina,19
2025-07-31,Laptop Stand,North Carolina,19
2025-08-01,Laptop Stand,North Carolina,16
2025-08-02,Laptop Stand,North Carolina,12
2025-08-03,Laptop Stand,North Carolina,12
2025-08-04,Laptop Stand,North Carolina,22
2025-08-05,Laptop Stand,North Carolina,15
2025-08-06,Laptop Stand,North Carolina,17
2025-08-07,Laptop Stand,North Carolina,18
2025-08-08,Laptop Stand,North Carolina,17
2025-08-09,Laptop Stand,North Carolina,15
2025-08-10,Laptop Stand,North Carolina,13
2025-08-11,Laptop Stand,North Carolina,17
2025-08-12,Laptop Stand,North Carolina,20
2025-08-13,Laptop Stand,North Carolina,22
2025-08-14,Laptop Stand,North Carolina,21
2025-08-15,Laptop Stand,North Carolina,18
2025-08-16,Laptop Stand,North Carolina,13
2025-08-17,Laptop Stand,North Carolina,13
2025-08-18,Laptop Stand,North Carolina,18
2025-08-19,Laptop Stand,North Carolina,16
2025-08-20,Laptop Stand,North Carolina,20
2025-08-21,Laptop Stand,North Carolina,18
2025-08-22,Laptop Stand,North Carolina,18
2025-08-23,Laptop Stand,North Carolina,11
2025-08-24,Laptop Stand,North Carolina,13
2025-08-25,Laptop Stand,North Carolina,14
2025-08-26,Laptop Stand,North Carolina,17
2025-08-27,Laptop Stand,North Carolina,17
2025-08-28,Laptop Stand,North Carolina,19
2025-08-29,Laptop Stand,North Carolina,22
2025-08-30,Laptop Stand,North Carolina,14
2025-08-31,Laptop Stand,North Carolina,15
2025-09-01,Laptop Stand,North Carolina,18
2025-09-02,Laptop Stand,North Carolina,19
2025-09-03,Laptop Stand,North Carolina,21
2025-09-04,Laptop Stand,North Carolina,16
2025-09-05,Laptop Stand,North Carolina,15
2025-09-06,Laptop Stand,North Carolina,13
2025-09-07,Laptop Stand,North Carolina,12
2025-09-08,Laptop Stand,North Carolina,18
2025-09-09,Laptop Stand,North Carolina,17
2025-09-10,Laptop Stand,North Carolina,16
2025-09-11,Laptop Stand,North Carolina,20
2025-09-12,Laptop Stand,North Carolina,15
2025-09-13,Laptop Stand,North Carolina,14
2025-09-14,Laptop Stand,North Carolina,13
2025-09-15,Laptop Stand,North Carolina,14
2025-09-16,Laptop Stand,North Carolina,15
2025-09-17,Laptop Stand,North Carolina,16
2025-09-18,Laptop Stand,North Carolina,18
2025-09-19,Laptop Stand,North Carolina,16
2025-09-20,Laptop Stand,North Carolina,12
2025-09-21,Laptop Stand,North Carolina,10
2025-09-22,Laptop Stand,North Carolina,22
2025-09-23,Laptop Stand,North Carolina,17
2025-09-24,Laptop Stand,North Carolina,18
2025-09-25,Laptop Stand,North Carolina,16
2025-09-26,Laptop Stand,North Carolina,16
2025-09-27,Laptop Stand,North Carolina,15
2025-09-28,Laptop Stand,North Carolina,10
2025-09-29,Laptop Stand,North Carolina,18
2025-09-30,Laptop Stand,North Carolina,15
2025-10-01,Laptop Stand,North Carolina,16
2025-10-02,Laptop Stand,North Carolina,15
2025-10-03,Laptop Stand,North Carolina,15
2025-10-04,Laptop Stand,North Carolina,12
2025-10-05,Laptop Stand,North Carolina,8
2025-10-06,Laptop Stand,North Carolina,16
2025-10-07,Laptop Stand,North Carolina,17
2025-10-08,Laptop Stand,North Carolina,14
2025-10-09,Laptop Stand,North Carolina,20
2025-10-10,Laptop Stand,North Carolina,16
2025-10-11,Laptop Stand,North Carolina,12
2025-10-12,Laptop Stand,North Carolina,11
2025-10-13,Laptop Stand,North Carolina,17
2025-10-14,Laptop Stand,North Carolina,19
2025-10-15,Laptop Stand,North Carolina,22
2025-10-16,Laptop Stand,North Carolina,18
2025-10-17,Laptop Stand,North Carolina,19
2025-10-18,Laptop Stand,North Carolina,15
2025-10-19,Laptop Stand,North Carolina,13
2025-10-20,Laptop Stand,North Carolina,20
2025-10-21,Laptop Stand,North Carolina,18
2025-10-22,Laptop Stand,North Carolina,17
2025-10-23,Laptop Stand,North Carolina,17
2025-10-24,Laptop Stand,North Carolina,13
2025-10-25,Laptop Stand,North Carolina,13
2025-10-26,Laptop Stand,North Carolina,10
2025-10-27,Laptop Stand,North Carolina,13
2025-10-28,Laptop Stand,North Carolina,17
2025-10-29,Laptop Stand,North Carolina,15
2025-10-30,Laptop Stand,North Carolina,17
2025-10-31,Laptop Stand,North Carolina,17
2025-11-01,Laptop Stand,North Carolina,15
2025-11-02,Laptop Stand,North Carolina,13
2025-11-03,Laptop Stand,North Carolina,22
2025-11-04,Laptop Stand,North Carolina,20
2025-11-05,Laptop Stand,North Carolina,21
2025-11-06,Laptop Stand,North Carolina,17
2025-11-07,Laptop Stand,North Carolina,20
2025-11-08,Laptop Stand,North Carolina,17
2025-11-09,Laptop Stand,North Carolina,16
2025-11-10,Laptop Stand,North Carolina,18
2025-11-11,Laptop Stand,North Carolina,19
2025-11-12,Laptop Stand,North Carolina,18
2025-11-13,Laptop Stand,North Carolina,19
2025-11-14,Laptop Stand,North Carolina,17
2025-11-15,Laptop Stand,North Carolina,14
2025-11-16,Laptop Stand,North Carolina,16
2025-11-17,Laptop Stand,North Carolina,18
2025-11-18,Laptop Stand,North Carolina,20
2025-11-19,Laptop Stand,North Carolina,20
2025-11-20,Laptop Stand,North Carolina,23
2025-11-21,Laptop Stand,North Carolina,19
2025-11-22,Laptop Stand,North Carolina,14
2025-11-23,Laptop Stand,North Carolina,13
2025-11-24,Laptop Stand,North Carolina,17
2025-11-25,Laptop Stand,North Carolina,21
2025-11-26,Laptop Stand,North Carolina,20
2025-11-27,Laptop Stand,North Carolina,20
2025-11-28,Laptop Stand,North Carolina,23
2025-11-29,Laptop Stand,North Carolina,17
2025-11-30,Laptop Stand,North Carolina,12
2025-12-01,Laptop Stand,North Carolina,23
2025-12-02,Laptop Stand,North Carolina,22
2025-12-03,Laptop Stand,North Carolina,20
2025-12-04,Laptop Stand,North Carolina,22
2025-12-05,Laptop Stand,North Carolina,17
2025-12-06,Laptop Stand,North Carolina,18
2025-12-07,Laptop Stand,North Carolina,16
2025-12-08,Laptop Stand,North Carolina,19
2025-12-09,Laptop Stand,North Carolina,20
2025-12-10,Laptop Stand,North Carolina,17
2025-12-11,Laptop Stand,North Carolina,20
2025-12-12,Laptop Stand,North Carolina,20
2025-12-13,Laptop Stand,North Carolina,13
2025-12-14,Laptop Stand,North Carolina,17
2025-12-15,Laptop Stand,North Carolina,24
2025-12-16,Laptop Stand,North Carolina,21
2025-12-17,Laptop Stand,North Carolina,20
2025-12-18,Laptop Stand,North Carolina,22
2025-12-19,Laptop Stand,North Carolina,21
2025-12-20,Laptop Stand,North Carolina,13
2025-12-21,Laptop Stand,North Carolina,14
2025-12-22,Laptop Stand,North Carolina,20
2025-12-23,Laptop Stand,North Carolina,22
2025-12-24,Laptop Stand,North Carolina,21
2025-12-25,Laptop Stand,North Carolina,22
2025-12-26,Laptop Stand,North Carolina,17
2025-12-27,Laptop Stand,North Carolina,17
2025-12-28,Laptop Stand,North Carolina,15
2025-12-29,Laptop Stand,North Carolina,28
2025-12-30,Laptop Stand,North Carolina,20
2025-12-31,Laptop Stand,North Carolina,22
2026-01-01,Laptop Stand,North Carolina,26
2026-01-02,Laptop Stand,North Carolina,19
2026-01-03,Laptop Stand,North Carolina,14
2026-01-04,Laptop Stand,North Carolina,12
2026-01-05,Laptop Stand,North Carolina,23
2026-01-06,Laptop Stand,North Carolina,16
2026-01-07,Laptop Stand,North Carolina,20
2026-01-08,Laptop Stand,North Carolina,18
2026-01-09,Laptop Stand,North Carolina,19
2026-01-10,Laptop Stand,North Carolina,12
2026-01-11,Laptop Stand,North Carolina,16
2026-01-12,Laptop Stand,North Carolina,18
2026-01-13,Laptop Stand,North Carolina,16
2026-01-14,Laptop Stand,North Carolina,22
2026-01-15,Laptop Stand,North Carolina,18
2026-01-16,Laptop Stand,North Carolina,20
2026-01-17,Laptop Stand,North Carolina,15
2026-01-18,Laptop Stand,North Carolina,15
2026-01-19,Laptop Stand,North Carolina,14
2026-01-20,Laptop Stand,North Carolina,21
2026-01-21,Laptop Stand,North Carolina,19
2026-01-22,Laptop Stand,North Carolina,18
2026-01-23,Laptop Stand,North Carolina,19
2026-01-24,Laptop Stand,North Carolina,11
2026-01-25,Laptop Stand,North Carolina,14
2026-01-26,Laptop Stand,North Carolina,16
2026-01-27,Laptop Stand,North Carolina,18
2026-01-28,Laptop Stand,North Carolina,19
2026-01-29,Laptop Stand,North Carolina,21
2026-01-30,Laptop Stand,North Carolina,17
2026-01-31,Laptop Stand,North Carolina,16
2026-02-01,Laptop Stand,North Carolina,16
2026-02-02,Laptop Stand,North Carolina,19
2026-02-03,Laptop Stand,North Carolina,17
2026-02-04,Laptop Stand,North Carolina,17
2026-02-05,Laptop Stand,North Carolina,21
2026-02-06,Laptop Stand,North Carolina,18
2026-02-07,Laptop Stand,North Carolina,17
2026-02-08,Laptop Stand,North Carolina,14
2026-02-09,Laptop Stand,North Carolina,18
2026-02-10,Laptop Stand,North Carolina,21
2026-02-11,Laptop Stand,North Carolina,19
2026-02-12,Laptop Stand,North Carolina,20
2026-02-13,Laptop Stand,North Carolina,23
2026-02-14,Laptop Stand,North Carolina,15
2026-02-15,Laptop Stand,North Carolina,15
2026-02-16,Laptop Stand,North Carolina,21
2026-02-17,Laptop Stand,North Carolina,16
2026-02-18,Laptop Stand,North Carolina,21
2026-02-19,Laptop Stand,North Carolina,21
2026-02-20,Laptop Stand,North Carolina,22
2026-02-21,Laptop Stand,North Carolina,16
2026-02-22,Laptop Stand,North Carolina,14
2026-02-23,Laptop Stand,North Carolina,23
2026-02-24,Laptop Stand,North Carolina,19
2026-02-25,Laptop Stand,North Carolina,21
2026-02-26,Laptop Stand,North Carolina,19
2026-02-27,Laptop Stand,North Carolina,21
2026-02-28,Laptop Stand,North Carolina,14
2026-03-01,Laptop Stand,North Carolina,18
2026-03-02,Laptop Stand,North Carolina,26
2026-03-03,Laptop Stand,North Carolina,23
2026-03-04,Laptop Stand,North Carolina,25
2026-03-05,Laptop Stand,North Carolina,17
2026-03-06,Laptop Stand,North Carolina,17
2026-03-07,Laptop Stand,North Carolina,15
2026-03-08,Laptop Stand,North Carolina,15
2026-03-09,Laptop Stand,North Carolina,21
2026-03-10,Laptop Stand,North Carolina,17
2026-03-11,Laptop Stand,North Carolina,24
2026-03-12,Laptop Stand,North Carolina,26
2026-03-13,Laptop Stand,North Carolina,24
2026-03-14,Laptop Stand,North Carolina,17
2026-03-15,Laptop Stand,North Carolina,16
2026-03-16,Laptop Stand,North Carolina,19
2026-03-17,Laptop Stand,North Carolina,21
2026-03-18,Laptop Stand,North Carolina,26
2026-03-19,Laptop Stand,North Carolina,20
2026-03-20,Laptop Stand,North Carolina,20
2026-03-21,Laptop Stand,North Carolina,17
2026-03-22,Laptop Stand,North Carolina,18
2026-03-23,Laptop Stand,North Carolina,19
2026-03-24,Laptop Stand,North Carolina,20
2026-03-25,Laptop Stand,North Carolina,20
2026-03-26,Laptop Stand,North Carolina,21
2026-03-27,Laptop Stand,North Carolina,24
2026-03-28,Laptop Stand,North Carolina,14
2026-03-29,Laptop Stand,North Carolina,17
2026-03-30,Laptop Stand,North Carolina,21
2026-03-31,Laptop Stand,North Carolina,27
2026-04-01,Laptop Stand,North Carolina,22
2026-04-02,Laptop Stand,North Carolina,21
2026-04-03,Laptop Stand,North Carolina,23
2026-04-04,Laptop Stand,North Carolina,15
2026-04-05,Laptop Stand,North Carolina,12
2026-04-06,Laptop Stand,North Carolina,21
2026-04-07,Laptop Stand,North Carolina,21
2026-04-08,Laptop Stand,North Carolina,17
2026-04-09,Laptop Stand,North Carolina,21
2026-04-10,Laptop Stand,North Carolina,16
2026-04-11,Laptop Stand,North Carolina,15
2026-04-12,Laptop Stand,North Carolina,16
2026-04-13,Laptop Stand,North Carolina,22
2026-04-14,Laptop Stand,North Carolina,20
2026-04-15,Laptop Stand,North Carolina,21
2026-04-16,Laptop Stand,North Carolina,19
2026-04-17,Laptop Stand,North Carolina,21
2026-04-18,Laptop Stand,North Carolina,16
2026-04-19,Laptop Stand,North Carolina,14
2026-04-20,Laptop Stand,North Carolina,22
2026-04-21,Laptop Stand,North Carolina,22
2026-04-22,Laptop Stand,North Carolina,21
2026-04-23,Laptop Stand,North Carolina,28
2026-04-24,Laptop Stand,North Carolina,21
2026-04-25,Laptop Stand,North Carolina,15
2026-04-26,Laptop Stand,North Carolina,15
2026-04-27,Laptop Stand,North Carolina,19
2026-04-28,Laptop Stand,North Carolina,23
2026-04-29,Laptop Stand,North Carolina,20
2026-04-30,Laptop Stand,North Carolina,20
2026-05-01,Laptop Stand,North Carolina,20
2026-05-02,Laptop Stand,North Carolina,14
2026-05-03,Laptop Stand,North Carolina,12
2026-05-04,Laptop Stand,North Carolina,20
2026-05-05,Laptop Stand,North Carolina,23
2026-05-06,Laptop Stand,North Carolina,22
2026-05-07,Laptop Stand,North Carolina,25
2026-05-08,Laptop Stand,North Carolina,23
2026-05-09,Laptop Stand,North Carolina,16
2026-05-10,Laptop Stand,North Carolina,19
2026-05-11,Laptop Stand,North Carolina,21
2026-05-12,Laptop Stand,North Carolina,21
2026-05-13,Laptop Stand,North Carolina,21
2026-05-14,Laptop Stand,North Carolina,25
2026-05-15,Laptop Stand,North Carolina,21
2026-05-16,Laptop Stand,North Carolina,14
2026-05-17,Laptop Stand,North Carolina,16
2026-05-18,Laptop Stand,North Carolina,19
2026-05-19,Laptop Stand,North Carolina,22
2026-05-20,Laptop Stand,North Carolina,22
2026-05-21,Laptop Stand,North Carolina,21
2026-05-22,Laptop Stand,North Carolina,22
2026-05-23,Laptop Stand,North Carolina,13
2026-05-24,Laptop Stand,North Carolina,16
2026-05-25,Laptop Stand,North Carolina,20
2026-05-26,Laptop Stand,North Carolina,28
2026-05-27,Laptop Stand,North Carolina,21
2026-05-28,Laptop Stand,North Carolina,20
2026-05-29,Laptop Stand,North Carolina,18
2026-05-30,Laptop Stand,North Carolina,18
2026-05-31,Laptop Stand,North Carolina,15
2026-06-01,Laptop Stand,North Carolina,18
2026-06-02,Laptop Stand,North Carolina,21
2026-06-03,Laptop Stand,North Carolina,22
2026-06-04,Laptop Stand,North Carolina,22
2026-06-05,Laptop Stand,North Carolina,20
2026-06-06,Laptop Stand,North Carolina,15
2026-06-07,Laptop Stand,North Carolina,15
2026-06-08,Laptop Stand,North Carolina,21
2026-06-09,Laptop Stand,North Carolina,21
2026-06-10,Laptop Stand,North Carolina,23
2026-06-11,Laptop Stand,North Carolina,20
2026-06-12,Laptop Stand,North Carolina,18
2026-06-13,Laptop Stand,North Carolina,15
2026-06-14,Laptop Stand,North Carolina,16
2026-06-15,Laptop Stand,North Carolina,16
2026-06-16,Laptop Stand,North Carolina,16
2026-06-17,Laptop Stand,North Carolina,22
2026-06-18,Laptop Stand,North Carolina,24
2026-06-19,Laptop Stand,North Carolina,17
2026-06-20,Laptop Stand,North Carolina,15
2026-06-21,Laptop Stand,North Carolina,14
2026-06-22,Laptop Stand,North Carolina,20
2026-06-23,Laptop Stand,North Carolina,21
2026-06-24,Laptop Stand,North Carolina,17
2026-06-25,Laptop Stand,North Carolina,18
2026-06-26,Laptop Stand,North Carolina,19
2026-06-27,Laptop Stand,North Carolina,15
2026-06-28,Laptop Stand,North Carolina,13
2026-06-29,Laptop Stand,North Carolina,22
2026-06-30,Laptop Stand,North Carolina,19
2026-07-01,Laptop Stand,North Carolina,18
2026-07-02,Laptop Stand,North Carolina,20
2026-07-03,Laptop Stand,North Carolina,19
2026-07-04,Laptop Stand,North Carolina,15
2026-07-05,Laptop Stand,North Carolina,12
2026-07-06,Laptop Stand,North Carolina,16
2026-07-07,Laptop Stand,North Carolina,18
2026-07-08,Laptop Stand,North Carolina,19
2026-07-09,Laptop Stand,North Carolina,16
2026-07-10,Laptop Stand,North Carolina,16
2026-07-11,Laptop Stand,North Carolina,14
2026-07-12,Laptop Stand,North Carolina,13
2026-07-13,Laptop Stand,North Carolina,16
2026-07-14,Laptop Stand,North Carolina,21
2026-07-15,Laptop Stand,North Carolina,18
2026-07-16,Laptop Stand,North Carolina,22
2026-07-17,Laptop Stand,North Carolina,19
2026-07-18,Laptop Stand,North Carolina,14
2026-07-19,Laptop Stand,North Carolina,14
2026-07-20,Laptop Stand,North Carolina,13
2026-07-21,Laptop Stand,North Carolina,16
2026-07-22,Laptop Stand,North Carolina,19
2026-07-23,Laptop Stand,North Carolina,20
2026-07-24,Laptop Stand,North Carolina,15
2026-07-25,Laptop Stand,North Carolina,14
2026-07-26,Laptop Stand,North Carolina,12
2026-07-27,Laptop Stand,North Carolina,20
2026-07-28,Laptop Stand,North Carolina,19
2026-07-29,Laptop Stand,North Carolina,21
2026-07-30,Laptop Stand,North Carolina,21
2026-07-31,Laptop Stand,North Carolina,20
2026-08-01,Laptop Stand,North Carolina,14
2026-08-02,Laptop Stand,North Carolina,13
2026-08-03,Laptop Stand,North Carolina,24
2026-08-04,Laptop Stand,North Carolina,15
2026-08-05,Laptop Stand,North Carolina,17
2026-08-06,Laptop Stand,North Carolina,20
2026-08-07,Laptop Stand,North Carolina,20
2026-08-08,Laptop Stand,North Carolina,14
2026-08-09,Laptop Stand,North Carolina,14
2026-08-10,Laptop Stand,North Carolina,13
2026-08-11,Laptop Stand,North Carolina,21
2026-08-12,Laptop Stand,North Carolina,17
2026-08-13,Laptop Stand,North Carolina,21
2026-08-14,Laptop Stand,North Carolina,14
2026-08-15,Laptop Stand,North Carolina,14
2026-08-16,Laptop Stand,North Carolina,12
2026-08-17,Laptop Stand,North Carolina,19
2026-08-18,Laptop Stand,North Carolina,19
2026-08-19,Laptop Stand,North Carolina,19
2026-08-20,Laptop Stand,North Carolina,16
2026-08-21,Laptop Stand,North Carolina,18
2026-08-22,Laptop Stand,North Carolina,13
2026-08-23,Laptop Stand,North Carolina,14
2026-08-24,Laptop Stand,North Carolina,20
2026-08-25,Laptop Stand,North Carolina,18
2026-08-26,Laptop Stand,North Carolina,15
2026-08-27,Laptop Stand,North Carolina,18
2026-08-28,Laptop Stand,North Carolina,24
2026-08-29,Laptop Stand,North Carolina,16
2026-08-30,Laptop Stand,North Carolina,8
2026-08-31,Laptop Stand,North Carolina,18
2026-09-01,Laptop Stand,North Carolina,19
2026-09-02,Laptop Stand,North Carolina,17
2026-09-03,Laptop Stand,North Carolina,16
2026-09-04,Laptop Stand,North Carolina,17
2026-09-05,Laptop Stand,North Carolina,13
2026-09-06,Laptop Stand,North Carolina,11
2026-09-07,Laptop Stand,North Carolina,19
2026-09-08,Laptop Stand,North Carolina,17
2026-09-09,Laptop Stand,North Carolina,15
2026-09-10,Laptop Stand,North Carolina,19
2026-09-11,Laptop Stand,North Carolina,14
2026-09-12,Laptop Stand,North Carolina,12
2026-09-13,Laptop Stand,North Carolina,12
2026-09-14,Laptop Stand,North Carolina,21
2026-09-15,Laptop Stand,North Carolina,16
2026-09-16,Laptop Stand,North Carolina,13
2026-09-17,Laptop Stand,North Carolina,16
2026-09-18,Laptop Stand,North Carolina,18
2026-09-19,Laptop Stand,North Carolina,14
2026-09-20,Laptop Stand,North Carolina,16
2026-09-21,Laptop Stand,North Carolina,20
2026-09-22,Laptop Stand,North Carolina,17
2026-09-23,Laptop Stand,North Carolina,15
2026-09-24,Laptop Stand,North Carolina,20
2026-09-25,Laptop Stand,North Carolina,16
2026-09-26,Laptop Stand,North Carolina,12
2026-09-27,Laptop Stand,North Carolina,12
2026-09-28,Laptop Stand,North Carolina,14
2025-01-01,Laptop Stand,Virginia,16
2025-01-02,Laptop Stand,Virginia,16
2025-01-03,Laptop Stand,Virginia,18
2025-01-04,Laptop Stand,Virginia,12
2025-01-05,Laptop Stand,Virginia,10
2025-01-06,Laptop Stand,Virginia,14
2025-01-07,Laptop Stand,Virginia,17
2025-01-08,Laptop Stand,Virginia,17
2025-01-09,Laptop Stand,Virginia,16
2025-01-10,Laptop Stand,Virginia,16
2025-01-11,Laptop Stand,Virginia,13
2025-01-12,Laptop Stand,Virginia,14
2025-01-13,Laptop Stand,Virginia,15
2025-01-14,Laptop Stand,Virginia,17
2025-01-15,Laptop Stand,Virginia,19
2025-01-16,Laptop Stand,Virginia,15
2025-01-17,Laptop Stand,Virginia,17
2025-01-18,Laptop Stand,Virginia,12
2025-01-19,Laptop Stand,Virginia,10
2025-01-20,Laptop Stand,Virginia,17
2025-01-21,Laptop Stand,Virginia,17
2025-01-22,Laptop Stand,Virginia,18
2025-01-23,Laptop Stand,Virginia,14
2025-01-24,Laptop Stand,Virginia,17
2025-01-25,Laptop Stand,Virginia,14
2025-01-26,Laptop Stand,Virginia,15
2025-01-27,Laptop Stand,Virginia,19
2025-01-28,Laptop Stand,Virginia,14
2025-01-29,Laptop Stand,Virginia,18
2025-01-30,Laptop Stand,Virginia,16
2025-01-31,Laptop Stand,Virginia,17
2025-02-01,Laptop Stand,Virginia,12
2025-02-02,Laptop Stand,Virginia,10
2025-02-03,Laptop Stand,Virginia,17
2025-02-04,Laptop Stand,Virginia,19
2025-02-05,Laptop Stand,Virginia,18
2025-02-06,Laptop Stand,Virginia,19
2025-02-07,Laptop Stand,Virginia,18
2025-02-08,Laptop Stand,Virginia,14
2025-02-09,Laptop Stand,Virginia,14
2025-02-10,Laptop Stand,Virginia,17
2025-02-11,Laptop Stand,Virginia,18
2025-02-12,Laptop Stand,Virginia,22
2025-02-13,Laptop Stand,Virginia,18
2025-02-14,Laptop Stand,Virginia,18
2025-02-15,Laptop Stand,Virginia,13
2025-02-16,Laptop Stand,Virginia,13
2025-02-17,Laptop Stand,Virginia,17
2025-02-18,Laptop Stand,Virginia,18
2025-02-19,Laptop Stand,Virginia,17
2025-02-20,Laptop Stand,Virginia,17
2025-02-21,Laptop Stand,Virginia,16
2025-02-22,Laptop Stand,Virginia,13
2025-02-23,Laptop Stand,Virginia,14
2025-02-24,Laptop Stand,Virginia,17
2025-02-25,Laptop Stand,Virginia,14
2025-02-26,Laptop Stand,Virginia,19
2025-02-27,Laptop Stand,Virginia,18
2025-02-28,Laptop Stand,Virginia,16
2025-03-01,Laptop Stand,Virginia,15
2025-03-02,Laptop Stand,Virginia,11
2025-03-03,Laptop Stand,Virginia,21
2025-03-04,Laptop Stand,Virginia,18
2025-03-05,Laptop Stand,Virginia,13
2025-03-06,Laptop Stand,Virginia,19
2025-03-07,Laptop Stand,Virginia,18
2025-03-08,Laptop Stand,Virginia,13
2025-03-09,Laptop Stand,Virginia,12
2025-03-10,Laptop Stand,Virginia,18
2025-03-11,Laptop Stand,Virginia,17
2025-03-12,Laptop Stand,Virginia,14
2025-03-13,Laptop Stand,Virginia,21
2025-03-14,Laptop Stand,Virginia,18
2025-03-15,Laptop Stand,Virginia,12
2025-03-16,Laptop Stand,Virginia,12
2025-03-17,Laptop Stand,Virginia,20
2025-03-18,Laptop Stand,Virginia,16
2025-03-19,Laptop Stand,Virginia,19
2025-03-20,Laptop Stand,Virginia,17
2025-03-21,Laptop Stand,Virginia,17
2025-03-22,Laptop Stand,Virginia,12
2025-03-23,Laptop Stand,Virginia,13
2025-03-24,Laptop Stand,Virginia,19
2025-03-25,Laptop Stand,Virginia,19
2025-03-26,Laptop Stand,Virginia,17
2025-03-27,Laptop Stand,Virginia,18
2025-03-28,Laptop Stand,Virginia,21
2025-03-29,Laptop Stand,Virginia,11
2025-03-30,Laptop Stand,Virginia,14
2025-03-31,Laptop Stand,Virginia,16
2025-04-01,Laptop Stand,Virginia,16
2025-04-02,Laptop Stand,Virginia,19
2025-04-03,Laptop Stand,Virginia,18
2025-04-04,Laptop Stand,Virginia,16
2025-04-05,Laptop Stand,Virginia,16
2025-04-06,Laptop Stand,Virginia,15
2025-04-07,Laptop Stand,Virginia,14
2025-04-08,Laptop Stand,Virginia,15
2025-04-09,Laptop Stand,Virginia,20
2025-04-10,Laptop Stand,Virginia,18
2025-04-11,Laptop Stand,Virginia,22
2025-04-12,Laptop Stand,Virginia,15
2025-04-13,Laptop Stand,Virginia,14
2025-04-14,Laptop Stand,Virginia,17
2025-04-15,Laptop Stand,Virginia,20
2025-04-16,Laptop Stand,Virginia,16
2025-04-17,Laptop Stand,Virginia,22
2025-04-18,Laptop Stand,Virginia,20
2025-04-19,Laptop Stand,Virginia,12
2025-04-20,Laptop Stand,Virginia,15
2025-04-21,Laptop Stand,Virginia,24
2025-04-22,Laptop Stand,Virginia,18
2025-04-23,Laptop Stand,Virginia,20
2025-04-24,Laptop Stand,Virginia,18
2025-04-25,Laptop Stand,Virginia,19
2025-04-26,Laptop Stand,Virginia,11
2025-04-27,Laptop Stand,Virginia,14
2025-04-28,Laptop Stand,Virginia,19
2025-04-29,Laptop Stand,Virginia,23
2025-04-30,Laptop Stand,Virginia,15
2025-05-01,Laptop Stand,Virginia,18
2025-05-02,Laptop Stand,Virginia,21
2025-05-03,Laptop Stand,Virginia,13
2025-05-04,Laptop Stand,Virginia,13
2025-05-05,Laptop Stand,Virginia,17
2025-05-06,Laptop Stand,Virginia,16
2025-05-07,Laptop Stand,Virginia,14
2025-05-08,Laptop Stand,Virginia,17
2025-05-09,Laptop Stand,Virginia,16
2025-05-10,Laptop Stand,Virginia,14
2025-05-11,Laptop Stand,Virginia,12
2025-05-12,Laptop Stand,Virginia,17
2025-05-13,Laptop Stand,Virginia,18
2025-05-14,Laptop Stand,Virginia,18
2025-05-15,Laptop Stand,Virginia,17
2025-05-16,Laptop Stand,Virginia,16
2025-05-17,Laptop Stand,Virginia,14
2025-05-18,Laptop Stand,Virginia,15
2025-05-19,Laptop Stand,Virginia,19
2025-05-20,Laptop Stand,Virginia,17
2025-05-21,Laptop Stand,Virginia,18
2025-05-22,Laptop Stand,Virginia,14
2025-05-23,Laptop Stand,Virginia,18
2025-05-24,Laptop Stand,Virginia,13
2025-05-25,Laptop Stand,Virginia,12
2025-05-26,Laptop Stand,Virginia,17
2025-05-27,Laptop Stand,Virginia,18
2025-05-28,Laptop Stand,Virginia,21
2025-05-29,Laptop Stand,Virginia,21
2025-05-30,Laptop Stand,Virginia,16
2025-05-31,Laptop Stand,Virginia,13
2025-06-01,Laptop Stand,Virginia,12
2025-06-02,Laptop Stand,Virginia,20
2025-06-03,Laptop Stand,Virginia,18
2025-06-04,Laptop Stand,Virginia,18
2025-06-05,Laptop Stand,Virginia,19
2025-06-06,Laptop Stand,Virginia,17
2025-06-07,Laptop Stand,Virginia,15
2025-06-08,Laptop Stand,Virginia,13
2025-06-09,Laptop Stand,Virginia,16
2025-06-10,Laptop Stand,Virginia,17
2025-06-11,Laptop Stand,Virginia,20
2025-06-12,Laptop Stand,Virginia,17
2025-06-13,Laptop Stand,Virginia,20
2025-06-14,Laptop Stand,Virginia,12
2025-06-15,Laptop Stand,Virginia,12
2025-06-16,Laptop Stand,Virginia,19
2025-06-17,Laptop Stand,Virginia,16
2025-06-18,Laptop Stand,Virginia,20
2025-06-19,Laptop Stand,Virginia,19
2025-06-20,Laptop Stand,Virginia,16
2025-06-21,Laptop Stand,Virginia,13
2025-06-22,Laptop Stand,Virginia,12
2025-06-23,Laptop Stand,Virginia,19
2025-06-24,Laptop Stand,Virginia,22
2025-06-25,Laptop Stand,Virginia,17
2025-06-26,Laptop Stand,Virginia,19
2025-06-27,Laptop Stand,Virginia,18
2025-06-28,Laptop Stand,Virginia,13
2025-06-29,Laptop Stand,Virginia,13
2025-06-30,Laptop Stand,Virginia,16
2025-07-01,Laptop Stand,Virginia,17
2025-07-02,Laptop Stand,Virginia,16
2025-07-03,Laptop Stand,Virginia,15
2025-07-04,Laptop Stand,Virginia,19
2025-07-05,Laptop Stand,Virginia,12
2025-07-06,Laptop Stand,Virginia,12
2025-07-07,Laptop Stand,Virginia,20
2025-07-08,Laptop Stand,Virginia,13
2025-07-09,Laptop Stand,Virginia,19
2025-07-10,Laptop Stand,Virginia,15
2025-07-11,Laptop Stand,Virginia,17
2025-07-12,Laptop Stand,Virginia,11
2025-07-13,Laptop Stand,Virginia,11
2025-07-14,Laptop Stand,Virginia,19
2025-07-15,Laptop Stand,Virginia,21
2025-07-16,Laptop Stand,Virginia,16
2025-07-17,Laptop Stand,Virginia,17
2025-07-18,Laptop Stand,Virginia,17
2025-07-19,Laptop Stand,Virginia,15
2025-07-20,Laptop Stand,Virginia,9
2025-07-21,Laptop Stand,Virginia,18
2025-07-22,Laptop Stand,Virginia,15
2025-07-23,Laptop Stand,Virginia,12
2025-07-24,Laptop Stand,Virginia,16
2025-07-25,Laptop Stand,Virginia,21
2025-07-26,Laptop Stand,Virginia,11
2025-07-27,Laptop Stand,Virginia,13
2025-07-28,Laptop Stand,Virginia,19
2025-07-29,Laptop Stand,Virginia,17
2025-07-30,Laptop Stand,Virginia,17
2025-07-31,Laptop Stand,Virginia,13
2025-08-01,Laptop Stand,Virginia,14
2025-08-02,Laptop Stand,Virginia,13
2025-08-03,Laptop Stand,Virginia,12
2025-08-04,Laptop Stand,Virginia,16
2025-08-05,Laptop Stand,Virginia,16
2025-08-06,Laptop Stand,Virginia,20
2025-08-07,Laptop Stand,Virginia,15
2025-08-08,Laptop Stand,Virginia,19
2025-08-09,Laptop Stand,Virginia,12
2025-08-10,Laptop Stand,Virginia,14
2025-08-11,Laptop Stand,Virginia,13
2025-08-12,Laptop Stand,Virginia,16
2025-08-13,Laptop Stand,Virginia,15
2025-08-14,Laptop Stand,Virginia,16
2025-08-15,Laptop Stand,Virginia,18
2025-08-16,Laptop Stand,Virginia,12
2025-08-17,Laptop Stand,Virginia,13
2025-08-18,Laptop Stand,Virginia,15
2025-08-19,Laptop Stand,Virginia,14
2025-08-20,Laptop Stand,Virginia,16
2025-08-21,Laptop Stand,Virginia,16
2025-08-22,Laptop Stand,Virginia,15
2025-08-23,Laptop Stand,Virginia,10
2025-08-24,Laptop Stand,Virginia,13
2025-08-25,Laptop Stand,Virginia,15
2025-08-26,Laptop Stand,Virginia,18
2025-08-27,Laptop Stand,Virginia,16
2025-08-28,Laptop Stand,Virginia,17
2025-08-29,Laptop Stand,Virginia,17
2025-08-30,Laptop Stand,Virginia,10
2025-08-31,Laptop Stand,Virginia,12
2025-09-01,Laptop Stand,Virginia,19
2025-09-02,Laptop Stand,Virginia,16
2025-09-03,Laptop Stand,Virginia,17
2025-09-04,Laptop Stand,Virginia,16
2025-09-05,Laptop Stand,Virginia,16
2025-09-06,Laptop Stand,Virginia,11
2025-09-07,Laptop Stand,Virginia,12
2025-09-08,Laptop Stand,Virginia,16
2025-09-09,Laptop Stand,Virginia,13
2025-09-10,Laptop Stand,Virginia,16
2025-09-11,Laptop Stand,Virginia,15
2025-09-12,Laptop Stand,Virginia,14
2025-09-13,Laptop Stand,Virginia,13
2025-09-14,Laptop Stand,Virginia,10
2025-09-15,Laptop Stand,Virginia,13
2025-09-16,Laptop Stand,Virginia,16
2025-09-17,Laptop Stand,Virginia,12
2025-09-18,Laptop Stand,Virginia,12
2025-09-19,Laptop Stand,Virginia,17
2025-09-20,Laptop Stand,Virginia,11
2025-09-21,Laptop Stand,Virginia,12
2025-09-22,Laptop Stand,Virginia,14
2025-09-23,Laptop Stand,Virginia,13
2025-09-24,Laptop Stand,Virginia,13
2025-09-25,Laptop Stand,Virginia,15
2025-09-26,Laptop Stand,Virginia,13
2025-09-27,Laptop Stand,Virginia,11
2025-09-28,Laptop Stand,Virginia,10
2025-09-29,Laptop Stand,Virginia,15
2025-09-30,Laptop Stand,Virginia,15
2025-10-01,Laptop Stand,Virginia,15
2025-10-02,Laptop Stand,Virginia,16
2025-10-03,Laptop Stand,Virginia,14
2025-10-04,Laptop Stand,Virginia,11
2025-10-05,Laptop Stand,Virginia,11
2025-10-06,Laptop Stand,Virginia,10
2025-10-07,Laptop Stand,Virginia,16
2025-10-08,Laptop Stand,Virginia,15
2025-10-09,Laptop Stand,Virginia,16
2025-10-10,Laptop Stand,Virginia,13
2025-10-11,Laptop Stand,Virginia,10
2025-10-12,Laptop Stand,Virginia,9
2025-10-13,Laptop Stand,Virginia,16
2025-10-14,Laptop Stand,Virginia,12
2025-10-15,Laptop Stand,Virginia,13
2025-10-16,Laptop Stand,Virginia,16
2025-10-17,Laptop Stand,Virginia,14
2025-10-18,Laptop Stand,Virginia,10
2025-10-19,Laptop Stand,Virginia,12
2025-10-20,Laptop Stand,Virginia,16
2025-10-21,Laptop Stand,Virginia,16
2025-10-22,Laptop Stand,Virginia,16
2025-10-23,Laptop Stand,Virginia,14
2025-10-24,Laptop Stand,Virginia,14
2025-10-25,Laptop Stand,Virginia,10
2025-10-26,Laptop Stand,Virginia,11
2025-10-27,Laptop Stand,Virginia,14
2025-10-28,Laptop Stand,Virginia,14
2025-10-29,Laptop Stand,Virginia,16
2025-10-30,Laptop Stand,Virginia,17
2025-10-31,Laptop Stand,Virginia,15
2025-11-01,Laptop Stand,Virginia,16
2025-11-02,Laptop Stand,Virginia,12
2025-11-03,Laptop Stand,Virginia,14
2025-11-04,Laptop Stand,Virginia,19
2025-11-05,Laptop Stand,Virginia,16
2025-11-06,Laptop Stand,Virginia,17
2025-11-07,Laptop Stand,Virginia,14
2025-11-08,Laptop Stand,Virginia,12
2025-11-09,Laptop Stand,Virginia,11
2025-11-10,Laptop Stand,Virginia,17
2025-11-11,Laptop Stand,Virginia,17
2025-11-12,Laptop Stand,Virginia,18
2025-11-13,Laptop Stand,Virginia,20
2025-11-14,Laptop Stand,Virginia,19
2025-11-15,Laptop Stand,Virginia,10
2025-11-16,Laptop Stand,Virginia,14
2025-11-17,Laptop Stand,Virginia,18
2025-11-18,Laptop Stand,Virginia,18
2025-11-19,Laptop Stand,Virginia,18
2025-11-20,Laptop Stand,Virginia,18
2025-11-21,Laptop Stand,Virginia,16
2025-11-22,Laptop Stand,Virginia,13
2025-11-23,Laptop Stand,Virginia,15
2025-11-24,Laptop Stand,Virginia,16
2025-11-25,Laptop Stand,Virginia,16
2025-11-26,Laptop Stand,Virginia,18
2025-11-27,Laptop Stand,Virginia,15
2025-11-28,Laptop Stand,Virginia,14
2025-11-29,Laptop Stand,Virginia,12
2025-11-30,Laptop Stand,Virginia,15
2025-12-01,Laptop Stand,Virginia,19
2025-12-02,Laptop Stand,Virginia,19
2025-12-03,Laptop Stand,Virginia,14
2025-12-04,Laptop Stand,Virginia,20
2025-12-05,Laptop Stand,Virginia,19
2025-12-06,Laptop Stand,Virginia,13
2025-12-07,Laptop Stand,Virginia,14
2025-12-08,Laptop Stand,Virginia,19
2025-12-09,Laptop Stand,Virginia,16
2025-12-10,Laptop Stand,Virginia,19
2025-12-11,Laptop Stand,Virginia,21
2025-12-12,Laptop Stand,Virginia,18
2025-12-13,Laptop Stand,Virginia,12
2025-12-14,Laptop Stand,Virginia,13
2025-12-15,Laptop Stand,Virginia,21
2025-12-16,Laptop Stand,Virginia,16
2025-12-17,Laptop Stand,Virginia,20
2025-12-18,Laptop Stand,Virginia,17
2025-12-19,Laptop Stand,Virginia,19
2025-12-20,Laptop Stand,Virginia,13
2025-12-21,Laptop Stand,Virginia,13
2025-12-22,Laptop Stand,Virginia,22
2025-12-23,Laptop Stand,Virginia,15
2025-12-24,Laptop Stand,Virginia,20
2025-12-25,Laptop Stand,Virginia,23
2025-12-26,Laptop Stand,Virginia,20
2025-12-27,Laptop Stand,Virginia,11
2025-12-28,Laptop Stand,Virginia,12
2025-12-29,Laptop Stand,Virginia,17
2025-12-30,Laptop Stand,Virginia,19
2025-12-31,Laptop Stand,Virginia,19
2026-01-01,Laptop Stand,Virginia,14
2026-01-02,Laptop Stand,Virginia,15
2026-01-03,Laptop Stand,Virginia,11
2026-01-04,Laptop Stand,Virginia,12
2026-01-05,Laptop Stand,Virginia,21
2026-01-06,Laptop Stand,Virginia,15
2026-01-07,Laptop Stand,Virginia,15
2026-01-08,Laptop Stand,Virginia,15
2026-01-09,Laptop Stand,Virginia,18
2026-01-10,Laptop Stand,Virginia,12
2026-01-11,Laptop Stand,Virginia,11
2026-01-12,Laptop Stand,Virginia,16
2026-01-13,Laptop Stand,Virginia,15
2026-01-14,Laptop Stand,Virginia,17
2026-01-15,Laptop Stand,Virginia,22
2026-01-16,Laptop Stand,Virginia,18
2026-01-17,Laptop Stand,Virginia,12
2026-01-18,Laptop Stand,Virginia,11
2026-01-19,Laptop Stand,Virginia,14
2026-01-20,Laptop Stand,Virginia,18
2026-01-21,Laptop Stand,Virginia,18
2026-01-22,Laptop Stand,Virginia,16
2026-01-23,Laptop Stand,Virginia,19
2026-01-24,Laptop Stand,Virginia,12
2026-01-25,Laptop Stand,Virginia,13
2026-01-26,Laptop Stand,Virginia,17
2026-01-27,Laptop Stand,Virginia,16
2026-01-28,Laptop Stand,Virginia,15
2026-01-29,Laptop Stand,Virginia,17
2026-01-30,Laptop Stand,Virginia,18
2026-01-31,Laptop Stand,Virginia,12
2026-02-01,Laptop Stand,Virginia,14
2026-02-02,Laptop Stand,Virginia,15
2026-02-03,Laptop Stand,Virginia,19
2026-02-04,Laptop Stand,Virginia,18
2026-02-05,Laptop Stand,Virginia,15
2026-02-06,Laptop Stand,Virginia,17
2026-02-07,Laptop Stand,Virginia,14
2026-02-08,Laptop Stand,Virginia,11
2026-02-09,Laptop Stand,Virginia,16
2026-02-10,Laptop Stand,Virginia,18
2026-02-11,Laptop Stand,Virginia,22
2026-02-12,Laptop Stand,Virginia,16
2026-02-13,Laptop Stand,Virginia,19
2026-02-14,Laptop Stand,Virginia,13
2026-02-15,Laptop Stand,Virginia,12
2026-02-16,Laptop Stand,Virginia,18
2026-02-17,Laptop Stand,Virginia,17
2026-02-18,Laptop Stand,Virginia,17
2026-02-19,Laptop Stand,Virginia,14
2026-02-20,Laptop Stand,Virginia,18
2026-02-21,Laptop Stand,Virginia,14
2026-02-22,Laptop Stand,Virginia,13
2026-02-23,Laptop Stand,Virginia,20
2026-02-24,Laptop Stand,Virginia,19
2026-02-25,Laptop Stand,Virginia,18
2026-02-26,Laptop Stand,Virginia,16
2026-02-27,Laptop Stand,Virginia,17
2026-02-28,Laptop Stand,Virginia,11
2026-03-01,Laptop Stand,Virginia,13
2026-03-02,Laptop Stand,Virginia,19
2026-03-03,Laptop Stand,Virginia,22
2026-03-04,Laptop Stand,Virginia,20
2026-03-05,Laptop Stand,Virginia,17
2026-03-06,Laptop Stand,Virginia,15
2026-03-07,Laptop Stand,Virginia,13
2026-03-08,Laptop Stand,Virginia,15
2026-03-09,Laptop Stand,Virginia,18
2026-03-10,Laptop Stand,Virginia,20
2026-03-11,Laptop Stand,Virginia,18
2026-03-12,Laptop Stand,Virginia,20
2026-03-13,Laptop Stand,Virginia,15
2026-03-14,Laptop Stand,Virginia,16
2026-03-15,Laptop Stand,Virginia,12
2026-03-16,Laptop Stand,Virginia,20
2026-03-17,Laptop Stand,Virginia,18
2026-03-18,Laptop Stand,Virginia,18
2026-03-19,Laptop Stand,Virginia,18
2026-03-20,Laptop Stand,Virginia,19
2026-03-21,Laptop Stand,Virginia,14
2026-03-22,Laptop Stand,Virginia,15
2026-03-23,Laptop Stand,Virginia,22
2026-03-24,Laptop Stand,Virginia,19
2026-03-25,Laptop Stand,Virginia,22
2026-03-26,Laptop Stand,Virginia,19
2026-03-27,Laptop Stand,Virginia,21
2026-03-28,Laptop Stand,Virginia,14
2026-03-29,Laptop Stand,Virginia,13
2026-03-30,Laptop Stand,Virginia,19
2026-03-31,Laptop Stand,Virginia,20
2026-04-01,Laptop Stand,Virginia,19
2026-04-02,Laptop Stand,Virginia,20
2026-04-03,Laptop Stand,Virginia,21
2026-04-04,Laptop Stand,Virginia,14
2026-04-05,Laptop Stand,Virginia,9
2026-04-06,Laptop Stand,Virginia,23
2026-04-07,Laptop Stand,Virginia,18
2026-04-08,Laptop Stand,Virginia,17
2026-04-09,Laptop Stand,Virginia,16
2026-04-10,Laptop Stand,Virginia,18
2026-04-11,Laptop Stand,Virginia,13
2026-04-12,Laptop Stand,Virginia,13
2026-04-13,Laptop Stand,Virginia,17
2026-04-14,Laptop Stand,Virginia,20
2026-04-15,Laptop Stand,Virginia,23
2026-04-16,Laptop Stand,Virginia,21
2026-04-17,Laptop Stand,Virginia,21
2026-04-18,Laptop Stand,Virginia,13
2026-04-19,Laptop Stand,Virginia,14
2026-04-20,Laptop Stand,Virginia,20
2026-04-21,Laptop Stand,Virginia,17
2026-04-22,Laptop Stand,Virginia,18
2026-04-23,Laptop Stand,Virginia,21
2026-04-24,Laptop Stand,Virginia,21
2026-04-25,Laptop Stand,Virginia,14
2026-04-26,Laptop Stand,Virginia,12
2026-04-27,Laptop Stand,Virginia,18
2026-04-28,Laptop Stand,Virginia,16
2026-04-29,Laptop Stand,Virginia,19
2026-04-30,Laptop Stand,Virginia,19
2026-05-01,Laptop Stand,Virginia,18
2026-05-02,Laptop Stand,Virginia,14
2026-05-03,Laptop Stand,Virginia,14
2026-05-04,Laptop Stand,Virginia,19
2026-05-05,Laptop Stand,Virginia,16
2026-05-06,Laptop Stand,Virginia,18
2026-05-07,Laptop Stand,Virginia,19
2026-05-08,Laptop Stand,Virginia,22
2026-05-09,Laptop Stand,Virginia,13
2026-05-10,Laptop Stand,Virginia,14
2026-05-11,Laptop Stand,Virginia,21
2026-05-12,Laptop Stand,Virginia,18
2026-05-13,Laptop Stand,Virginia,21
2026-05-14,Laptop Stand,Virginia,21
2026-05-15,Laptop Stand,Virginia,22
2026-05-16,Laptop Stand,Virginia,14
2026-05-17,Laptop Stand,Virginia,17
2026-05-18,Laptop Stand,Virginia,17
2026-05-19,Laptop Stand,Virginia,23
2026-05-20,Laptop Stand,Virginia,20
2026-05-21,Laptop Stand,Virginia,22
2026-05-22,Laptop Stand,Virginia,18
2026-05-23,Laptop Stand,Virginia,15
2026-05-24,Laptop Stand,Virginia,16
2026-05-25,Laptop Stand,Virginia,16
2026-05-26,Laptop Stand,Virginia,18
2026-05-27,Laptop Stand,Virginia,14
2026-05-28,Laptop Stand,Virginia,18
2026-05-29,Laptop Stand,Virginia,17
2026-05-30,Laptop Stand,Virginia,13
2026-05-31,Laptop Stand,Virginia,18
2026-06-01,Laptop Stand,Virginia,21
2026-06-02,Laptop Stand,Virginia,15
2026-06-03,Laptop Stand,Virginia,19
2026-06-04,Laptop Stand,Virginia,20
2026-06-05,Laptop Stand,Virginia,17
2026-06-06,Laptop Stand,Virginia,13
2026-06-07,Laptop Stand,Virginia,13
2026-06-08,Laptop Stand,Virginia,15
2026-06-09,Laptop Stand,Virginia,16
2026-06-10,Laptop Stand,Virginia,18
2026-06-11,Laptop Stand,Virginia,18
2026-06-12,Laptop Stand,Virginia,16
2026-06-13,Laptop Stand,Virginia,12
2026-06-14,Laptop Stand,Virginia,13
2026-06-15,Laptop Stand,Virginia,20
2026-06-16,Laptop Stand,Virginia,18
2026-06-17,Laptop Stand,Virginia,21
2026-06-18,Laptop Stand,Virginia,16
2026-06-19,Laptop Stand,Virginia,18
2026-06-20,Laptop Stand,Virginia,12
2026-06-21,Laptop Stand,Virginia,14
2026-06-22,Laptop Stand,Virginia,16
2026-06-23,Laptop Stand,Virginia,22
2026-06-24,Laptop Stand,Virginia,14
2026-06-25,Laptop Stand,Virginia,21
2026-06-26,Laptop Stand,Virginia,18
2026-06-27,Laptop Stand,Virginia,14
2026-06-28,Laptop Stand,Virginia,15
2026-06-29,Laptop Stand,Virginia,20
2026-06-30,Laptop Stand,Virginia,16
2026-07-01,Laptop Stand,Virginia,18
2026-07-02,Laptop Stand,Virginia,21
2026-07-03,Laptop Stand,Virginia,15
2026-07-04,Laptop Stand,Virginia,15
2026-07-05,Laptop Stand,Virginia,13
2026-07-06,Laptop Stand,Virginia,16
2026-07-07,Laptop Stand,Virginia,15
2026-07-08,Laptop Stand,Virginia,16
2026-07-09,Laptop Stand,Virginia,13
2026-07-10,Laptop Stand,Virginia,16
2026-07-11,Laptop Stand,Virginia,12
2026-07-12,Laptop Stand,Virginia,11
2026-07-13,Laptop Stand,Virginia,18
2026-07-14,Laptop Stand,Virginia,16
2026-07-15,Laptop Stand,Virginia,16
2026-07-16,Laptop Stand,Virginia,16
2026-07-17,Laptop Stand,Virginia,18
2026-07-18,Laptop Stand,Virginia,12
2026-07-19,Laptop Stand,Virginia,11
2026-07-20,Laptop Stand,Virginia,17
2026-07-21,Laptop Stand,Virginia,17
2026-07-22,Laptop Stand,Virginia,15
2026-07-23,Laptop Stand,Virginia,16
2026-07-24,Laptop Stand,Virginia,18
2026-07-25,Laptop Stand,Virginia,13
2026-07-26,Laptop Stand,Virginia,12
2026-07-27,Laptop Stand,Virginia,18
2026-07-28,Laptop Stand,Virginia,15
2026-07-29,Laptop Stand,Virginia,15
2026-07-30,Laptop Stand,Virginia,16
2026-07-31,Laptop Stand,Virginia,20
2026-08-01,Laptop Stand,Virginia,12
2026-08-02,Laptop Stand,Virginia,11
2026-08-03,Laptop Stand,Virginia,19
2026-08-04,Laptop Stand,Virginia,15
2026-08-05,Laptop Stand,Virginia,20
2026-08-06,Laptop Stand,Virginia,15
2026-08-07,Laptop Stand,Virginia,14
2026-08-08,Laptop Stand,Virginia,11
2026-08-09,Laptop Stand,Virginia,11
2026-08-10,Laptop Stand,Virginia,14
2026-08-11,Laptop Stand,Virginia,21
2026-08-12,Laptop Stand,Virginia,16
2026-08-13,Laptop Stand,Virginia,17
2026-08-14,Laptop Stand,Virginia,15
2026-08-15,Laptop Stand,Virginia,11
2026-08-16,Laptop Stand,Virginia,13
2026-08-17,Laptop Stand,Virginia,13
2026-08-18,Laptop Stand,Virginia,14
2026-08-19,Laptop Stand,Virginia,15
2026-08-20,Laptop Stand,Virginia,18
2026-08-21,Laptop Stand,Virginia,15
2026-08-22,Laptop Stand,Virginia,12
2026-08-23,Laptop Stand,Virginia,12
2026-08-24,Laptop Stand,Virginia,18
2026-08-25,Laptop Stand,Virginia,13
2026-08-26,Laptop Stand,Virginia,17
2026-08-27,Laptop Stand,Virginia,15
2026-08-28,Laptop Stand,Virginia,18
2026-08-29,Laptop Stand,Virginia,10
2026-08-30,Laptop Stand,Virginia,12
2026-08-31,Laptop Stand,Virginia,16
2026-09-01,Laptop Stand,Virginia,13
2026-09-02,Laptop Stand,Virginia,13
2026-09-03,Laptop Stand,Virginia,14
2026-09-04,Laptop Stand,Virginia,15
2026-09-05,Laptop Stand,Virginia,10
2026-09-06,Laptop Stand,Virginia,11
2026-09-07,Laptop Stand,Virginia,12
2026-09-08,Laptop Stand,Virginia,14
2026-09-09,Laptop Stand,Virginia,17
2026-09-10,Laptop Stand,Virginia,16
2026-09-11,Laptop Stand,Virginia,15
2026-09-12,Laptop Stand,Virginia,11
2026-09-13,Laptop Stand,Virginia,10
2026-09-14,Laptop Stand,Virginia,18
2026-09-15,Laptop Stand,Virginia,19
2026-09-16,Laptop Stand,Virginia,15
2026-09-17,Laptop Stand,Virginia,20
2026-09-18,Laptop Stand,Virginia,14
2026-09-19,Laptop Stand,Virginia,9
2026-09-20,Laptop Stand,Virginia,10
2026-09-21,Laptop Stand,Virginia,15
2026-09-22,Laptop Stand,Virginia,19
2026-09-23,Laptop Stand,Virginia,15
2026-09-24,Laptop Stand,Virginia,14
2026-09-25,Laptop Stand,Virginia,13
2026-09-26,Laptop Stand,Virginia,13
2026-09-27,Laptop Stand,Virginia,12
2026-09-28,Laptop Stand,Virginia,14
2025-01-01,USB-C Hub,Florida,30
2025-01-02,USB-C Hub,Florida,33
2025-01-03,USB-C Hub,Florida,47
2025-01-04,USB-C Hub,Florida,31
2025-01-05,USB-C Hub,Florida,29
2025-01-06,USB-C Hub,Florida,47
2025-01-07,USB-C Hub,Florida,48
2025-01-08,USB-C Hub,Florida,38
2025-01-09,USB-C Hub,Florida,39
2025-01-10,USB-C Hub,Florida,36
2025-01-11,USB-C Hub,Florida,27
2025-01-12,USB-C Hub,Florida,23
2025-01-13,USB-C Hub,Florida,32
2025-01-14,USB-C Hub,Florida,31
2025-01-15,USB-C Hub,Florida,44
2025-01-16,USB-C Hub,Florida,31
2025-01-17,USB-C Hub,Florida,48
2025-01-18,USB-C Hub,Florida,26
2025-01-19,USB-C Hub,Florida,34
2025-01-20,USB-C Hub,Florida,37
2025-01-21,USB-C Hub,Florida,31
2025-01-22,USB-C Hub,Florida,45
2025-01-23,USB-C Hub,Florida,45
2025-01-24,USB-C Hub,Florida,34
2025-01-25,USB-C Hub,Florida,27
2025-01-26,USB-C Hub,Florida,25
2025-01-27,USB-C Hub,Florida,38
2025-01-28,USB-C Hub,Florida,39
2025-01-29,USB-C Hub,Florida,37
2025-01-30,USB-C Hub,Florida,30
2025-01-31,USB-C Hub,Florida,36
2025-02-01,USB-C Hub,Florida,33
2025-02-02,USB-C Hub,Florida,29
2025-02-03,USB-C Hub,Florida,39
2025-02-04,USB-C Hub,Florida,36
2025-02-05,USB-C Hub,Florida,38
2025-02-06,USB-C Hub,Florida,48
2025-02-07,USB-C Hub,Florida,35
2025-02-08,USB-C Hub,Florida,33
2025-02-09,USB-C Hub,Florida,30
2025-02-10,USB-C Hub,Florida,42
2025-02-11,USB-C Hub,Florida,37
2025-02-12,USB-C Hub,Florida,39
2025-02-13,USB-C Hub,Florida,41
2025-02-14,USB-C Hub,Florida,38
2025-02-15,USB-C Hub,Florida,31
2025-02-16,USB-C Hub,Florida,32
2025-02-17,USB-C Hub,Florida,52
2025-02-18,USB-C Hub,Florida,42
2025-02-19,USB-C Hub,Florida,32
2025-02-20,USB-C Hub,Florida,47
2025-02-21,USB-C Hub,Florida,40
2025-02-22,USB-C Hub,Florida,37
2025-02-23,USB-C Hub,Florida,35
2025-02-24,USB-C Hub,Florida,38
2025-02-25,USB-C Hub,Florida,45
2025-02-26,USB-C Hub,Florida,38
2025-02-27,USB-C Hub,Florida,41
2025-02-28,USB-C Hub,Florida,44
2025-03-01,USB-C Hub,Florida,35
2025-03-02,USB-C Hub,Florida,35
2025-03-03,USB-C Hub,Florida,43
2025-03-04,USB-C Hub,Florida,55
2025-03-05,USB-C Hub,Florida,41
2025-03-06,USB-C Hub,Florida,34
2025-03-07,USB-C Hub,Florida,35
2025-03-08,USB-C Hub,Florida,37
2025-03-09,USB-C Hub,Florida,31
2025-03-10,USB-C Hub,Florida,43
2025-03-11,USB-C Hub,Florida,40
2025-03-12,USB-C Hub,Florida,40
2025-03-13,USB-C Hub,Florida,39
2025-03-14,USB-C Hub,Florida,45
2025-03-15,USB-C Hub,Florida,31
2025-03-16,USB-C Hub,Florida,33
2025-03-17,USB-C Hub,Florida,44
2025-03-18,USB-C Hub,Florida,40
2025-03-19,USB-C Hub,Florida,35
2025-03-20,USB-C Hub,Florida,35
2025-03-21,USB-C Hub,Florida,58
2025-03-22,USB-C Hub,Florida,37
2025-03-23,USB-C Hub,Florida,36
2025-03-24,USB-C Hub,Florida,39
2025-03-25,USB-C Hub,Florida,43
2025-03-26,USB-C Hub,Florida,38
2025-03-27,USB-C Hub,Florida,36
2025-03-28,USB-C Hub,Florida,40
2025-03-29,USB-C Hub,Florida,36
2025-03-30,USB-C Hub,Florida,34
2025-03-31,USB-C Hub,Florida,38
2025-04-01,USB-C Hub,Florida,42
2025-04-02,USB-C Hub,Florida,47
2025-04-03,USB-C Hub,Florida,40
2025-04-04,USB-C Hub,Florida,44
2025-04-05,USB-C Hub,Florida,33
2025-04-06,USB-C Hub,Florida,33
2025-04-07,USB-C Hub,Florida,45
2025-04-08,USB-C Hub,Florida,40
2025-04-09,USB-C Hub,Florida,40
2025-04-10,USB-C Hub,Florida,37
2025-04-11,USB-C Hub,Florida,35
2025-04-12,USB-C Hub,Florida,31
2025-04-13,USB-C Hub,Florida,35
2025-04-14,USB-C Hub,Florida,36
2025-04-15,USB-C Hub,Florida,45
2025-04-16,USB-C Hub,Florida,47
2025-04-17,USB-C Hub,Florida,34
2025-04-18,USB-C Hub,Florida,42
2025-04-19,USB-C Hub,Florida,38
2025-04-20,USB-C Hub,Florida,34
2025-04-21,USB-C Hub,Florida,34
2025-04-22,USB-C Hub,Florida,47
2025-04-23,USB-C Hub,Florida,39
2025-04-24,USB-C Hub,Florida,47
2025-04-25,USB-C Hub,Florida,40
2025-04-26,USB-C Hub,Florida,31
2025-04-27,USB-C Hub,Florida,30
2025-04-28,USB-C Hub,Florida,43
2025-04-29,USB-C Hub,Florida,40
2025-04-30,USB-C Hub,Florida,42
2025-05-01,USB-C Hub,Florida,37
2025-05-02,USB-C Hub,Florida,45
2025-05-03,USB-C Hub,Florida,32
2025-05-04,USB-C Hub,Florida,25
2025-05-05,USB-C Hub,Florida,48
2025-05-06,USB-C Hub,Florida,42
2025-05-07,USB-C Hub,Florida,43
2025-05-08,USB-C Hub,Florida,47
2025-05-09,USB-C Hub,Florida,44
2025-05-10,USB-C Hub,Florida,36
2025-05-11,USB-C Hub,Florida,30
2025-05-12,USB-C Hub,Florida,48
2025-05-13,USB-C Hub,Florida,43
2025-05-14,USB-C Hub,Florida,45
2025-05-15,USB-C Hub,Florida,45
2025-05-16,USB-C Hub,Florida,49
2025-05-17,USB-C Hub,Florida,34
2025-05-18,USB-C Hub,Florida,30
2025-05-19,USB-C Hub,Florida,39
2025-05-20,USB-C Hub,Florida,42
2025-05-21,USB-C Hub,Florida,39
2025-05-22,USB-C Hub,Florida,37
2025-05-23,USB-C Hub,Florida,32
2025-05-24,USB-C Hub,Florida,25
2025-05-25,USB-C Hub,Florida,39
2025-05-26,USB-C Hub,Florida,39
2025-05-27,USB-C Hub,Florida,52
2025-05-28,USB-C Hub,Florida,45
2025-05-29,USB-C Hub,Florida,42
2025-05-30,USB-C Hub,Florida,35
2025-05-31,USB-C Hub,Florida,31
2025-06-01,USB-C Hub,Florida,37
2025-06-02,USB-C Hub,Florida,49
2025-06-03,USB-C Hub,Florida,42
2025-06-04,USB-C Hub,Florida,35
2025-06-05,USB-C Hub,Florida,36
2025-06-06,USB-C Hub,Florida,37
2025-06-07,USB-C Hub,Florida,35
2025-06-08,USB-C Hub,Florida,36
2025-06-09,USB-C Hub,Florida,42
2025-06-10,USB-C Hub,Florida,39
2025-06-11,USB-C Hub,Florida,49
2025-06-12,USB-C Hub,Florida,36
2025-06-13,USB-C Hub,Florida,41
2025-06-14,USB-C Hub,Florida,32
2025-06-15,USB-C Hub,Florida,27
2025-06-16,USB-C Hub,Florida,38
2025-06-17,USB-C Hub,Florida,37
2025-06-18,USB-C Hub,Florida,48
2025-06-19,USB-C Hub,Florida,50
2025-06-20,USB-C Hub,Florida,42
2025-06-21,USB-C Hub,Florida,29
2025-06-22,USB-C Hub,Florida,28
2025-06-23,USB-C Hub,Florida,41
2025-06-24,USB-C Hub,Florida,38
2025-06-25,USB-C Hub,Florida,40
2025-06-26,USB-C Hub,Florida,43
2025-06-27,USB-C Hub,Florida,39
2025-06-28,USB-C Hub,Florida,29
2025-06-29,USB-C Hub,Florida,29
2025-06-30,USB-C Hub,Florida,39
2025-07-01,USB-C Hub,Florida,37
2025-07-02,USB-C Hub,Florida,42
2025-07-03,USB-C Hub,Florida,30
2025-07-04,USB-C Hub,Florida,46
2025-07-05,USB-C Hub,Florida,29
2025-07-06,USB-C Hub,Florida,30
2025-07-07,USB-C Hub,Florida,42
2025-07-08,USB-C Hub,Florida,35
2025-07-09,USB-C Hub,Florida,34
2025-07-10,USB-C Hub,Florida,34
2025-07-11,USB-C Hub,Florida,37
2025-07-12,USB-C Hub,Florida,31
2025-07-13,USB-C Hub,Florida,26
2025-07-14,USB-C Hub,Florida,41
2025-07-15,USB-C Hub,Florida,28
2025-07-16,USB-C Hub,Florida,37
2025-07-17,USB-C Hub,Florida,44
2025-07-18,USB-C Hub,Florida,38
2025-07-19,USB-C Hub,Florida,25
2025-07-20,USB-C Hub,Florida,26
2025-07-21,USB-C Hub,Florida,25
2025-07-22,USB-C Hub,Florida,34
2025-07-23,USB-C Hub,Florida,44
2025-07-24,USB-C Hub,Florida,36
2025-07-25,USB-C Hub,Florida,36
2025-07-26,USB-C Hub,Florida,20
2025-07-27,USB-C Hub,Florida,23
2025-07-28,USB-C Hub,Florida,44
2025-07-29,USB-C Hub,Florida,42
2025-07-30,USB-C Hub,Florida,33
2025-07-31,USB-C Hub,Florida,36
2025-08-01,USB-C Hub,Florida,36
2025-08-02,USB-C Hub,Florida,23
2025-08-03,USB-C Hub,Florida,20
2025-08-04,USB-C Hub,Florida,36
2025-08-05,USB-C Hub,Florida,39
2025-08-06,USB-C Hub,Florida,39
2025-08-07,USB-C Hub,Florida,40
2025-08-08,USB-C Hub,Florida,30
2025-08-09,USB-C Hub,Florida,27
2025-08-10,USB-C Hub,Florida,26
2025-08-11,USB-C Hub,Florida,36
2025-08-12,USB-C Hub,Florida,35
2025-08-13,USB-C Hub,Florida,33
2025-08-14,USB-C Hub,Florida,23
2025-08-15,USB-C Hub,Florida,41
2025-08-16,USB-C Hub,Florida,28
2025-08-17,USB-C Hub,Florida,22
2025-08-18,USB-C Hub,Florida,38
2025-08-19,USB-C Hub,Florida,34
2025-08-20,USB-C Hub,Florida,34
2025-08-21,USB-C Hub,Florida,33
2025-08-22,USB-C Hub,Florida,39
2025-08-23,USB-C Hub,Florida,24
2025-08-24,USB-C Hub,Florida,23
2025-08-25,USB-C Hub,Florida,41
2025-08-26,USB-C Hub,Florida,36
2025-08-27,USB-C Hub,Florida,36
2025-08-28,USB-C Hub,Florida,39
2025-08-29,USB-C Hub,Florida,33
2025-08-30,USB-C Hub,Florida,25
2025-08-31,USB-C Hub,Florida,28
2025-09-01,USB-C Hub,Florida,28
2025-09-02,USB-C Hub,Florida,36
2025-09-03,USB-C Hub,Florida,31
2025-09-04,USB-C Hub,Florida,38
2025-09-05,USB-C Hub,Florida,37
2025-09-06,USB-C Hub,Florida,27
2025-09-07,USB-C Hub,Florida,20
2025-09-08,USB-C Hub,Florida,34
2025-09-09,USB-C Hub,Florida,30
2025-09-10,USB-C Hub,Florida,34
2025-09-11,USB-C Hub,Florida,25
2025-09-12,USB-C Hub,Florida,28
2025-09-13,USB-C Hub,Florida,29
2025-09-14,USB-C Hub,Florida,26
2025-09-15,USB-C Hub,Florida,33
2025-09-16,USB-C Hub,Florida,31
2025-09-17,USB-C Hub,Florida,30
2025-09-18,USB-C Hub,Florida,35
2025-09-19,USB-C Hub,Florida,33
2025-09-20,USB-C Hub,Florida,30
2025-09-21,USB-C Hub,Florida,25
2025-09-22,USB-C Hub,Florida,35
2025-09-23,USB-C Hub,Florida,29
2025-09-24,USB-C Hub,Florida,33
2025-09-25,USB-C Hub,Florida,35
2025-09-26,USB-C Hub,Florida,33
2025-09-27,USB-C Hub,Florida,24
2025-09-28,USB-C Hub,Florida,26
2025-09-29,USB-C Hub,Florida,41
2025-09-30,USB-C Hub,Florida,35
2025-10-01,USB-C Hub,Florida,39
2025-10-02,USB-C Hub,Florida,37
2025-10-03,USB-C Hub,Florida,38
2025-10-04,USB-C Hub,Florida,23
2025-10-05,USB-C Hub,Florida,24
2025-10-06,USB-C Hub,Florida,33
2025-10-07,USB-C Hub,Florida,36
2025-10-08,USB-C Hub,Florida,37
2025-10-09,USB-C Hub,Florida,35
2025-10-10,USB-C Hub,Florida,38
2025-10-11,USB-C Hub,Florida,23
2025-10-12,USB-C Hub,Florida,28
2025-10-13,USB-C Hub,Florida,38
2025-10-14,USB-C Hub,Florida,37
2025-10-15,USB-C Hub,Florida,35
2025-10-16,USB-C Hub,Florida,37
2025-10-17,USB-C Hub,Florida,30
2025-10-18,USB-C Hub,Florida,25
2025-10-19,USB-C Hub,Florida,26
2025-10-20,USB-C Hub,Florida,29
2025-10-21,USB-C Hub,Florida,36
2025-10-22,USB-C Hub,Florida,29
2025-10-23,USB-C Hub,Florida,32
2025-10-24,USB-C Hub,Florida,34
2025-10-25,USB-C Hub,Florida,23
2025-10-26,USB-C Hub,Florida,25
2025-10-27,USB-C Hub,Florida,34
2025-10-28,USB-C Hub,Florida,31
2025-10-29,USB-C Hub,Florida,36
2025-10-30,USB-C Hub,Florida,31
2025-10-31,USB-C Hub,Florida,43
2025-11-01,USB-C Hub,Florida,30
2025-11-02,USB-C Hub,Florida,26
2025-11-03,USB-C Hub,Florida,36
2025-11-04,USB-C Hub,Florida,46
2025-11-05,USB-C Hub,Florida,39
2025-11-06,USB-C Hub,Florida,34
2025-11-07,USB-C Hub,Florida,45
2025-11-08,USB-C Hub,Florida,28
2025-11-09,USB-C Hub,Florida,32
2025-11-10,USB-C Hub,Florida,45
2025-11-11,USB-C Hub,Florida,42
2025-11-12,USB-C Hub,Florida,53
2025-11-13,USB-C Hub,Florida,32
2025-11-14,USB-C Hub,Florida,37
2025-11-15,USB-C Hub,Florida,29
2025-11-16,USB-C Hub,Florida,38
2025-11-17,USB-C Hub,Florida,50
2025-11-18,USB-C Hub,Florida,47
2025-11-19,USB-C Hub,Florida,37
2025-11-20,USB-C Hub,Florida,38
2025-11-21,USB-C Hub,Florida,37
2025-11-22,USB-C Hub,Florida,27
2025-11-23,USB-C Hub,Florida,35
2025-11-24,USB-C Hub,Florida,40
2025-11-25,USB-C Hub,Florida,40
2025-11-26,USB-C Hub,Florida,45
2025-11-27,USB-C Hub,Florida,33
2025-11-28,USB-C Hub,Florida,41
2025-11-29,USB-C Hub,Florida,26
2025-11-30,USB-C Hub,Florida,29
2025-12-01,USB-C Hub,Florida,40
2025-12-02,USB-C Hub,Florida,40
2025-12-03,USB-C Hub,Florida,44
2025-12-04,USB-C Hub,Florida,44
2025-12-05,USB-C Hub,Florida,42
2025-12-06,USB-C Hub,Florida,33
2025-12-07,USB-C Hub,Florida,28
2025-12-08,USB-C Hub,Florida,46
2025-12-09,USB-C Hub,Florida,42
2025-12-10,USB-C Hub,Florida,40
2025-12-11,USB-C Hub,Florida,39
2025-12-12,USB-C Hub,Florida,42
2025-12-13,USB-C Hub,Florida,38
2025-12-14,USB-C Hub,Florida,31
2025-12-15,USB-C Hub,Florida,37
2025-12-16,USB-C Hub,Florida,48
2025-12-17,USB-C Hub,Florida,40
2025-12-18,USB-C Hub,Florida,44
2025-12-19,USB-C Hub,Florida,40
2025-12-20,USB-C Hub,Florida,36
2025-12-21,USB-C Hub,Florida,29
2025-12-22,USB-C Hub,Florida,50
2025-12-23,USB-C Hub,Florida,37
2025-12-24,USB-C Hub,Florida,41
2025-12-25,USB-C Hub,Florida,50
2025-12-26,USB-C Hub,Florida,44
2025-12-27,USB-C Hub,Florida,40
2025-12-28,USB-C Hub,Florida,30
2025-12-29,USB-C Hub,Florida,44
2025-12-30,USB-C Hub,Florida,53
2025-12-31,USB-C Hub,Florida,35
2026-01-01,USB-C Hub,Florida,31
2026-01-02,USB-C Hub,Florida,35
2026-01-03,USB-C Hub,Florida,31
2026-01-04,USB-C Hub,Florida,23
2026-01-05,USB-C Hub,Florida,41
2026-01-06,USB-C Hub,Florida,41
2026-01-07,USB-C Hub,Florida,48
2026-01-08,USB-C Hub,Florida,43
2026-01-09,USB-C Hub,Florida,40
2026-01-10,USB-C Hub,Florida,33
2026-01-11,USB-C Hub,Florida,30
2026-01-12,USB-C Hub,Florida,37
2026-01-13,USB-C Hub,Florida,33
2026-01-14,USB-C Hub,Florida,36
2026-01-15,USB-C Hub,Florida,38
2026-01-16,USB-C Hub,Florida,39
2026-01-17,USB-C Hub,Florida,21
2026-01-18,USB-C Hub,Florida,28
2026-01-19,USB-C Hub,Florida,39
2026-01-20,USB-C Hub,Florida,41
2026-01-21,USB-C Hub,Florida,46
2026-01-22,USB-C Hub,Florida,40
2026-01-23,USB-C Hub,Florida,34
2026-01-24,USB-C Hub,Florida,22
2026-01-25,USB-C Hub,Florida,31
2026-01-26,USB-C Hub,Florida,35
2026-01-27,USB-C Hub,Florida,43
2026-01-28,USB-C Hub,Florida,45
2026-01-29,USB-C Hub,Florida,31
2026-01-30,USB-C Hub,Florida,41
2026-01-31,USB-C Hub,Florida,33
2026-02-01,USB-C Hub,Florida,34
2026-02-02,USB-C Hub,Florida,31
2026-02-03,USB-C Hub,Florida,37
2026-02-04,USB-C Hub,Florida,35
2026-02-05,USB-C Hub,Florida,44
2026-02-06,USB-C Hub,Florida,43
2026-02-07,USB-C Hub,Florida,20
2026-02-08,USB-C Hub,Florida,29
2026-02-09,USB-C Hub,Florida,45
2026-02-10,USB-C Hub,Florida,42
2026-02-11,USB-C Hub,Florida,42
2026-02-12,USB-C Hub,Florida,39
2026-02-13,USB-C Hub,Florida,36
2026-02-14,USB-C Hub,Florida,30
2026-02-15,USB-C Hub,Florida,30
2026-02-16,USB-C Hub,Florida,44
2026-02-17,USB-C Hub,Florida,44
2026-02-18,USB-C Hub,Florida,41
2026-02-19,USB-C Hub,Florida,46
2026-02-20,USB-C Hub,Florida,39
2026-02-21,USB-C Hub,Florida,25
2026-02-22,USB-C Hub,Florida,32
2026-02-23,USB-C Hub,Florida,42
2026-02-24,USB-C Hub,Florida,43
2026-02-25,USB-C Hub,Florida,35
2026-02-26,USB-C Hub,Florida,50
2026-02-27,USB-C Hub,Florida,44
2026-02-28,USB-C Hub,Florida,29
2026-03-01,USB-C Hub,Florida,28
2026-03-02,USB-C Hub,Florida,48
2026-03-03,USB-C Hub,Florida,37
2026-03-04,USB-C Hub,Florida,54
2026-03-05,USB-C Hub,Florida,40
2026-03-06,USB-C Hub,Florida,51
2026-03-07,USB-C Hub,Florida,31
2026-03-08,USB-C Hub,Florida,37
2026-03-09,USB-C Hub,Florida,39
2026-03-10,USB-C Hub,Florida,43
2026-03-11,USB-C Hub,Florida,47
2026-03-12,USB-C Hub,Florida,46
2026-03-13,USB-C Hub,Florida,48
2026-03-14,USB-C Hub,Florida,29
2026-03-15,USB-C Hub,Florida,32
2026-03-16,USB-C Hub,Florida,49
2026-03-17,USB-C Hub,Florida,39
2026-03-18,USB-C Hub,Florida,46
2026-03-19,USB-C Hub,Florida,42
2026-03-20,USB-C Hub,Florida,44
2026-03-21,USB-C Hub,Florida,32
2026-03-22,USB-C Hub,Florida,28
2026-03-23,USB-C Hub,Florida,41
2026-03-24,USB-C Hub,Florida,43
2026-03-25,USB-C Hub,Florida,42
2026-03-26,USB-C Hub,Florida,51
2026-03-27,USB-C Hub,Florida,48
2026-03-28,USB-C Hub,Florida,32
2026-03-29,USB-C Hub,Florida,28
2026-03-30,USB-C Hub,Florida,38
2026-03-31,USB-C Hub,Florida,53
2026-04-01,USB-C Hub,Florida,38
2026-04-02,USB-C Hub,Florida,44
2026-04-03,USB-C Hub,Florida,45
2026-04-04,USB-C Hub,Florida,31
2026-04-05,USB-C Hub,Florida,28
2026-04-06,USB-C Hub,Florida,39
2026-04-07,USB-C Hub,Florida,40
2026-04-08,USB-C Hub,Florida,40
2026-04-09,USB-C Hub,Florida,50
2026-04-10,USB-C Hub,Florida,43
2026-04-11,USB-C Hub,Florida,30
2026-04-12,USB-C Hub,Florida,32
2026-04-13,USB-C Hub,Florida,47
2026-04-14,USB-C Hub,Florida,41
2026-04-15,USB-C Hub,Florida,48
2026-04-16,USB-C Hub,Florida,37
2026-04-17,USB-C Hub,Florida,49
2026-04-18,USB-C Hub,Florida,32
2026-04-19,USB-C Hub,Florida,32
2026-04-20,USB-C Hub,Florida,40
2026-04-21,USB-C Hub,Florida,37
2026-04-22,USB-C Hub,Florida,35
2026-04-23,USB-C Hub,Florida,39
2026-04-24,USB-C Hub,Florida,46
2026-04-25,USB-C Hub,Florida,28
2026-04-26,USB-C Hub,Florida,26
2026-04-27,USB-C Hub,Florida,39
2026-04-28,USB-C Hub,Florida,41
2026-04-29,USB-C Hub,Florida,41
2026-04-30,USB-C Hub,Florida,43
2026-05-01,USB-C Hub,Florida,48
2026-05-02,USB-C Hub,Florida,36
2026-05-03,USB-C Hub,Florida,39
2026-05-04,USB-C Hub,Florida,34
2026-05-05,USB-C Hub,Florida,38
2026-05-06,USB-C Hub,Florida,46
2026-05-07,USB-C Hub,Florida,40
2026-05-08,USB-C Hub,Florida,47
2026-05-09,USB-C Hub,Florida,32
2026-05-10,USB-C Hub,Florida,37
2026-05-11,USB-C Hub,Florida,48
2026-05-12,USB-C Hub,Florida,48
2026-05-13,USB-C Hub,Florida,41
2026-05-14,USB-C Hub,Florida,42
2026-05-15,USB-C Hub,Florida,41
2026-05-16,USB-C Hub,Florida,26
2026-05-17,USB-C Hub,Florida,37
2026-05-18,USB-C Hub,Florida,46
2026-05-19,USB-C Hub,Florida,41
2026-05-20,USB-C Hub,Florida,49
2026-05-21,USB-C Hub,Florida,39
2026-05-22,USB-C Hub,Florida,33
2026-05-23,USB-C Hub,Florida,35
2026-05-24,USB-C Hub,Florida,26
2026-05-25,USB-C Hub,Florida,42
2026-05-26,USB-C Hub,Florida,44
2026-05-27,USB-C Hub,Florida,45
2026-05-28,USB-C Hub,Florida,47
2026-05-29,USB-C Hub,Florida,46
2026-05-30,USB-C Hub,Florida,33
2026-05-31,USB-C Hub,Florida,28
2026-06-01,USB-C Hub,Florida,42
2026-06-02,USB-C Hub,Florida,34
2026-06-03,USB-C Hub,Florida,49
2026-06-04,USB-C Hub,Florida,34
2026-06-05,USB-C Hub,Florida,39
2026-06-06,USB-C Hub,Florida,25
2026-06-07,USB-C Hub,Florida,27
2026-06-08,USB-C Hub,Florida,41
2026-06-09,USB-C Hub,Florida,38
2026-06-10,USB-C Hub,Florida,47
2026-06-11,USB-C Hub,Florida,42
2026-06-12,USB-C Hub,Florida,39
2026-06-13,USB-C Hub,Florida,30
2026-06-14,USB-C Hub,Florida,34
2026-06-15,USB-C Hub,Florida,45
2026-06-16,USB-C Hub,Florida,35
2026-06-17,USB-C Hub,Florida,38
2026-06-18,USB-C Hub,Florida,43
2026-06-19,USB-C Hub,Florida,43
2026-06-20,USB-C Hub,Florida,26
2026-06-21,USB-C Hub,Florida,33
2026-06-22,USB-C Hub,Florida,37
2026-06-23,USB-C Hub,Florida,47
2026-06-24,USB-C Hub,Florida,44
2026-06-25,USB-C Hub,Florida,35
2026-06-26,USB-C Hub,Florida,38
2026-06-27,USB-C Hub,Florida,28
2026-06-28,USB-C Hub,Florida,31
2026-06-29,USB-C Hub,Florida,40
2026-06-30,USB-C Hub,Florida,35
2026-07-01,USB-C Hub,Florida,32
2026-07-02,USB-C Hub,Florida,41
2026-07-03,USB-C Hub,Florida,40
2026-07-04,USB-C Hub,Florida,29
2026-07-05,USB-C Hub,Florida,29
2026-07-06,USB-C Hub,Florida,36
2026-07-07,USB-C Hub,Florida,39
2026-07-08,USB-C Hub,Florida,50
2026-07-09,USB-C Hub,Florida,44
2026-07-10,USB-C Hub,Florida,37
2026-07-11,USB-C Hub,Florida,27
2026-07-12,USB-C Hub,Florida,19
2026-07-13,USB-C Hub,Florida,44
2026-07-14,USB-C Hub,Florida,42
2026-07-15,USB-C Hub,Florida,36
2026-07-16,USB-C Hub,Florida,32
2026-07-17,USB-C Hub,Florida,33
2026-07-18,USB-C Hub,Florida,30
2026-07-19,USB-C Hub,Florida,28
2026-07-20,USB-C Hub,Florida,42
2026-07-21,USB-C Hub,Florida,39
2026-07-22,USB-C Hub,Florida,43
2026-07-23,USB-C Hub,Florida,40
2026-07-24,USB-C Hub,Florida,42
2026-07-25,USB-C Hub,Florida,21
2026-07-26,USB-C Hub,Florida,24
2026-07-27,USB-C Hub,Florida,37
2026-07-28,USB-C Hub,Florida,44
2026-07-29,USB-C Hub,Florida,47
2026-07-30,USB-C Hub,Florida,38
2026-07-31,USB-C Hub,Florida,36
2026-08-01,USB-C Hub,Florida,20
2026-08-02,USB-C Hub,Florida,29
2026-08-03,USB-C Hub,Florida,34
2026-08-04,USB-C Hub,Florida,49
2026-08-05,USB-C Hub,Florida,33
2026-08-06,USB-C Hub,Florida,45
2026-08-07,USB-C Hub,Florida,40
2026-08-08,USB-C Hub,Florida,23
2026-08-09,USB-C Hub,Florida,27
2026-08-10,USB-C Hub,Florida,40
2026-08-11,USB-C Hub,Florida,35
2026-08-12,USB-C Hub,Florida,40
2026-08-13,USB-C Hub,Florida,40
2026-08-14,USB-C Hub,Florida,39
2026-08-15,USB-C Hub,Florida,27
2026-08-16,USB-C Hub,Florida,23
2026-08-17,USB-C Hub,Florida,36
2026-08-18,USB-C Hub,Florida,37
2026-08-19,USB-C Hub,Florida,28
2026-08-20,USB-C Hub,Florida,37
2026-08-21,USB-C Hub,Florida,36
2026-08-22,USB-C Hub,Florida,22
2026-08-23,USB-C Hub,Florida,26
2026-08-24,USB-C Hub,Florida,35
2026-08-25,USB-C Hub,Florida,45
2026-08-26,USB-C Hub,Florida,37
2026-08-27,USB-C Hub,Florida,41
2026-08-28,USB-C Hub,Florida,36
2026-08-29,USB-C Hub,Florida,21
2026-08-30,USB-C Hub,Florida,29
2026-08-31,USB-C Hub,Florida,33
2026-09-01,USB-C Hub,Florida,33
2026-09-02,USB-C Hub,Florida,30
2026-09-03,USB-C Hub,Florida,35
2026-09-04,USB-C Hub,Florida,39
2026-09-05,USB-C Hub,Florida,28
2026-09-06,USB-C Hub,Florida,30
2026-09-07,USB-C Hub,Florida,42
2026-09-08,USB-C Hub,Florida,26
2026-09-09,USB-C Hub,Florida,30
2026-09-10,USB-C Hub,Florida,27
2026-09-11,USB-C Hub,Florida,37
2026-09-12,USB-C Hub,Florida,23
2026-09-13,USB-C Hub,Florida,24
2026-09-14,USB-C Hub,Florida,34
2026-09-15,USB-C Hub,Florida,36
2026-09-16,USB-C Hub,Florida,28
2026-09-17,USB-C Hub,Florida,29
2026-09-18,USB-C Hub,Florida,35
2026-09-19,USB-C Hub,Florida,29
2026-09-20,USB-C Hub,Florida,25
2026-09-21,USB-C Hub,Florida,31
2026-09-22,USB-C Hub,Florida,26
2026-09-23,USB-C Hub,Florida,39
2026-09-24,USB-C Hub,Florida,32
2026-09-25,USB-C Hub,Florida,30
2026-09-26,USB-C Hub,Florida,20
2026-09-27,USB-C Hub,Florida,21
2026-09-28,USB-C Hub,Florida,31
2025-01-01,USB-C Hub,Georgia,29
2025-01-02,USB-C Hub,Georgia,26
2025-01-03,USB-C Hub,Georgia,31
2025-01-04,USB-C Hub,Georgia,21
2025-01-05,USB-C Hub,Georgia,28
2025-01-06,USB-C Hub,Georgia,24
2025-01-07,USB-C Hub,Georgia,31
2025-01-08,USB-C Hub,Georgia,31
2025-01-09,USB-C Hub,Georgia,27
2025-01-10,USB-C Hub,Georgia,31
2025-01-11,USB-C Hub,Georgia,24
2025-01-12,USB-C Hub,Georgia,22
2025-01-13,USB-C Hub,Georgia,35
2025-01-14,USB-C Hub,Georgia,22
2025-01-15,USB-C Hub,Georgia,27
2025-01-16,USB-C Hub,Georgia,36
2025-01-17,USB-C Hub,Georgia,34
2025-01-18,USB-C Hub,Georgia,24
2025-01-19,USB-C Hub,Georgia,25
2025-01-20,USB-C Hub,Georgia,23
2025-01-21,USB-C Hub,Georgia,33
2025-01-22,USB-C Hub,Georgia,34
2025-01-23,USB-C Hub,Georgia,28
2025-01-24,USB-C Hub,Georgia,40
2025-01-25,USB-C Hub,Georgia,23
2025-01-26,USB-C Hub,Georgia,16
2025-01-27,USB-C Hub,Georgia,32
2025-01-28,USB-C Hub,Georgia,28
2025-01-29,USB-C Hub,Georgia,34
2025-01-30,USB-C Hub,Georgia,32
2025-01-31,USB-C Hub,Georgia,28
2025-02-01,USB-C Hub,Georgia,28
2025-02-02,USB-C Hub,Georgia,26
2025-02-03,USB-C Hub,Georgia,29
2025-02-04,USB-C Hub,Georgia,31
2025-02-05,USB-C Hub,Georgia,34
2025-02-06,USB-C Hub,Georgia,31
2025-02-07,USB-C Hub,Georgia,31
2025-02-08,USB-C Hub,Georgia,24
2025-02-09,USB-C Hub,Georgia,20
2025-02-10,USB-C Hub,Georgia,23
2025-02-11,USB-C Hub,Georgia,33
2025-02-12,USB-C Hub,Georgia,24
2025-02-13,USB-C Hub,Georgia,28
2025-02-14,USB-C Hub,Georgia,25
2025-02-15,USB-C Hub,Georgia,19
2025-02-16,USB-C Hub,Georgia,25
2025-02-17,USB-C Hub,Georgia,31
2025-02-18,USB-C Hub,Georgia,31
2025-02-19,USB-C Hub,Georgia,27
2025-02-20,USB-C Hub,Georgia,30
2025-02-21,USB-C Hub,Georgia,34
2025-02-22,USB-C Hub,Georgia,23
2025-02-23,USB-C Hub,Georgia,26
2025-02-24,USB-C Hub,Georgia,36
2025-02-25,USB-C Hub,Georgia,31
2025-02-26,USB-C Hub,Georgia,25
2025-02-27,USB-C Hub,Georgia,29
2025-02-28,USB-C Hub,Georgia,32
2025-03-01,USB-C Hub,Georgia,22
2025-03-02,USB-C Hub,Georgia,21
2025-03-03,USB-C Hub,Georgia,34
2025-03-04,USB-C Hub,Georgia,43
2025-03-05,USB-C Hub,Georgia,31
2025-03-06,USB-C Hub,Georgia,33
2025-03-07,USB-C Hub,Georgia,28
2025-03-08,USB-C Hub,Georgia,28
2025-03-09,USB-C Hub,Georgia,27
2025-03-10,USB-C Hub,Georgia,37
2025-03-11,USB-C Hub,Georgia,39
2025-03-12,USB-C Hub,Georgia,32
2025-03-13,USB-C Hub,Georgia,32
2025-03-14,USB-C Hub,Georgia,40
2025-03-15,USB-C Hub,Georgia,26
2025-03-16,USB-C Hub,Georgia,18
2025-03-17,USB-C Hub,Georgia,35
2025-03-18,USB-C Hub,Georgia,31
2025-03-19,USB-C Hub,Georgia,37
2025-03-20,USB-C Hub,Georgia,35
2025-03-21,USB-C Hub,Georgia,26
2025-03-22,USB-C Hub,Georgia,25
2025-03-23,USB-C Hub,Georgia,25
2025-03-24,USB-C Hub,Georgia,35
2025-03-25,USB-C Hub,Georgia,36
2025-03-26,USB-C Hub,Georgia,39
2025-03-27,USB-C Hub,Georgia,35
2025-03-28,USB-C Hub,Georgia,33
2025-03-29,USB-C Hub,Georgia,28
2025-03-30,USB-C Hub,Georgia,31
2025-03-31,USB-C Hub,Georgia,37
2025-04-01,USB-C Hub,Georgia,35
2025-04-02,USB-C Hub,Georgia,36
2025-04-03,USB-C Hub,Georgia,35
2025-04-04,USB-C Hub,Georgia,34
2025-04-05,USB-C Hub,Georgia,31
2025-04-06,USB-C Hub,Georgia,23
2025-04-07,USB-C Hub,Georgia,39
2025-04-08,USB-C Hub,Georgia,33
2025-04-09,USB-C Hub,Georgia,28
2025-04-10,USB-C Hub,Georgia,33
2025-04-11,USB-C Hub,Georgia,32
2025-04-12,USB-C Hub,Georgia,27
2025-04-13,USB-C Hub,Georgia,25
2025-04-14,USB-C Hub,Georgia,30
2025-04-15,USB-C Hub,Georgia,40
2025-04-16,USB-C Hub,Georgia,38
2025-04-17,USB-C Hub,Georgia,40
2025-04-18,USB-C Hub,Georgia,35
2025-04-19,USB-C Hub,Georgia,25
2025-04-20,USB-C Hub,Georgia,27
2025-04-21,USB-C Hub,Georgia,32
2025-04-22,USB-C Hub,Georgia,34
2025-04-23,USB-C Hub,Georgia,33
2025-04-24,USB-C Hub,Georgia,28
2025-04-25,USB-C Hub,Georgia,34
2025-04-26,USB-C Hub,Georgia,23
2025-04-27,USB-C Hub,Georgia,24
2025-04-28,USB-C Hub,Georgia,35
2025-04-29,USB-C Hub,Georgia,39
2025-04-30,USB-C Hub,Georgia,30
2025-05-01,USB-C Hub,Georgia,32
2025-05-02,USB-C Hub,Georgia,30
2025-05-03,USB-C Hub,Georgia,22
2025-05-04,USB-C Hub,Georgia,23
2025-05-05,USB-C Hub,Georgia,33
2025-05-06,USB-C Hub,Georgia,36
2025-05-07,USB-C Hub,Georgia,35
2025-05-08,USB-C Hub,Georgia,29
2025-05-09,USB-C Hub,Georgia,39
2025-05-10,USB-C Hub,Georgia,27
2025-05-11,USB-C Hub,Georgia,22
2025-05-12,USB-C Hub,Georgia,38
2025-05-13,USB-C Hub,Georgia,35
2025-05-14,USB-C Hub,Georgia,33
2025-05-15,USB-C Hub,Georgia,35
2025-05-16,USB-C Hub,Georgia,33
2025-05-17,USB-C Hub,Georgia,26
2025-05-18,USB-C Hub,Georgia,25
2025-05-19,USB-C Hub,Georgia,32
2025-05-20,USB-C Hub,Georgia,25
2025-05-21,USB-C Hub,Georgia,35
2025-05-22,USB-C Hub,Georgia,32
2025-05-23,USB-C Hub,Georgia,36
2025-05-24,USB-C Hub,Georgia,26
2025-05-25,USB-C Hub,Georgia,23
2025-05-26,USB-C Hub,Georgia,37
2025-05-27,USB-C Hub,Georgia,34
2025-05-28,USB-C Hub,Georgia,34
2025-05-29,USB-C Hub,Georgia,33
2025-05-30,USB-C Hub,Georgia,40
2025-05-31,USB-C Hub,Georgia,22
2025-06-01,USB-C Hub,Georgia,23
2025-06-02,USB-C Hub,Georgia,27
2025-06-03,USB-C Hub,Georgia,35
2025-06-04,USB-C Hub,Georgia,30
2025-06-05,USB-C Hub,Georgia,30
2025-06-06,USB-C Hub,Georgia,30
2025-06-07,USB-C Hub,Georgia,24
2025-06-08,USB-C Hub,Georgia,20
2025-06-09,USB-C Hub,Georgia,23
2025-06-10,USB-C Hub,Georgia,34
2025-06-11,USB-C Hub,Georgia,24
2025-06-12,USB-C Hub,Georgia,35
2025-06-13,USB-C Hub,Georgia,38
2025-06-14,USB-C Hub,Georgia,23
2025-06-15,USB-C Hub,Georgia,27
2025-06-16,USB-C Hub,Georgia,32
2025-06-17,USB-C Hub,Georgia,38
2025-06-18,USB-C Hub,Georgia,30
2025-06-19,USB-C Hub,Georgia,23
2025-06-20,USB-C Hub,Georgia,32
2025-06-21,USB-C Hub,Georgia,28
2025-06-22,USB-C Hub,Georgia,25
2025-06-23,USB-C Hub,Georgia,30
2025-06-24,USB-C Hub,Georgia,33
2025-06-25,USB-C Hub,Georgia,36
2025-06-26,USB-C Hub,Georgia,32
2025-06-27,USB-C Hub,Georgia,42
2025-06-28,USB-C Hub,Georgia,22
2025-06-29,USB-C Hub,Georgia,26
2025-06-30,USB-C Hub,Georgia,35
2025-07-01,USB-C Hub,Georgia,28
2025-07-02,USB-C Hub,Georgia,29
2025-07-03,USB-C Hub,Georgia,34
2025-07-04,USB-C Hub,Georgia,31
2025-07-05,USB-C Hub,Georgia,23
2025-07-06,USB-C Hub,Georgia,18
2025-07-07,USB-C Hub,Georgia,33
2025-07-08,USB-C Hub,Georgia,31
2025-07-09,USB-C Hub,Georgia,30
2025-07-10,USB-C Hub,Georgia,32
2025-07-11,USB-C Hub,Georgia,29
2025-07-12,USB-C Hub,Georgia,21
2025-07-13,USB-C Hub,Georgia,21
2025-07-14,USB-C Hub,Georgia,29
2025-07-15,USB-C Hub,Georgia,38
2025-07-16,USB-C Hub,Georgia,34
2025-07-17,USB-C Hub,Georgia,27
2025-07-18,USB-C Hub,Georgia,38
2025-07-19,USB-C Hub,Georgia,21
2025-07-20,USB-C Hub,Georgia,22
2025-07-21,USB-C Hub,Georgia,33
2025-07-22,USB-C Hub,Georgia,23
2025-07-23,USB-C Hub,Georgia,29
2025-07-24,USB-C Hub,Georgia,28
2025-07-25,USB-C Hub,Georgia,31
2025-07-26,USB-C Hub,Georgia,23
2025-07-27,USB-C Hub,Georgia,22
2025-07-28,USB-C Hub,Georgia,30
2025-07-29,USB-C Hub,Georgia,34
2025-07-30,USB-C Hub,Georgia,31
2025-07-31,USB-C Hub,Georgia,30
2025-08-01,USB-C Hub,Georgia,29
2025-08-02,USB-C Hub,Georgia,25
2025-08-03,USB-C Hub,Georgia,21
2025-08-04,USB-C Hub,Georgia,27
2025-08-05,USB-C Hub,Georgia,22
2025-08-06,USB-C Hub,Georgia,24
2025-08-07,USB-C Hub,Georgia,27
2025-08-08,USB-C Hub,Georgia,28
2025-08-09,USB-C Hub,Georgia,19
2025-08-10,USB-C Hub,Georgia,22
2025-08-11,USB-C Hub,Georgia,26
2025-08-12,USB-C Hub,Georgia,25
2025-08-13,USB-C Hub,Georgia,31
2025-08-14,USB-C Hub,Georgia,33
2025-08-15,USB-C Hub,Georgia,25
2025-08-16,USB-C Hub,Georgia,21
2025-08-17,USB-C Hub,Georgia,16
2025-08-18,USB-C Hub,Georgia,23
2025-08-19,USB-C Hub,Georgia,26
2025-08-20,USB-C Hub,Georgia,32
2025-08-21,USB-C Hub,Georgia,26
2025-08-22,USB-C Hub,Georgia,26
2025-08-23,USB-C Hub,Georgia,21
2025-08-24,USB-C Hub,Georgia,21
2025-08-25,USB-C Hub,Georgia,26
2025-08-26,USB-C Hub,Georgia,35
2025-08-27,USB-C Hub,Georgia,28
2025-08-28,USB-C Hub,Georgia,29
2025-08-29,USB-C Hub,Georgia,27
2025-08-30,USB-C Hub,Georgia,22
2025-08-31,USB-C Hub,Georgia,24
2025-09-01,USB-C Hub,Georgia,33
2025-09-02,USB-C Hub,Georgia,25
2025-09-03,USB-C Hub,Georgia,31
2025-09-04,USB-C Hub,Georgia,29
2025-09-05,USB-C Hub,Georgia,30
2025-09-06,USB-C Hub,Georgia,20
2025-09-07,USB-C Hub,Georgia,19
2025-09-08,USB-C Hub,Georgia,30
2025-09-09,USB-C Hub,Georgia,30
2025-09-10,USB-C Hub,Georgia,32
2025-09-11,USB-C Hub,Georgia,28
2025-09-12,USB-C Hub,Georgia,27
2025-09-13,USB-C Hub,Georgia,14
2025-09-14,USB-C Hub,Georgia,16
2025-09-15,USB-C Hub,Georgia,26
2025-09-16,USB-C Hub,Georgia,24
2025-09-17,USB-C Hub,Georgia,30
2025-09-18,USB-C Hub,Georgia,23
2025-09-19,USB-C Hub,Georgia,25
2025-09-20,USB-C Hub,Georgia,19
2025-09-21,USB-C Hub,Georgia,23
2025-09-22,USB-C Hub,Georgia,25
2025-09-23,USB-C Hub,Georgia,29
2025-09-24,USB-C Hub,Georgia,28
2025-09-25,USB-C Hub,Georgia,30
2025-09-26,USB-C Hub,Georgia,30
2025-09-27,USB-C Hub,Georgia,20
2025-09-28,USB-C Hub,Georgia,16
2025-09-29,USB-C Hub,Georgia,26
2025-09-30,USB-C Hub,Georgia,27
2025-10-01,USB-C Hub,Georgia,28
2025-10-02,USB-C Hub,Georgia,24
2025-10-03,USB-C Hub,Georgia,30
2025-10-04,USB-C Hub,Georgia,20
2025-10-05,USB-C Hub,Georgia,17
2025-10-06,USB-C Hub,Georgia,25
2025-10-07,USB-C Hub,Georgia,33
2025-10-08,USB-C Hub,Georgia,29
2025-10-09,USB-C Hub,Georgia,30
2025-10-10,USB-C Hub,Georgia,23
2025-10-11,USB-C Hub,Georgia,18
2025-10-12,USB-C Hub,Georgia,18
2025-10-13,USB-C Hub,Georgia,27
2025-10-14,USB-C Hub,Georgia,26
2025-10-15,USB-C Hub,Georgia,25
2025-10-16,USB-C Hub,Georgia,25
2025-10-17,USB-C Hub,Georgia,24
2025-10-18,USB-C Hub,Georgia,19
2025-10-19,USB-C Hub,Georgia,22
2025-10-20,USB-C Hub,Georgia,22
2025-10-21,USB-C Hub,Georgia,28
2025-10-22,USB-C Hub,Georgia,31
2025-10-23,USB-C Hub,Georgia,26
2025-10-24,USB-C Hub,Georgia,25
2025-10-25,USB-C Hub,Georgia,22
2025-10-26,USB-C Hub,Georgia,17
2025-10-27,USB-C Hub,Georgia,27
2025-10-28,USB-C Hub,Georgia,23
2025-10-29,USB-C Hub,Georgia,21
2025-10-30,USB-C Hub,Georgia,26
2025-10-31,USB-C Hub,Georgia,23
2025-11-01,USB-C Hub,Georgia,23
2025-11-02,USB-C Hub,Georgia,27
2025-11-03,USB-C Hub,Georgia,39
2025-11-04,USB-C Hub,Georgia,32
2025-11-05,USB-C Hub,Georgia,36
2025-11-06,USB-C Hub,Georgia,34
2025-11-07,USB-C Hub,Georgia,31
2025-11-08,USB-C Hub,Georgia,18
2025-11-09,USB-C Hub,Georgia,28
2025-11-10,USB-C Hub,Georgia,28
2025-11-11,USB-C Hub,Georgia,37
2025-11-12,USB-C Hub,Georgia,34
2025-11-13,USB-C Hub,Georgia,28
2025-11-14,USB-C Hub,Georgia,33
2025-11-15,USB-C Hub,Georgia,29
2025-11-16,USB-C Hub,Georgia,28
2025-11-17,USB-C Hub,Georgia,30
2025-11-18,USB-C Hub,Georgia,29
2025-11-19,USB-C Hub,Georgia,32
2025-11-20,USB-C Hub,Georgia,31
2025-11-21,USB-C Hub,Georgia,37
2025-11-22,USB-C Hub,Georgia,25
2025-11-23,USB-C Hub,Georgia,19
2025-11-24,USB-C Hub,Georgia,34
2025-11-25,USB-C Hub,Georgia,31
2025-11-26,USB-C Hub,Georgia,32
2025-11-27,USB-C Hub,Georgia,33
2025-11-28,USB-C Hub,Georgia,37
2025-11-29,USB-C Hub,Georgia,26
2025-11-30,USB-C Hub,Georgia,21
2025-12-01,USB-C Hub,Georgia,33
2025-12-02,USB-C Hub,Georgia,32
2025-12-03,USB-C Hub,Georgia,27
2025-12-04,USB-C Hub,Georgia,33
2025-12-05,USB-C Hub,Georgia,41
2025-12-06,USB-C Hub,Georgia,20
2025-12-07,USB-C Hub,Georgia,24
2025-12-08,USB-C Hub,Georgia,33
2025-12-09,USB-C Hub,Georgia,35
2025-12-10,USB-C Hub,Georgia,30
2025-12-11,USB-C Hub,Georgia,28
2025-12-12,USB-C Hub,Georgia,28
2025-12-13,USB-C Hub,Georgia,28
2025-12-14,USB-C Hub,Georgia,22
2025-12-15,USB-C Hub,Georgia,32
2025-12-16,USB-C Hub,Georgia,42
2025-12-17,USB-C Hub,Georgia,31
2025-12-18,USB-C Hub,Georgia,35
2025-12-19,USB-C Hub,Georgia,38
2025-12-20,USB-C Hub,Georgia,28
2025-12-21,USB-C Hub,Georgia,21
2025-12-22,USB-C Hub,Georgia,31
2025-12-23,USB-C Hub,Georgia,35
2025-12-24,USB-C Hub,Georgia,41
2025-12-25,USB-C Hub,Georgia,30
2025-12-26,USB-C Hub,Georgia,32
2025-12-27,USB-C Hub,Georgia,26
2025-12-28,USB-C Hub,Georgia,26
2025-12-29,USB-C Hub,Georgia,36
2025-12-30,USB-C Hub,Georgia,30
2025-12-31,USB-C Hub,Georgia,31
2026-01-01,USB-C Hub,Georgia,31
2026-01-02,USB-C Hub,Georgia,35
2026-01-03,USB-C Hub,Georgia,22
2026-01-04,USB-C Hub,Georgia,22
2026-01-05,USB-C Hub,Georgia,27
2026-01-06,USB-C Hub,Georgia,37
2026-01-07,USB-C Hub,Georgia,31
2026-01-08,USB-C Hub,Georgia,34
2026-01-09,USB-C Hub,Georgia,30
2026-01-10,USB-C Hub,Georgia,22
2026-01-11,USB-C Hub,Georgia,18
2026-01-12,USB-C Hub,Georgia,22
2026-01-13,USB-C Hub,Georgia,35
2026-01-14,USB-C Hub,Georgia,31
2026-01-15,USB-C Hub,Georgia,31
2026-01-16,USB-C Hub,Georgia,26
2026-01-17,USB-C Hub,Georgia,20
2026-01-18,USB-C Hub,Georgia,25
2026-01-19,USB-C Hub,Georgia,37
2026-01-20,USB-C Hub,Georgia,28
2026-01-21,USB-C Hub,Georgia,33
2026-01-22,USB-C Hub,Georgia,31
2026-01-23,USB-C Hub,Georgia,30
2026-01-24,USB-C Hub,Georgia,27
2026-01-25,USB-C Hub,Georgia,21
2026-01-26,USB-C Hub,Georgia,35
2026-01-27,USB-C Hub,Georgia,32
2026-01-28,USB-C Hub,Georgia,30
2026-01-29,USB-C Hub,Georgia,35
2026-01-30,USB-C Hub,Georgia,31
2026-01-31,USB-C Hub,Georgia,22
2026-02-01,USB-C Hub,Georgia,27
2026-02-02,USB-C Hub,Georgia,37
2026-02-03,USB-C Hub,Georgia,37
2026-02-04,USB-C Hub,Georgia,17
2026-02-05,USB-C Hub,Georgia,34
2026-02-06,USB-C Hub,Georgia,33
2026-02-07,USB-C Hub,Georgia,23
2026-02-08,USB-C Hub,Georgia,25
2026-02-09,USB-C Hub,Georgia,33
2026-02-10,USB-C Hub,Georgia,35
2026-02-11,USB-C Hub,Georgia,31
2026-02-12,USB-C Hub,Georgia,38
2026-02-13,USB-C Hub,Georgia,35
2026-02-14,USB-C Hub,Georgia,25
2026-02-15,USB-C Hub,Georgia,25
2026-02-16,USB-C Hub,Georgia,37
2026-02-17,USB-C Hub,Georgia,36
2026-02-18,USB-C Hub,Georgia,32
2026-02-19,USB-C Hub,Georgia,36
2026-02-20,USB-C Hub,Georgia,33
2026-02-21,USB-C Hub,Georgia,29
2026-02-22,USB-C Hub,Georgia,27
2026-02-23,USB-C Hub,Georgia,30
2026-02-24,USB-C Hub,Georgia,41
2026-02-25,USB-C Hub,Georgia,24
2026-02-26,USB-C Hub,Georgia,35
2026-02-27,USB-C Hub,Georgia,29
2026-02-28,USB-C Hub,Georgia,29
2026-03-01,USB-C Hub,Georgia,25
2026-03-02,USB-C Hub,Georgia,30
2026-03-03,USB-C Hub,Georgia,32
2026-03-04,USB-C Hub,Georgia,31
2026-03-05,USB-C Hub,Georgia,32
2026-03-06,USB-C Hub,Georgia,32
2026-03-07,USB-C Hub,Georgia,22
2026-03-08,USB-C Hub,Georgia,25
2026-03-09,USB-C Hub,Georgia,35
2026-03-10,USB-C Hub,Georgia,29
2026-03-11,USB-C Hub,Georgia,27
2026-03-12,USB-C Hub,Georgia,35
2026-03-13,USB-C Hub,Georgia,36
2026-03-14,USB-C Hub,Georgia,27
2026-03-15,USB-C Hub,Georgia,26
2026-03-16,USB-C Hub,Georgia,40
2026-03-17,USB-C Hub,Georgia,37
2026-03-18,USB-C Hub,Georgia,44
2026-03-19,USB-C Hub,Georgia,46
2026-03-20,USB-C Hub,Georgia,26
2026-03-21,USB-C Hub,Georgia,18
2026-03-22,USB-C Hub,Georgia,24
2026-03-23,USB-C Hub,Georgia,35
2026-03-24,USB-C Hub,Georgia,33
2026-03-25,USB-C Hub,Georgia,36
2026-03-26,USB-C Hub,Georgia,32
2026-03-27,USB-C Hub,Georgia,31
2026-03-28,USB-C Hub,Georgia,23
2026-03-29,USB-C Hub,Georgia,24
2026-03-30,USB-C Hub,Georgia,37
2026-03-31,USB-C Hub,Georgia,31
2026-04-01,USB-C Hub,Georgia,33
2026-04-02,USB-C Hub,Georgia,36
2026-04-03,USB-C Hub,Georgia,33
2026-04-04,USB-C Hub,Georgia,28
2026-04-05,USB-C Hub,Georgia,22
2026-04-06,USB-C Hub,Georgia,29
2026-04-07,USB-C Hub,Georgia,35
2026-04-08,USB-C Hub,Georgia,36
2026-04-09,USB-C Hub,Georgia,30
2026-04-10,USB-C Hub,Georgia,39
2026-04-11,USB-C Hub,Georgia,31
2026-04-12,USB-C Hub,Georgia,23
2026-04-13,USB-C Hub,Georgia,40
2026-04-14,USB-C Hub,Georgia,24
2026-04-15,USB-C Hub,Georgia,38
2026-04-16,USB-C Hub,Georgia,30
2026-04-17,USB-C Hub,Georgia,38
2026-04-18,USB-C Hub,Georgia,22
2026-04-19,USB-C Hub,Georgia,25
2026-04-20,USB-C Hub,Georgia,31
2026-04-21,USB-C Hub,Georgia,33
2026-04-22,USB-C Hub,Georgia,41
2026-04-23,USB-C Hub,Georgia,33
2026-04-24,USB-C Hub,Georgia,42
2026-04-25,USB-C Hub,Georgia,24
2026-04-26,USB-C Hub,Georgia,29
2026-04-27,USB-C Hub,Georgia,27
2026-04-28,USB-C Hub,Georgia,33
2026-04-29,USB-C Hub,Georgia,32
2026-04-30,USB-C Hub,Georgia,40
2026-05-01,USB-C Hub,Georgia,34
2026-05-02,USB-C Hub,Georgia,18
2026-05-03,USB-C Hub,Georgia,21
2026-05-04,USB-C Hub,Georgia,29
2026-05-05,USB-C Hub,Georgia,37
2026-05-06,USB-C Hub,Georgia,37
2026-05-07,USB-C Hub,Georgia,32
2026-05-08,USB-C Hub,Georgia,31
2026-05-09,USB-C Hub,Georgia,27
2026-05-10,USB-C Hub,Georgia,21
2026-05-11,USB-C Hub,Georgia,35
2026-05-12,USB-C Hub,Georgia,35
2026-05-13,USB-C Hub,Georgia,32
2026-05-14,USB-C Hub,Georgia,35
2026-05-15,USB-C Hub,Georgia,34
2026-05-16,USB-C Hub,Georgia,26
2026-05-17,USB-C Hub,Georgia,21
2026-05-18,USB-C Hub,Georgia,36
2026-05-19,USB-C Hub,Georgia,37
2026-05-20,USB-C Hub,Georgia,35
2026-05-21,USB-C Hub,Georgia,36
2026-05-22,USB-C Hub,Georgia,33
2026-05-23,USB-C Hub,Georgia,27
2026-05-24,USB-C Hub,Georgia,25
2026-05-25,USB-C Hub,Georgia,29
2026-05-26,USB-C Hub,Georgia,37
2026-05-27,USB-C Hub,Georgia,27
2026-05-28,USB-C Hub,Georgia,35
2026-05-29,USB-C Hub,Georgia,32
2026-05-30,USB-C Hub,Georgia,23
2026-05-31,USB-C Hub,Georgia,25
2026-06-01,USB-C Hub,Georgia,29
2026-06-02,USB-C Hub,Georgia,34
2026-06-03,USB-C Hub,Georgia,32
2026-06-04,USB-C Hub,Georgia,30
2026-06-05,USB-C Hub,Georgia,37
2026-06-06,USB-C Hub,Georgia,24
2026-06-07,USB-C Hub,Georgia,25
2026-06-08,USB-C Hub,Georgia,38
2026-06-09,USB-C Hub,Georgia,37
2026-06-10,USB-C Hub,Georgia,34
2026-06-11,USB-C Hub,Georgia,31
2026-06-12,USB-C Hub,Georgia,27
2026-06-13,USB-C Hub,Georgia,24
2026-06-14,USB-C Hub,Georgia,27
2026-06-15,USB-C Hub,Georgia,33
2026-06-16,USB-C Hub,Georgia,19
2026-06-17,USB-C Hub,Georgia,35
2026-06-18,USB-C Hub,Georgia,36
2026-06-19,USB-C Hub,Georgia,31
2026-06-20,USB-C Hub,Georgia,26
2026-06-21,USB-C Hub,Georgia,25
2026-06-22,USB-C Hub,Georgia,29
2026-06-23,USB-C Hub,Georgia,37
2026-06-24,USB-C Hub,Georgia,27
2026-06-25,USB-C Hub,Georgia,32
2026-06-26,USB-C Hub,Georgia,31
2026-06-27,USB-C Hub,Georgia,21
2026-06-28,USB-C Hub,Georgia,24
2026-06-29,USB-C Hub,Georgia,37
2026-06-30,USB-C Hub,Georgia,37
2026-07-01,USB-C Hub,Georgia,33
2026-07-02,USB-C Hub,Georgia,24
2026-07-03,USB-C Hub,Georgia,25
2026-07-04,USB-C Hub,Georgia,23
2026-07-05,USB-C Hub,Georgia,22
2026-07-06,USB-C Hub,Georgia,28
2026-07-07,USB-C Hub,Georgia,37
2026-07-08,USB-C Hub,Georgia,31
2026-07-09,USB-C Hub,Georgia,32
2026-07-10,USB-C Hub,Georgia,34
2026-07-11,USB-C Hub,Georgia,22
2026-07-12,USB-C Hub,Georgia,29
2026-07-13,USB-C Hub,Georgia,27
2026-07-14,USB-C Hub,Georgia,28
2026-07-15,USB-C Hub,Georgia,27
2026-07-16,USB-C Hub,Georgia,36
2026-07-17,USB-C Hub,Georgia,33
2026-07-18,USB-C Hub,Georgia,21
2026-07-19,USB-C Hub,Georgia,20
2026-07-20,USB-C Hub,Georgia,35
2026-07-21,USB-C Hub,Georgia,32
2026-07-22,USB-C Hub,Georgia,35
2026-07-23,USB-C Hub,Georgia,30
2026-07-24,USB-C Hub,Georgia,32
2026-07-25,USB-C Hub,Georgia,23
2026-07-26,USB-C Hub,Georgia,20
2026-07-27,USB-C Hub,Georgia,30
2026-07-28,USB-C Hub,Georgia,26
2026-07-29,USB-C Hub,Georgia,32
2026-07-30,USB-C Hub,Georgia,33
2026-07-31,USB-C Hub,Georgia,34
2026-08-01,USB-C Hub,Georgia,22
2026-08-02,USB-C Hub,Georgia,20
2026-08-03,USB-C Hub,Georgia,34
2026-08-04,USB-C Hub,Georgia,31
2026-08-05,USB-C Hub,Georgia,33
2026-08-06,USB-C Hub,Georgia,33
2026-08-07,USB-C Hub,Georgia,28
2026-08-08,USB-C Hub,Georgia,22
2026-08-09,USB-C Hub,Georgia,23
2026-08-10,USB-C Hub,Georgia,25
2026-08-11,USB-C Hub,Georgia,25
2026-08-12,USB-C Hub,Georgia,24
2026-08-13,USB-C Hub,Georgia,28
2026-08-14,USB-C Hub,Georgia,27
2026-08-15,USB-C Hub,Georgia,17
2026-08-16,USB-C Hub,Georgia,21
2026-08-17,USB-C Hub,Georgia,28
2026-08-18,USB-C Hub,Georgia,32
2026-08-19,USB-C Hub,Georgia,35
2026-08-20,USB-C Hub,Georgia,30
2026-08-21,USB-C Hub,Georgia,26
2026-08-22,USB-C Hub,Georgia,22
2026-08-23,USB-C Hub,Georgia,21
2026-08-24,USB-C Hub,Georgia,28
2026-08-25,USB-C Hub,Georgia,25
2026-08-26,USB-C Hub,Georgia,27
2026-08-27,USB-C Hub,Georgia,28
2026-08-28,USB-C Hub,Georgia,31
2026-08-29,USB-C Hub,Georgia,22
2026-08-30,USB-C Hub,Georgia,25
2026-08-31,USB-C Hub,Georgia,31
2026-09-01,USB-C Hub,Georgia,28
2026-09-02,USB-C Hub,Georgia,26
2026-09-03,USB-C Hub,Georgia,24
2026-09-04,USB-C Hub,Georgia,25
2026-09-05,USB-C Hub,Georgia,18
2026-09-06,USB-C Hub,Georgia,14
2026-09-07,USB-C Hub,Georgia,24
2026-09-08,USB-C Hub,Georgia,32
2026-09-09,USB-C Hub,Georgia,28
2026-09-10,USB-C Hub,Georgia,26
2026-09-11,USB-C Hub,Georgia,28
2026-09-12,USB-C Hub,Georgia,15
2026-09-13,USB-C Hub,Georgia,21
2026-09-14,USB-C Hub,Georgia,31
2026-09-15,USB-C Hub,Georgia,27
2026-09-16,USB-C Hub,Georgia,21
2026-09-17,USB-C Hub,Georgia,26
2026-09-18,USB-C Hub,Georgia,31
2026-09-19,USB-C Hub,Georgia,20
2026-09-20,USB-C Hub,Georgia,16
2026-09-21,USB-C Hub,Georgia,35
2026-09-22,USB-C Hub,Georgia,23
2026-09-23,USB-C Hub,Georgia,26
2026-09-24,USB-C Hub,Georgia,24
2026-09-25,USB-C Hub,Georgia,24
2026-09-26,USB-C Hub,Georgia,19
2026-09-27,USB-C Hub,Georgia,21
2026-09-28,USB-C Hub,Georgia,31
2025-01-01,USB-C Hub,Texas,34
2025-01-02,USB-C Hub,Texas,31
2025-01-03,USB-C Hub,Texas,37
2025-01-04,USB-C Hub,Texas,27
2025-01-05,USB-C Hub,Texas,27
2025-01-06,USB-C Hub,Texas,36
2025-01-07,USB-C Hub,Texas,35
2025-01-08,USB-C Hub,Texas,36
2025-01-09,USB-C Hub,Texas,35
2025-01-10,USB-C Hub,Texas,40
2025-01-11,USB-C Hub,Texas,33
2025-01-12,USB-C Hub,Texas,26
2025-01-13,USB-C Hub,Texas,35
2025-01-14,USB-C Hub,Texas,36
2025-01-15,USB-C Hub,Texas,32
2025-01-16,USB-C Hub,Texas,39
2025-01-17,USB-C Hub,Texas,37
2025-01-18,USB-C Hub,Texas,25
2025-01-19,USB-C Hub,Texas,29
2025-01-20,USB-C Hub,Texas,35
2025-01-21,USB-C Hub,Texas,31
2025-01-22,USB-C Hub,Texas,37
2025-01-23,USB-C Hub,Texas,36
2025-01-24,USB-C Hub,Texas,39
2025-01-25,USB-C Hub,Texas,28
2025-01-26,USB-C Hub,Texas,25
2025-01-27,USB-C Hub,Texas,33
2025-01-28,USB-C Hub,Texas,35
2025-01-29,USB-C Hub,Texas,37
2025-01-30,USB-C Hub,Texas,37
2025-01-31,USB-C Hub,Texas,37
2025-02-01,USB-C Hub,Texas,27
2025-02-02,USB-C Hub,Texas,31
2025-02-03,USB-C Hub,Texas,34
2025-02-04,USB-C Hub,Texas,49
2025-02-05,USB-C Hub,Texas,41
2025-02-06,USB-C Hub,Texas,32
2025-02-07,USB-C Hub,Texas,38
2025-02-08,USB-C Hub,Texas,30
2025-02-09,USB-C Hub,Texas,26
2025-02-10,USB-C Hub,Texas,31
2025-02-11,USB-C Hub,Texas,33
2025-02-12,USB-C Hub,Texas,40
2025-02-13,USB-C Hub,Texas,30
2025-02-14,USB-C Hub,Texas,31
2025-02-15,USB-C Hub,Texas,29
2025-02-16,USB-C Hub,Texas,27
2025-02-17,USB-C Hub,Texas,34
2025-02-18,USB-C Hub,Texas,35
2025-02-19,USB-C Hub,Texas,31
2025-02-20,USB-C Hub,Texas,40
2025-02-21,USB-C Hub,Texas,34
2025-02-22,USB-C Hub,Texas,26
2025-02-23,USB-C Hub,Texas,29
2025-02-24,USB-C Hub,Texas,36
2025-02-25,USB-C Hub,Texas,34
2025-02-26,USB-C Hub,Texas,28
2025-02-27,USB-C Hub,Texas,39
2025-02-28,USB-C Hub,Texas,38
2025-03-01,USB-C Hub,Texas,27
2025-03-02,USB-C Hub,Texas,25
2025-03-03,USB-C Hub,Texas,39
2025-03-04,USB-C Hub,Texas,41
2025-03-05,USB-C Hub,Texas,39
2025-03-06,USB-C Hub,Texas,47
2025-03-07,USB-C Hub,Texas,42
2025-03-08,USB-C Hub,Texas,28
2025-03-09,USB-C Hub,Texas,31
2025-03-10,USB-C Hub,Texas,39
2025-03-11,USB-C Hub,Texas,39
2025-03-12,USB-C Hub,Texas,45
2025-03-13,USB-C Hub,Texas,35
2025-03-14,USB-C Hub,Texas,39
2025-03-15,USB-C Hub,Texas,33
2025-03-16,USB-C Hub,Texas,30
2025-03-17,USB-C Hub,Texas,37
2025-03-18,USB-C Hub,Texas,31
2025-03-19,USB-C Hub,Texas,28
2025-03-20,USB-C Hub,Texas,49
2025-03-21,USB-C Hub,Texas,40
2025-03-22,USB-C Hub,Texas,27
2025-03-23,USB-C Hub,Texas,30
2025-03-24,USB-C Hub,Texas,35
2025-03-25,USB-C Hub,Texas,37
2025-03-26,USB-C Hub,Texas,35
2025-03-27,USB-C Hub,Texas,32
2025-03-28,USB-C Hub,Texas,29
2025-03-29,USB-C Hub,Texas,23
2025-03-30,USB-C Hub,Texas,32
2025-03-31,USB-C Hub,Texas,34
2025-04-01,USB-C Hub,Texas,42
2025-04-02,USB-C Hub,Texas,44
2025-04-03,USB-C Hub,Texas,40
2025-04-04,USB-C Hub,Texas,38
2025-04-05,USB-C Hub,Texas,29
2025-04-06,USB-C Hub,Texas,27
2025-04-07,USB-C Hub,Texas,45
2025-04-08,USB-C Hub,Texas,48
2025-04-09,USB-C Hub,Texas,46
2025-04-10,USB-C Hub,Texas,29
2025-04-11,USB-C Hub,Texas,37
2025-04-12,USB-C Hub,Texas,29
2025-04-13,USB-C Hub,Texas,31
2025-04-14,USB-C Hub,Texas,31
2025-04-15,USB-C Hub,Texas,31
2025-04-16,USB-C Hub,Texas,46
2025-04-17,USB-C Hub,Texas,37
2025-04-18,USB-C Hub,Texas,32
2025-04-19,USB-C Hub,Texas,25
2025-04-20,USB-C Hub,Texas,30
2025-04-21,USB-C Hub,Texas,36
2025-04-22,USB-C Hub,Texas,41
2025-04-23,USB-C Hub,Texas,35
2025-04-24,USB-C Hub,Texas,31
2025-04-25,USB-C Hub,Texas,46
2025-04-26,USB-C Hub,Texas,30
2025-04-27,USB-C Hub,Texas,28
2025-04-28,USB-C Hub,Texas,37
2025-04-29,USB-C Hub,Texas,46
2025-04-30,USB-C Hub,Texas,42
2025-05-01,USB-C Hub,Texas,44
2025-05-02,USB-C Hub,Texas,36
2025-05-03,USB-C Hub,Texas,29
2025-05-04,USB-C Hub,Texas,30
2025-05-05,USB-C Hub,Texas,36
2025-05-06,USB-C Hub,Texas,38
2025-05-07,USB-C Hub,Texas,36
2025-05-08,USB-C Hub,Texas,41
2025-05-09,USB-C Hub,Texas,33
2025-05-10,USB-C Hub,Texas,30
2025-05-11,USB-C Hub,Texas,30
2025-05-12,USB-C Hub,Texas,38
2025-05-13,USB-C Hub,Texas,41
2025-05-14,USB-C Hub,Texas,37
2025-05-15,USB-C Hub,Texas,36
2025-05-16,USB-C Hub,Texas,41
2025-05-17,USB-C Hub,Texas,31
2025-05-18,USB-C Hub,Texas,27
2025-05-19,USB-C Hub,Texas,36
2025-05-20,USB-C Hub,Texas,38
2025-05-21,USB-C Hub,Texas,36
2025-05-22,USB-C Hub,Texas,46
2025-05-23,USB-C Hub,Texas,40
2025-05-24,USB-C Hub,Texas,29
2025-05-25,USB-C Hub,Texas,25
2025-05-26,USB-C Hub,Texas,42
2025-05-27,USB-C Hub,Texas,36
2025-05-28,USB-C Hub,Texas,36
2025-05-29,USB-C Hub,Texas,43
2025-05-30,USB-C Hub,Texas,41
2025-05-31,USB-C Hub,Texas,20
2025-06-01,USB-C Hub,Texas,27
2025-06-02,USB-C Hub,Texas,38
2025-06-03,USB-C Hub,Texas,36
2025-06-04,USB-C Hub,Texas,38
2025-06-05,USB-C Hub,Texas,29
2025-06-06,USB-C Hub,Texas,25
2025-06-07,USB-C Hub,Texas,24
2025-06-08,USB-C Hub,Texas,28
2025-06-09,USB-C Hub,Texas,23
2025-06-10,USB-C Hub,Texas,34
2025-06-11,USB-C Hub,Texas,29
2025-06-12,USB-C Hub,Texas,36
2025-06-13,USB-C Hub,Texas,46
2025-06-14,USB-C Hub,Texas,27
2025-06-15,USB-C Hub,Texas,27
2025-06-16,USB-C Hub,Texas,41
2025-06-17,USB-C Hub,Texas,37
2025-06-18,USB-C Hub,Texas,36
2025-06-19,USB-C Hub,Texas,42
2025-06-20,USB-C Hub,Texas,40
2025-06-21,USB-C Hub,Texas,28
2025-06-22,USB-C Hub,Texas,27
2025-06-23,USB-C Hub,Texas,36
2025-06-24,USB-C Hub,Texas,42
2025-06-25,USB-C Hub,Texas,36
2025-06-26,USB-C Hub,Texas,43
2025-06-27,USB-C Hub,Texas,33
2025-06-28,USB-C Hub,Texas,32
2025-06-29,USB-C Hub,Texas,29
2025-06-30,USB-C Hub,Texas,33
2025-07-01,USB-C Hub,Texas,37
2025-07-02,USB-C Hub,Texas,33
2025-07-03,USB-C Hub,Texas,35
2025-07-04,USB-C Hub,Texas,33
2025-07-05,USB-C Hub,Texas,25
2025-07-06,USB-C Hub,Texas,29
2025-07-07,USB-C Hub,Texas,37
2025-07-08,USB-C Hub,Texas,31
2025-07-09,USB-C Hub,Texas,31
2025-07-10,USB-C Hub,Texas,36
2025-07-11,USB-C Hub,Texas,37
2025-07-12,USB-C Hub,Texas,24
2025-07-13,USB-C Hub,Texas,31
2025-07-14,USB-C Hub,Texas,39
2025-07-15,USB-C Hub,Texas,33
2025-07-16,USB-C Hub,Texas,32
2025-07-17,USB-C Hub,Texas,34
2025-07-18,USB-C Hub,Texas,34
2025-07-19,USB-C Hub,Texas,30
2025-07-20,USB-C Hub,Texas,29
2025-07-21,USB-C Hub,Texas,35
2025-07-22,USB-C Hub,Texas,38
2025-07-23,USB-C Hub,Texas,39
2025-07-24,USB-C Hub,Texas,36
2025-07-25,USB-C Hub,Texas,37
2025-07-26,USB-C Hub,Texas,28
2025-07-27,USB-C Hub,Texas,27
2025-07-28,USB-C Hub,Texas,32
2025-07-29,USB-C Hub,Texas,32
2025-07-30,USB-C Hub,Texas,34
2025-07-31,USB-C Hub,Texas,32
2025-08-01,USB-C Hub,Texas,27
2025-08-02,USB-C Hub,Texas,26
2025-08-03,USB-C Hub,Texas,25
2025-08-04,USB-C Hub,Texas,28
2025-08-05,USB-C Hub,Texas,32
2025-08-06,USB-C Hub,Texas,32
2025-08-07,USB-C Hub,Texas,34
2025-08-08,USB-C Hub,Texas,29
2025-08-09,USB-C Hub,Texas,20
2025-08-10,USB-C Hub,Texas,26
2025-08-11,USB-C Hub,Texas,27
2025-08-12,USB-C Hub,Texas,32
2025-08-13,USB-C Hub,Texas,32
2025-08-14,USB-C Hub,Texas,33
2025-08-15,USB-C Hub,Texas,34
2025-08-16,USB-C Hub,Texas,29
2025-08-17,USB-C Hub,Texas,20
2025-08-18,USB-C Hub,Texas,37
2025-08-19,USB-C Hub,Texas,23
2025-08-20,USB-C Hub,Texas,39
2025-08-21,USB-C Hub,Texas,25
2025-08-22,USB-C Hub,Texas,43
2025-08-23,USB-C Hub,Texas,23
2025-08-24,USB-C Hub,Texas,28
2025-08-25,USB-C Hub,Texas,37
2025-08-26,USB-C Hub,Texas,31
2025-08-27,USB-C Hub,Texas,32
2025-08-28,USB-C Hub,Texas,30
2025-08-29,USB-C Hub,Texas,36
2025-08-30,USB-C Hub,Texas,23
2025-08-31,USB-C Hub,Texas,22
2025-09-01,USB-C Hub,Texas,34
2025-09-02,USB-C Hub,Texas,28
2025-09-03,USB-C Hub,Texas,30
2025-09-04,USB-C Hub,Texas,32
2025-09-05,USB-C Hub,Texas,29
2025-09-06,USB-C Hub,Texas,22
2025-09-07,USB-C Hub,Texas,27
2025-09-08,USB-C Hub,Texas,31
2025-09-09,USB-C Hub,Texas,30
2025-09-10,USB-C Hub,Texas,31
2025-09-11,USB-C Hub,Texas,33
2025-09-12,USB-C Hub,Texas,28
2025-09-13,USB-C Hub,Texas,24
2025-09-14,USB-C Hub,Texas,24
2025-09-15,USB-C Hub,Texas,25
2025-09-16,USB-C Hub,Texas,38
2025-09-17,USB-C Hub,Texas,37
2025-09-18,USB-C Hub,Texas,29
2025-09-19,USB-C Hub,Texas,27
2025-09-20,USB-C Hub,Texas,24
2025-09-21,USB-C Hub,Texas,19
2025-09-22,USB-C Hub,Texas,37
2025-09-23,USB-C Hub,Texas,30
2025-09-24,USB-C Hub,Texas,38
2025-09-25,USB-C Hub,Texas,28
2025-09-26,USB-C Hub,Texas,31
2025-09-27,USB-C Hub,Texas,27
2025-09-28,USB-C Hub,Texas,22
2025-09-29,USB-C Hub,Texas,33
2025-09-30,USB-C Hub,Texas,36
2025-10-01,USB-C Hub,Texas,29
2025-10-02,USB-C Hub,Texas,26
2025-10-03,USB-C Hub,Texas,26
2025-10-04,USB-C Hub,Texas,24
2025-10-05,USB-C Hub,Texas,24
2025-10-06,USB-C Hub,Texas,35
2025-10-07,USB-C Hub,Texas,30
2025-10-08,USB-C Hub,Texas,26
2025-10-09,USB-C Hub,Texas,22
2025-10-10,USB-C Hub,Texas,42
2025-10-11,USB-C Hub,Texas,24
2025-10-12,USB-C Hub,Texas,23
2025-10-13,USB-C Hub,Texas,32
2025-10-14,USB-C Hub,Texas,26
2025-10-15,USB-C Hub,Texas,28
2025-10-16,USB-C Hub,Texas,38
2025-10-17,USB-C Hub,Texas,33
2025-10-18,USB-C Hub,Texas,21
2025-10-19,USB-C Hub,Texas,19
2025-10-20,USB-C Hub,Texas,29
2025-10-21,USB-C Hub,Texas,30
2025-10-22,USB-C Hub,Texas,39
2025-10-23,USB-C Hub,Texas,30
2025-10-24,USB-C Hub,Texas,27
2025-10-25,USB-C Hub,Texas,23
2025-10-26,USB-C Hub,Texas,23
2025-10-27,USB-C Hub,Texas,26
2025-10-28,USB-C Hub,Texas,33
2025-10-29,USB-C Hub,Texas,36
2025-10-30,USB-C Hub,Texas,32
2025-10-31,USB-C Hub,Texas,28
2025-11-01,USB-C Hub,Texas,26
2025-11-02,USB-C Hub,Texas,22
2025-11-03,USB-C Hub,Texas,37
2025-11-04,USB-C Hub,Texas,39
2025-11-05,USB-C Hub,Texas,33
2025-11-06,USB-C Hub,Texas,46
2025-11-07,USB-C Hub,Texas,41
2025-11-08,USB-C Hub,Texas,21
2025-11-09,USB-C Hub,Texas,22
2025-11-10,USB-C Hub,Texas,33
2025-11-11,USB-C Hub,Texas,44
2025-11-12,USB-C Hub,Texas,41
2025-11-13,USB-C Hub,Texas,45
2025-11-14,USB-C Hub,Texas,37
2025-11-15,USB-C Hub,Texas,27
2025-11-16,USB-C Hub,Texas,23
2025-11-17,USB-C Hub,Texas,39
2025-11-18,USB-C Hub,Texas,36
2025-11-19,USB-C Hub,Texas,36
2025-11-20,USB-C Hub,Texas,45
2025-11-21,USB-C Hub,Texas,37
2025-11-22,USB-C Hub,Texas,32
2025-11-23,USB-C Hub,Texas,22
2025-11-24,USB-C Hub,Texas,49
2025-11-25,USB-C Hub,Texas,36
2025-11-26,USB-C Hub,Texas,40
2025-11-27,USB-C Hub,Texas,41
2025-11-28,USB-C Hub,Texas,35
2025-11-29,USB-C Hub,Texas,30
2025-11-30,USB-C Hub,Texas,30
2025-12-01,USB-C Hub,Texas,36
2025-12-02,USB-C Hub,Texas,36
2025-12-03,USB-C Hub,Texas,39
2025-12-04,USB-C Hub,Texas,39
2025-12-05,USB-C Hub,Texas,46
2025-12-06,USB-C Hub,Texas,31
2025-12-07,USB-C Hub,Texas,28
2025-12-08,USB-C Hub,Texas,42
2025-12-09,USB-C Hub,Texas,30
2025-12-10,USB-C Hub,Texas,36
2025-12-11,USB-C Hub,Texas,40
2025-12-12,USB-C Hub,Texas,44
2025-12-13,USB-C Hub,Texas,29
2025-12-14,USB-C Hub,Texas,34
2025-12-15,USB-C Hub,Texas,43
2025-12-16,USB-C Hub,Texas,37
2025-12-17,USB-C Hub,Texas,38
2025-12-18,USB-C Hub,Texas,41
2025-12-19,USB-C Hub,Texas,37
2025-12-20,USB-C Hub,Texas,34
2025-12-21,USB-C Hub,Texas,25
2025-12-22,USB-C Hub,Texas,41
2025-12-23,USB-C Hub,Texas,43
2025-12-24,USB-C Hub,Texas,38
2025-12-25,USB-C Hub,Texas,37
2025-12-26,USB-C Hub,Texas,39
2025-12-27,USB-C Hub,Texas,31
2025-12-28,USB-C Hub,Texas,27
2025-12-29,USB-C Hub,Texas,34
2025-12-30,USB-C Hub,Texas,45
2025-12-31,USB-C Hub,Texas,41
2026-01-01,USB-C Hub,Texas,40
2026-01-02,USB-C Hub,Texas,38
2026-01-03,USB-C Hub,Texas,33
2026-01-04,USB-C Hub,Texas,29
2026-01-05,USB-C Hub,Texas,32
2026-01-06,USB-C Hub,Texas,37
2026-01-07,USB-C Hub,Texas,33
2026-01-08,USB-C Hub,Texas,33
2026-01-09,USB-C Hub,Texas,29
2026-01-10,USB-C Hub,Texas,25
2026-01-11,USB-C Hub,Texas,28
2026-01-12,USB-C Hub,Texas,35
2026-01-13,USB-C Hub,Texas,31
2026-01-14,USB-C Hub,Texas,29
2026-01-15,USB-C Hub,Texas,44
2026-01-16,USB-C Hub,Texas,37
2026-01-17,USB-C Hub,Texas,23
2026-01-18,USB-C Hub,Texas,27
2026-01-19,USB-C Hub,Texas,45
2026-01-20,USB-C Hub,Texas,38
2026-01-21,USB-C Hub,Texas,23
2026-01-22,USB-C Hub,Texas,47
2026-01-23,USB-C Hub,Texas,27
2026-01-24,USB-C Hub,Texas,25
2026-01-25,USB-C Hub,Texas,22
2026-01-26,USB-C Hub,Texas,32
2026-01-27,USB-C Hub,Texas,36
2026-01-28,USB-C Hub,Texas,27
2026-01-29,USB-C Hub,Texas,35
2026-01-30,USB-C Hub,Texas,40
2026-01-31,USB-C Hub,Texas,23
2026-02-01,USB-C Hub,Texas,23
2026-02-02,USB-C Hub,Texas,37
2026-02-03,USB-C Hub,Texas,36
2026-02-04,USB-C Hub,Texas,35
2026-02-05,USB-C Hub,Texas,32
2026-02-06,USB-C Hub,Texas,40
2026-02-07,USB-C Hub,Texas,29
2026-02-08,USB-C Hub,Texas,24
2026-02-09,USB-C Hub,Texas,33
2026-02-10,USB-C Hub,Texas,38
2026-02-11,USB-C Hub,Texas,33
2026-02-12,USB-C Hub,Texas,38
2026-02-13,USB-C Hub,Texas,44
2026-02-14,USB-C Hub,Texas,27
2026-02-15,USB-C Hub,Texas,23
2026-02-16,USB-C Hub,Texas,39
2026-02-17,USB-C Hub,Texas,37
2026-02-18,USB-C Hub,Texas,37
2026-02-19,USB-C Hub,Texas,40
2026-02-20,USB-C Hub,Texas,40
2026-02-21,USB-C Hub,Texas,27
2026-02-22,USB-C Hub,Texas,27
2026-02-23,USB-C Hub,Texas,47
2026-02-24,USB-C Hub,Texas,43
2026-02-25,USB-C Hub,Texas,41
2026-02-26,USB-C Hub,Texas,38
2026-02-27,USB-C Hub,Texas,33
2026-02-28,USB-C Hub,Texas,31
2026-03-01,USB-C Hub,Texas,29
2026-03-02,USB-C Hub,Texas,36
2026-03-03,USB-C Hub,Texas,38
2026-03-04,USB-C Hub,Texas,34
2026-03-05,USB-C Hub,Texas,44
2026-03-06,USB-C Hub,Texas,42
2026-03-07,USB-C Hub,Texas,29
2026-03-08,USB-C Hub,Texas,28
2026-03-09,USB-C Hub,Texas,36
2026-03-10,USB-C Hub,Texas,29
2026-03-11,USB-C Hub,Texas,32
2026-03-12,USB-C Hub,Texas,35
2026-03-13,USB-C Hub,Texas,35
2026-03-14,USB-C Hub,Texas,30
2026-03-15,USB-C Hub,Texas,31
2026-03-16,USB-C Hub,Texas,38
2026-03-17,USB-C Hub,Texas,46
2026-03-18,USB-C Hub,Texas,35
2026-03-19,USB-C Hub,Texas,38
2026-03-20,USB-C Hub,Texas,39
2026-03-21,USB-C Hub,Texas,32
2026-03-22,USB-C Hub,Texas,29
2026-03-23,USB-C Hub,Texas,40
2026-03-24,USB-C Hub,Texas,31
2026-03-25,USB-C Hub,Texas,35
2026-03-26,USB-C Hub,Texas,44
2026-03-27,USB-C Hub,Texas,29
2026-03-28,USB-C Hub,Texas,33
2026-03-29,USB-C Hub,Texas,30
2026-03-30,USB-C Hub,Texas,35
2026-03-31,USB-C Hub,Texas,35
2026-04-01,USB-C Hub,Texas,49
2026-04-02,USB-C Hub,Texas,46
2026-04-03,USB-C Hub,Texas,39
2026-04-04,USB-C Hub,Texas,29
2026-04-05,USB-C Hub,Texas,27
2026-04-06,USB-C Hub,Texas,40
2026-04-07,USB-C Hub,Texas,36
2026-04-08,USB-C Hub,Texas,39
2026-04-09,USB-C Hub,Texas,48
2026-04-10,USB-C Hub,Texas,39
2026-04-11,USB-C Hub,Texas,25
2026-04-12,USB-C Hub,Texas,24
2026-04-13,USB-C Hub,Texas,40
2026-04-14,USB-C Hub,Texas,36
2026-04-15,USB-C Hub,Texas,41
2026-04-16,USB-C Hub,Texas,32
2026-04-17,USB-C Hub,Texas,43
2026-04-18,USB-C Hub,Texas,25
2026-04-19,USB-C Hub,Texas,29
2026-04-20,USB-C Hub,Texas,38
2026-04-21,USB-C Hub,Texas,48
2026-04-22,USB-C Hub,Texas,40
2026-04-23,USB-C Hub,Texas,49
2026-04-24,USB-C Hub,Texas,42
2026-04-25,USB-C Hub,Texas,34
2026-04-26,USB-C Hub,Texas,28
2026-04-27,USB-C Hub,Texas,41
2026-04-28,USB-C Hub,Texas,45
2026-04-29,USB-C Hub,Texas,44
2026-04-30,USB-C Hub,Texas,42
2026-05-01,USB-C Hub,Texas,37
2026-05-02,USB-C Hub,Texas,28
2026-05-03,USB-C Hub,Texas,32
2026-05-04,USB-C Hub,Texas,45
2026-05-05,USB-C Hub,Texas,36
2026-05-06,USB-C Hub,Texas,35
2026-05-07,USB-C Hub,Texas,35
2026-05-08,USB-C Hub,Texas,43
2026-05-09,USB-C Hub,Texas,25
2026-05-10,USB-C Hub,Texas,31
2026-05-11,USB-C Hub,Texas,41
2026-05-12,USB-C Hub,Texas,36
2026-05-13,USB-C Hub,Texas,46
2026-05-14,USB-C Hub,Texas,32
2026-05-15,USB-C Hub,Texas,47
2026-05-16,USB-C Hub,Texas,30
2026-05-17,USB-C Hub,Texas,21
2026-05-18,USB-C Hub,Texas,46
2026-05-19,USB-C Hub,Texas,43
2026-05-20,USB-C Hub,Texas,37
2026-05-21,USB-C Hub,Texas,34
2026-05-22,USB-C Hub,Texas,32
2026-05-23,USB-C Hub,Texas,37
2026-05-24,USB-C Hub,Texas,25
2026-05-25,USB-C Hub,Texas,33
2026-05-26,USB-C Hub,Texas,40
2026-05-27,USB-C Hub,Texas,31
2026-05-28,USB-C Hub,Texas,34
2026-05-29,USB-C Hub,Texas,44
2026-05-30,USB-C Hub,Texas,30
2026-05-31,USB-C Hub,Texas,27
2026-06-01,USB-C Hub,Texas,37
2026-06-02,USB-C Hub,Texas,35
2026-06-03,USB-C Hub,Texas,37
2026-06-04,USB-C Hub,Texas,34
2026-06-05,USB-C Hub,Texas,35
2026-06-06,USB-C Hub,Texas,25
2026-06-07,USB-C Hub,Texas,25
2026-06-08,USB-C Hub,Texas,42
2026-06-09,USB-C Hub,Texas,41
2026-06-10,USB-C Hub,Texas,33
2026-06-11,USB-C Hub,Texas,32
2026-06-12,USB-C Hub,Texas,37
2026-06-13,USB-C Hub,Texas,34
2026-06-14,USB-C Hub,Texas,24
2026-06-15,USB-C Hub,Texas,37
2026-06-16,USB-C Hub,Texas,38
2026-06-17,USB-C Hub,Texas,37
2026-06-18,USB-C Hub,Texas,35
2026-06-19,USB-C Hub,Texas,43
2026-06-20,USB-C Hub,Texas,29
2026-06-21,USB-C Hub,Texas,30
2026-06-22,USB-C Hub,Texas,40
2026-06-23,USB-C Hub,Texas,41
2026-06-24,USB-C Hub,Texas,45
2026-06-25,USB-C Hub,Texas,43
2026-06-26,USB-C Hub,Texas,48
2026-06-27,USB-C Hub,Texas,31
2026-06-28,USB-C Hub,Texas,25
2026-06-29,USB-C Hub,Texas,41
2026-06-30,USB-C Hub,Texas,41
2026-07-01,USB-C Hub,Texas,43
2026-07-02,USB-C Hub,Texas,31
2026-07-03,USB-C Hub,Texas,38
2026-07-04,USB-C Hub,Texas,24
2026-07-05,USB-C Hub,Texas,27
2026-07-06,USB-C Hub,Texas,34
2026-07-07,USB-C Hub,Texas,37
2026-07-08,USB-C Hub,Texas,29
2026-07-09,USB-C Hub,Texas,39
2026-07-10,USB-C Hub,Texas,36
2026-07-11,USB-C Hub,Texas,26
2026-07-12,USB-C Hub,Texas,32
2026-07-13,USB-C Hub,Texas,34
2026-07-14,USB-C Hub,Texas,37
2026-07-15,USB-C Hub,Texas,36
2026-07-16,USB-C Hub,Texas,36
2026-07-17,USB-C Hub,Texas,45
2026-07-18,USB-C Hub,Texas,26
2026-07-19,USB-C Hub,Texas,24
2026-07-20,USB-C Hub,Texas,43
2026-07-21,USB-C Hub,Texas,34
2026-07-22,USB-C Hub,Texas,28
2026-07-23,USB-C Hub,Texas,32
2026-07-24,USB-C Hub,Texas,30
2026-07-25,USB-C Hub,Texas,20
2026-07-26,USB-C Hub,Texas,25
2026-07-27,USB-C Hub,Texas,35
2026-07-28,USB-C Hub,Texas,40
2026-07-29,USB-C Hub,Texas,38
2026-07-30,USB-C Hub,Texas,38
2026-07-31,USB-C Hub,Texas,31
2026-08-01,USB-C Hub,Texas,27
2026-08-02,USB-C Hub,Texas,28
2026-08-03,USB-C Hub,Texas,35
2026-08-04,USB-C Hub,Texas,35
2026-08-05,USB-C Hub,Texas,28
2026-08-06,USB-C Hub,Texas,37
2026-08-07,USB-C Hub,Texas,40
2026-08-08,USB-C Hub,Texas,25
2026-08-09,USB-C Hub,Texas,23
2026-08-10,USB-C Hub,Texas,33
2026-08-11,USB-C Hub,Texas,31
2026-08-12,USB-C Hub,Texas,32
2026-08-13,USB-C Hub,Texas,36
2026-08-14,USB-C Hub,Texas,34
2026-08-15,USB-C Hub,Texas,27
2026-08-16,USB-C Hub,Texas,25
2026-08-17,USB-C Hub,Texas,30
2026-08-18,USB-C Hub,Texas,31
2026-08-19,USB-C Hub,Texas,31
2026-08-20,USB-C Hub,Texas,32
2026-08-21,USB-C Hub,Texas,40
2026-08-22,USB-C Hub,Texas,30
2026-08-23,USB-C Hub,Texas,27
2026-08-24,USB-C Hub,Texas,34
2026-08-25,USB-C Hub,Texas,28
2026-08-26,USB-C Hub,Texas,34
2026-08-27,USB-C Hub,Texas,30
2026-08-28,USB-C Hub,Texas,40
2026-08-29,USB-C Hub,Texas,20
2026-08-30,USB-C Hub,Texas,25
2026-08-31,USB-C Hub,Texas,30
2026-09-01,USB-C Hub,Texas,32
2026-09-02,USB-C Hub,Texas,34
2026-09-03,USB-C Hub,Texas,35
2026-09-04,USB-C Hub,Texas,31
2026-09-05,USB-C Hub,Texas,25
2026-09-06,USB-C Hub,Texas,21
2026-09-07,USB-C Hub,Texas,33
2026-09-08,USB-C Hub,Texas,35
2026-09-09,USB-C Hub,Texas,33
2026-09-10,USB-C Hub,Texas,30
2026-09-11,USB-C Hub,Texas,31
2026-09-12,USB-C Hub,Texas,26
2026-09-13,USB-C Hub,Texas,20
2026-09-14,USB-C Hub,Texas,28
2026-09-15,USB-C Hub,Texas,34
2026-09-16,USB-C Hub,Texas,30
2026-09-17,USB-C Hub,Texas,26
2026-09-18,USB-C Hub,Texas,37
2026-09-19,USB-C Hub,Texas,20
2026-09-20,USB-C Hub,Texas,23
2026-09-21,USB-C Hub,Texas,29
2026-09-22,USB-C Hub,Texas,30
2026-09-23,USB-C Hub,Texas,28
2026-09-24,USB-C Hub,Texas,34
2026-09-25,USB-C Hub,Texas,32
2026-09-26,USB-C Hub,Texas,26
2026-09-27,USB-C Hub,Texas,21
2026-09-28,USB-C Hub,Texas,40
2025-01-01,USB-C Hub,North Carolina,22
2025-01-02,USB-C Hub,North Carolina,23
2025-01-03,USB-C Hub,North Carolina,35
2025-01-04,USB-C Hub,North Carolina,22
2025-01-05,USB-C Hub,North Carolina,22
2025-01-06,USB-C Hub,North Carolina,30
2025-01-07,USB-C Hub,North Carolina,31
2025-01-08,USB-C Hub,North Carolina,30
2025-01-09,USB-C Hub,North Carolina,25
2025-01-10,USB-C Hub,North Carolina,31
2025-01-11,USB-C Hub,North Carolina,23
2025-01-12,USB-C Hub,North Carolina,24
2025-01-13,USB-C Hub,North Carolina,35
2025-01-14,USB-C Hub,North Carolina,30
2025-01-15,USB-C Hub,North Carolina,24
2025-01-16,USB-C Hub,North Carolina,35
2025-01-17,USB-C Hub,North Carolina,25
2025-01-18,USB-C Hub,North Carolina,22
2025-01-19,USB-C Hub,North Carolina,20
2025-01-20,USB-C Hub,North Carolina,27
2025-01-21,USB-C Hub,North Carolina,31
2025-01-22,USB-C Hub,North Carolina,29
2025-01-23,USB-C Hub,North Carolina,30
2025-01-24,USB-C Hub,North Carolina,26
2025-01-25,USB-C Hub,North Carolina,20
2025-01-26,USB-C Hub,North Carolina,19
2025-01-27,USB-C Hub,North Carolina,28
2025-01-28,USB-C Hub,North Carolina,28
2025-01-29,USB-C Hub,North Carolina,35
2025-01-30,USB-C Hub,North Carolina,28
2025-01-31,USB-C Hub,North Carolina,21
2025-02-01,USB-C Hub,North Carolina,26
2025-02-02,USB-C Hub,North Carolina,23
2025-02-03,USB-C Hub,North Carolina,30
2025-02-04,USB-C Hub,North Carolina,29
2025-02-05,USB-C Hub,North Carolina,27
2025-02-06,USB-C Hub,North Carolina,37
2025-02-07,USB-C Hub,North Carolina,30
2025-02-08,USB-C Hub,North Carolina,18
2025-02-09,USB-C Hub,North Carolina,23
2025-02-10,USB-C Hub,North Carolina,35
2025-02-11,USB-C Hub,North Carolina,31
2025-02-12,USB-C Hub,North Carolina,27
2025-02-13,USB-C Hub,North Carolina,27
2025-02-14,USB-C Hub,North Carolina,27
2025-02-15,USB-C Hub,North Carolina,26
2025-02-16,USB-C Hub,North Carolina,22
2025-02-17,USB-C Hub,North Carolina,24
2025-02-18,USB-C Hub,North Carolina,32
2025-02-19,USB-C Hub,North Carolina,31
2025-02-20,USB-C Hub,North Carolina,29
2025-02-21,USB-C Hub,North Carolina,27
2025-02-22,USB-C Hub,North Carolina,19
2025-02-23,USB-C Hub,North Carolina,25
2025-02-24,USB-C Hub,North Carolina,31
2025-02-25,USB-C Hub,North Carolina,32
2025-02-26,USB-C Hub,North Carolina,31
2025-02-27,USB-C Hub,North Carolina,31
2025-02-28,USB-C Hub,North Carolina,29
2025-03-01,USB-C Hub,North Carolina,23
2025-03-02,USB-C Hub,North Carolina,26
2025-03-03,USB-C Hub,North Carolina,37
2025-03-04,USB-C Hub,North Carolina,27
2025-03-05,USB-C Hub,North Carolina,31
2025-03-06,USB-C Hub,North Carolina,35
2025-03-07,USB-C Hub,North Carolina,39
2025-03-08,USB-C Hub,North Carolina,28
2025-03-09,USB-C Hub,North Carolina,21
2025-03-10,USB-C Hub,North Carolina,36
2025-03-11,USB-C Hub,North Carolina,32
2025-03-12,USB-C Hub,North Carolina,35
2025-03-13,USB-C Hub,North Carolina,35
2025-03-14,USB-C Hub,North Carolina,27
2025-03-15,USB-C Hub,North Carolina,25
2025-03-16,USB-C Hub,North Carolina,26
2025-03-17,USB-C Hub,North Carolina,31
2025-03-18,USB-C Hub,North Carolina,31
2025-03-19,USB-C Hub,North Carolina,26
2025-03-20,USB-C Hub,North Carolina,34
2025-03-21,USB-C Hub,North Carolina,32
2025-03-22,USB-C Hub,North Carolina,21
2025-03-23,USB-C Hub,North Carolina,22
2025-03-24,USB-C Hub,North Carolina,32
2025-03-25,USB-C Hub,North Carolina,29
2025-03-26,USB-C Hub,North Carolina,32
2025-03-27,USB-C Hub,North Carolina,25
2025-03-28,USB-C Hub,North Carolina,37
2025-03-29,USB-C Hub,North Carolina,23
2025-03-30,USB-C Hub,North Carolina,20
2025-03-31,USB-C Hub,North Carolina,22
2025-04-01,USB-C Hub,North Carolina,36
2025-04-02,USB-C Hub,North Carolina,34
2025-04-03,USB-C Hub,North Carolina,33
2025-04-04,USB-C Hub,North Carolina,35
2025-04-05,USB-C Hub,North Carolina,26
2025-04-06,USB-C Hub,North Carolina,24
2025-04-07,USB-C Hub,North Carolina,31
2025-04-08,USB-C Hub,North Carolina,30
2025-04-09,USB-C Hub,North Carolina,34
2025-04-10,USB-C Hub,North Carolina,37
2025-04-11,USB-C Hub,North Carolina,32
2025-04-12,USB-C Hub,North Carolina,28
2025-04-13,USB-C Hub,North Carolina,24
2025-04-14,USB-C Hub,North Carolina,33
2025-04-15,USB-C Hub,North Carolina,41
2025-04-16,USB-C Hub,North Carolina,38
2025-04-17,USB-C Hub,North Carolina,38
2025-04-18,USB-C Hub,North Carolina,29
2025-04-19,USB-C Hub,North Carolina,30
2025-04-20,USB-C Hub,North Carolina,23
2025-04-21,USB-C Hub,North Carolina,31
2025-04-22,USB-C Hub,North Carolina,24
2025-04-23,USB-C Hub,North Carolina,33
2025-04-24,USB-C Hub,North Carolina,28
2025-04-25,USB-C Hub,North Carolina,34
2025-04-26,USB-C Hub,North Carolina,20
2025-04-27,USB-C Hub,North Carolina,28
2025-04-28,USB-C Hub,North Carolina,34
2025-04-29,USB-C Hub,North Carolina,41
2025-04-30,USB-C Hub,North Carolina,28
2025-05-01,USB-C Hub,North Carolina,37
2025-05-02,USB-C Hub,North Carolina,25
2025-05-03,USB-C Hub,North Carolina,24
2025-05-04,USB-C Hub,North Carolina,21
2025-05-05,USB-C Hub,North Carolina,30
2025-05-06,USB-C Hub,North Carolina,30
2025-05-07,USB-C Hub,North Carolina,28
2025-05-08,USB-C Hub,North Carolina,27
2025-05-09,USB-C Hub,North Carolina,30
2025-05-10,USB-C Hub,North Carolina,23
2025-05-11,USB-C Hub,North Carolina,26
2025-05-12,USB-C Hub,North Carolina,33
2025-05-13,USB-C Hub,North Carolina,36
2025-05-14,USB-C Hub,North Carolina,26
2025-05-15,USB-C Hub,North Carolina,30
2025-05-16,USB-C Hub,North Carolina,34
2025-05-17,USB-C Hub,North Carolina,24
2025-05-18,USB-C Hub,North Carolina,21
2025-05-19,USB-C Hub,North Carolina,35
2025-05-20,USB-C Hub,North Carolina,30
2025-05-21,USB-C Hub,North Carolina,29
2025-05-22,USB-C Hub,North Carolina,33
2025-05-23,USB-C Hub,North Carolina,32
2025-05-24,USB-C Hub,North Carolina,22
2025-05-25,USB-C Hub,North Carolina,22
2025-05-26,USB-C Hub,North Carolina,27
2025-05-27,USB-C Hub,North Carolina,30
2025-05-28,USB-C Hub,North Carolina,36
2025-05-29,USB-C Hub,North Carolina,32
2025-05-30,USB-C Hub,North Carolina,35
2025-05-31,USB-C Hub,North Carolina,25
2025-06-01,USB-C Hub,North Carolina,21
2025-06-02,USB-C Hub,North Carolina,24
2025-06-03,USB-C Hub,North Carolina,27
2025-06-04,USB-C Hub,North Carolina,28
2025-06-05,USB-C Hub,North Carolina,28
2025-06-06,USB-C Hub,North Carolina,34
2025-06-07,USB-C Hub,North Carolina,25
2025-06-08,USB-C Hub,North Carolina,28
2025-06-09,USB-C Hub,North Carolina,27
2025-06-10,USB-C Hub,North Carolina,36
2025-06-11,USB-C Hub,North Carolina,36
2025-06-12,USB-C Hub,North Carolina,29
2025-06-13,USB-C Hub,North Carolina,32
2025-06-14,USB-C Hub,North Carolina,25
2025-06-15,USB-C Hub,North Carolina,22
2025-06-16,USB-C Hub,North Carolina,30
2025-06-17,USB-C Hub,North Carolina,28
2025-06-18,USB-C Hub,North Carolina,22
2025-06-19,USB-C Hub,North Carolina,31
2025-06-20,USB-C Hub,North Carolina,28
2025-06-21,USB-C Hub,North Carolina,19
2025-06-22,USB-C Hub,North Carolina,23
2025-06-23,USB-C Hub,North Carolina,25
2025-06-24,USB-C Hub,North Carolina,33
2025-06-25,USB-C Hub,North Carolina,32
2025-06-26,USB-C Hub,North Carolina,29
2025-06-27,USB-C Hub,North Carolina,30
2025-06-28,USB-C Hub,North Carolina,19
2025-06-29,USB-C Hub,North Carolina,24
2025-06-30,USB-C Hub,North Carolina,31
2025-07-01,USB-C Hub,North Carolina,29
2025-07-02,USB-C Hub,North Carolina,30
2025-07-03,USB-C Hub,North Carolina,26
2025-07-04,USB-C Hub,North Carolina,23
2025-07-05,USB-C Hub,North Carolina,23
2025-07-06,USB-C Hub,North Carolina,23
2025-07-07,USB-C Hub,North Carolina,27
2025-07-08,USB-C Hub,North Carolina,30
2025-07-09,USB-C Hub,North Carolina,33
2025-07-10,USB-C Hub,North Carolina,32
2025-07-11,USB-C Hub,North Carolina,27
2025-07-12,USB-C Hub,North Carolina,17
2025-07-13,USB-C Hub,North Carolina,18
2025-07-14,USB-C Hub,North Carolina,27
2025-07-15,USB-C Hub,North Carolina,34
2025-07-16,USB-C Hub,North Carolina,26
2025-07-17,USB-C Hub,North Carolina,27
2025-07-18,USB-C Hub,North Carolina,26
2025-07-19,USB-C Hub,North Carolina,20
2025-07-20,USB-C Hub,North Carolina,21
2025-07-21,USB-C Hub,North Carolina,24
2025-07-22,USB-C Hub,North Carolina,32
2025-07-23,USB-C Hub,North Carolina,28
2025-07-24,USB-C Hub,North Carolina,37
2025-07-25,USB-C Hub,North Carolina,25
2025-07-26,USB-C Hub,North Carolina,25
2025-07-27,USB-C Hub,North Carolina,24
2025-07-28,USB-C Hub,North Carolina,27
2025-07-29,USB-C Hub,North Carolina,27
2025-07-30,USB-C Hub,North Carolina,25
2025-07-31,USB-C Hub,North Carolina,25
2025-08-01,USB-C Hub,North Carolina,27
2025-08-02,USB-C Hub,North Carolina,20
2025-08-03,USB-C Hub,North Carolina,16
2025-08-04,USB-C Hub,North Carolina,34
2025-08-05,USB-C Hub,North Carolina,26
2025-08-06,USB-C Hub,North Carolina,27
2025-08-07,USB-C Hub,North Carolina,25
2025-08-08,USB-C Hub,North Carolina,26
2025-08-09,USB-C Hub,North Carolina,19
2025-08-10,USB-C Hub,North Carolina,20
2025-08-11,USB-C Hub,North Carolina,27
2025-08-12,USB-C Hub,North Carolina,29
2025-08-13,USB-C Hub,North Carolina,28
2025-08-14,USB-C Hub,North Carolina,29
2025-08-15,USB-C Hub,North Carolina,27
2025-08-16,USB-C Hub,North Carolina,20
2025-08-17,USB-C Hub,North Carolina,19
2025-08-18,USB-C Hub,North Carolina,30
2025-08-19,USB-C Hub,North Carolina,28
2025-08-20,USB-C Hub,North Carolina,26
2025-08-21,USB-C Hub,North Carolina,26
2025-08-22,USB-C Hub,North Carolina,26
2025-08-23,USB-C Hub,North Carolina,20
2025-08-24,USB-C Hub,North Carolina,20
2025-08-25,USB-C Hub,North Carolina,25
2025-08-26,USB-C Hub,North Carolina,29
2025-08-27,USB-C Hub,North Carolina,30
2025-08-28,USB-C Hub,North Carolina,33
2025-08-29,USB-C Hub,North Carolina,25
2025-08-30,USB-C Hub,North Carolina,21
2025-08-31,USB-C Hub,North Carolina,15
2025-09-01,USB-C Hub,North Carolina,28
2025-09-02,USB-C Hub,North Carolina,21
2025-09-03,USB-C Hub,North Carolina,23
2025-09-04,USB-C Hub,North Carolina,27
2025-09-05,USB-C Hub,North Carolina,24
2025-09-06,USB-C Hub,North Carolina,17
2025-09-07,USB-C Hub,North Carolina,18
2025-09-08,USB-C Hub,North Carolina,28
2025-09-09,USB-C Hub,North Carolina,23
2025-09-10,USB-C Hub,North Carolina,25
2025-09-11,USB-C Hub,North Carolina,24
2025-09-12,USB-C Hub,North Carolina,28
2025-09-13,USB-C Hub,North Carolina,21
2025-09-14,USB-C Hub,North Carolina,15
2025-09-15,USB-C Hub,North Carolina,29
2025-09-16,USB-C Hub,North Carolina,24
2025-09-17,USB-C Hub,North Carolina,26
2025-09-18,USB-C Hub,North Carolina,23
2025-09-19,USB-C Hub,North Carolina,27
2025-09-20,USB-C Hub,North Carolina,24
2025-09-21,USB-C Hub,North Carolina,19
2025-09-22,USB-C Hub,North Carolina,24
2025-09-23,USB-C Hub,North Carolina,25
2025-09-24,USB-C Hub,North Carolina,21
2025-09-25,USB-C Hub,North Carolina,30
2025-09-26,USB-C Hub,North Carolina,27
2025-09-27,USB-C Hub,North Carolina,16
2025-09-28,USB-C Hub,North Carolina,16
2025-09-29,USB-C Hub,North Carolina,26
2025-09-30,USB-C Hub,North Carolina,28
2025-10-01,USB-C Hub,North Carolina,22
2025-10-02,USB-C Hub,North Carolina,28
2025-10-03,USB-C Hub,North Carolina,25
2025-10-04,USB-C Hub,North Carolina,16
2025-10-05,USB-C Hub,North Carolina,17
2025-10-06,USB-C Hub,North Carolina,30
2025-10-07,USB-C Hub,North Carolina,21
2025-10-08,USB-C Hub,North Carolina,23
2025-10-09,USB-C Hub,North Carolina,28
2025-10-10,USB-C Hub,North Carolina,26
2025-10-11,USB-C Hub,North Carolina,17
2025-10-12,USB-C Hub,North Carolina,21
2025-10-13,USB-C Hub,North Carolina,28
2025-10-14,USB-C Hub,North Carolina,26
2025-10-15,USB-C Hub,North Carolina,23
2025-10-16,USB-C Hub,North Carolina,24
2025-10-17,USB-C Hub,North Carolina,26
2025-10-18,USB-C Hub,North Carolina,16
2025-10-19,USB-C Hub,North Carolina,21
2025-10-20,USB-C Hub,North Carolina,30
2025-10-21,USB-C Hub,North Carolina,24
2025-10-22,USB-C Hub,North Carolina,26
2025-10-23,USB-C Hub,North Carolina,29
2025-10-24,USB-C Hub,North Carolina,31
2025-10-25,USB-C Hub,North Carolina,22
2025-10-26,USB-C Hub,North Carolina,15
2025-10-27,USB-C Hub,North Carolina,24
2025-10-28,USB-C Hub,North Carolina,27
2025-10-29,USB-C Hub,North Carolina,24
2025-10-30,USB-C Hub,North Carolina,31
2025-10-31,USB-C Hub,North Carolina,30
2025-11-01,USB-C Hub,North Carolina,20
2025-11-02,USB-C Hub,North Carolina,22
2025-11-03,USB-C Hub,North Carolina,27
2025-11-04,USB-C Hub,North Carolina,29
2025-11-05,USB-C Hub,North Carolina,29
2025-11-06,USB-C Hub,North Carolina,34
2025-11-07,USB-C Hub,North Carolina,27
2025-11-08,USB-C Hub,North Carolina,15
2025-11-09,USB-C Hub,North Carolina,18
2025-11-10,USB-C Hub,North Carolina,26
2025-11-11,USB-C Hub,North Carolina,28
2025-11-12,USB-C Hub,North Carolina,31
2025-11-13,USB-C Hub,North Carolina,26
2025-11-14,USB-C Hub,North Carolina,26
2025-11-15,USB-C Hub,North Carolina,20
2025-11-16,USB-C Hub,North Carolina,19
2025-11-17,USB-C Hub,North Carolina,28
2025-11-18,USB-C Hub,North Carolina,28
2025-11-19,USB-C Hub,North Carolina,33
2025-11-20,USB-C Hub,North Carolina,27
2025-11-21,USB-C Hub,North Carolina,29
2025-11-22,USB-C Hub,North Carolina,21
2025-11-23,USB-C Hub,North Carolina,24
2025-11-24,USB-C Hub,North Carolina,30
2025-11-25,USB-C Hub,North Carolina,34
2025-11-26,USB-C Hub,North Carolina,26
2025-11-27,USB-C Hub,North Carolina,30
2025-11-28,USB-C Hub,North Carolina,28
2025-11-29,USB-C Hub,North Carolina,19
2025-11-30,USB-C Hub,North Carolina,22
2025-12-01,USB-C Hub,North Carolina,38
2025-12-02,USB-C Hub,North Carolina,28
2025-12-03,USB-C Hub,North Carolina,31
2025-12-04,USB-C Hub,North Carolina,27
2025-12-05,USB-C Hub,North Carolina,26
2025-12-06,USB-C Hub,North Carolina,21
2025-12-07,USB-C Hub,North Carolina,22
2025-12-08,USB-C Hub,North Carolina,30
2025-12-09,USB-C Hub,North Carolina,31
2025-12-10,USB-C Hub,North Carolina,25
2025-12-11,USB-C Hub,North Carolina,29
2025-12-12,USB-C Hub,North Carolina,34
2025-12-13,USB-C Hub,North Carolina,19
2025-12-14,USB-C Hub,North Carolina,22
2025-12-15,USB-C Hub,North Carolina,33
2025-12-16,USB-C Hub,North Carolina,29
2025-12-17,USB-C Hub,North Carolina,33
2025-12-18,USB-C Hub,North Carolina,26
2025-12-19,USB-C Hub,North Carolina,35
2025-12-20,USB-C Hub,North Carolina,24
2025-12-21,USB-C Hub,North Carolina,23
2025-12-22,USB-C Hub,North Carolina,36
2025-12-23,USB-C Hub,North Carolina,30
2025-12-24,USB-C Hub,North Carolina,29
2025-12-25,USB-C Hub,North Carolina,37
2025-12-26,USB-C Hub,North Carolina,39
2025-12-27,USB-C Hub,North Carolina,21
2025-12-28,USB-C Hub,North Carolina,23
2025-12-29,USB-C Hub,North Carolina,36
2025-12-30,USB-C Hub,North Carolina,31
2025-12-31,USB-C Hub,North Carolina,34
2026-01-01,USB-C Hub,North Carolina,31
2026-01-02,USB-C Hub,North Carolina,27
2026-01-03,USB-C Hub,North Carolina,22
2026-01-04,USB-C Hub,North Carolina,21
2026-01-05,USB-C Hub,North Carolina,24
2026-01-06,USB-C Hub,North Carolina,25
2026-01-07,USB-C Hub,North Carolina,26
2026-01-08,USB-C Hub,North Carolina,32
2026-01-09,USB-C Hub,North Carolina,32
2026-01-10,USB-C Hub,North Carolina,23
2026-01-11,USB-C Hub,North Carolina,22
2026-01-12,USB-C Hub,North Carolina,30
2026-01-13,USB-C Hub,North Carolina,30
2026-01-14,USB-C Hub,North Carolina,30
2026-01-15,USB-C Hub,North Carolina,30
2026-01-16,USB-C Hub,North Carolina,24
2026-01-17,USB-C Hub,North Carolina,19
2026-01-18,USB-C Hub,North Carolina,18
2026-01-19,USB-C Hub,North Carolina,32
2026-01-20,USB-C Hub,North Carolina,34
2026-01-21,USB-C Hub,North Carolina,21
2026-01-22,USB-C Hub,North Carolina,34
2026-01-23,USB-C Hub,North Carolina,29
2026-01-24,USB-C Hub,North Carolina,23
2026-01-25,USB-C Hub,North Carolina,22
2026-01-26,USB-C Hub,North Carolina,33
2026-01-27,USB-C Hub,North Carolina,29
2026-01-28,USB-C Hub,North Carolina,24
2026-01-29,USB-C Hub,North Carolina,28
2026-01-30,USB-C Hub,North Carolina,30
2026-01-31,USB-C Hub,North Carolina,20
2026-02-01,USB-C Hub,North Carolina,24
2026-02-02,USB-C Hub,North Carolina,30
2026-02-03,USB-C Hub,North Carolina,28
2026-02-04,USB-C Hub,North Carolina,26
2026-02-05,USB-C Hub,North Carolina,29
2026-02-06,USB-C Hub,North Carolina,31
2026-02-07,USB-C Hub,North Carolina,17
2026-02-08,USB-C Hub,North Carolina,20
2026-02-09,USB-C Hub,North Carolina,23
2026-02-10,USB-C Hub,North Carolina,28
2026-02-11,USB-C Hub,North Carolina,35
2026-02-12,USB-C Hub,North Carolina,26
2026-02-13,USB-C Hub,North Carolina,33
2026-02-14,USB-C Hub,North Carolina,30
2026-02-15,USB-C Hub,North Carolina,26
2026-02-16,USB-C Hub,North Carolina,31
2026-02-17,USB-C Hub,North Carolina,33
2026-02-18,USB-C Hub,North Carolina,25
2026-02-19,USB-C Hub,North Carolina,25
2026-02-20,USB-C Hub,North Carolina,30
2026-02-21,USB-C Hub,North Carolina,23
2026-02-22,USB-C Hub,North Carolina,25
2026-02-23,USB-C Hub,North Carolina,28
2026-02-24,USB-C Hub,North Carolina,31
2026-02-25,USB-C Hub,North Carolina,31
2026-02-26,USB-C Hub,North Carolina,30
2026-02-27,USB-C Hub,North Carolina,30
2026-02-28,USB-C Hub,North Carolina,20
2026-03-01,USB-C Hub,North Carolina,24
2026-03-02,USB-C Hub,North Carolina,32
2026-03-03,USB-C Hub,North Carolina,30
2026-03-04,USB-C Hub,North Carolina,34
2026-03-05,USB-C Hub,North Carolina,35
2026-03-06,USB-C Hub,North Carolina,34
2026-03-07,USB-C Hub,North Carolina,20
2026-03-08,USB-C Hub,North Carolina,23
2026-03-09,USB-C Hub,North Carolina,28
2026-03-10,USB-C Hub,North Carolina,32
2026-03-11,USB-C Hub,North Carolina,28
2026-03-12,USB-C Hub,North Carolina,36
2026-03-13,USB-C Hub,North Carolina,34
2026-03-14,USB-C Hub,North Carolina,26
2026-03-15,USB-C Hub,North Carolina,26
2026-03-16,USB-C Hub,North Carolina,31
2026-03-17,USB-C Hub,North Carolina,30
2026-03-18,USB-C Hub,North Carolina,38
2026-03-19,USB-C Hub,North Carolina,31
2026-03-20,USB-C Hub,North Carolina,26
2026-03-21,USB-C Hub,North Carolina,26
2026-03-22,USB-C Hub,North Carolina,23
2026-03-23,USB-C Hub,North Carolina,37
2026-03-24,USB-C Hub,North Carolina,32
2026-03-25,USB-C Hub,North Carolina,31
2026-03-26,USB-C Hub,North Carolina,37
2026-03-27,USB-C Hub,North Carolina,26
2026-03-28,USB-C Hub,North Carolina,21
2026-03-29,USB-C Hub,North Carolina,21
2026-03-30,USB-C Hub,North Carolina,23
2026-03-31,USB-C Hub,North Carolina,35
2026-04-01,USB-C Hub,North Carolina,30
2026-04-02,USB-C Hub,North Carolina,35
2026-04-03,USB-C Hub,North Carolina,33
2026-04-04,USB-C Hub,North Carolina,25
2026-04-05,USB-C Hub,North Carolina,22
2026-04-06,USB-C Hub,North Carolina,29
2026-04-07,USB-C Hub,North Carolina,32
2026-04-08,USB-C Hub,North Carolina,36
2026-04-09,USB-C Hub,North Carolina,32
2026-04-10,USB-C Hub,North Carolina,29
2026-04-11,USB-C Hub,North Carolina,20
2026-04-12,USB-C Hub,North Carolina,24
2026-04-13,USB-C Hub,North Carolina,30
2026-04-14,USB-C Hub,North Carolina,32
2026-04-15,USB-C Hub,North Carolina,31
2026-04-16,USB-C Hub,North Carolina,30
2026-04-17,USB-C Hub,North Carolina,33
2026-04-18,USB-C Hub,North Carolina,25
2026-04-19,USB-C Hub,North Carolina,29
2026-04-20,USB-C Hub,North Carolina,35
2026-04-21,USB-C Hub,North Carolina,38
2026-04-22,USB-C Hub,North Carolina,29
2026-04-23,USB-C Hub,North Carolina,26
2026-04-24,USB-C Hub,North Carolina,32
2026-04-25,USB-C Hub,North Carolina,26
2026-04-26,USB-C Hub,North Carolina,25
2026-04-27,USB-C Hub,North Carolina,37
2026-04-28,USB-C Hub,North Carolina,22
2026-04-29,USB-C Hub,North Carolina,37
2026-04-30,USB-C Hub,North Carolina,33
2026-05-01,USB-C Hub,North Carolina,26
2026-05-02,USB-C Hub,North Carolina,25
2026-05-03,USB-C Hub,North Carolina,24
2026-05-04,USB-C Hub,North Carolina,33
2026-05-05,USB-C Hub,North Carolina,35
2026-05-06,USB-C Hub,North Carolina,33
2026-05-07,USB-C Hub,North Carolina,26
2026-05-08,USB-C Hub,North Carolina,31
2026-05-09,USB-C Hub,North Carolina,19
2026-05-10,USB-C Hub,North Carolina,25
2026-05-11,USB-C Hub,North Carolina,37
2026-05-12,USB-C Hub,North Carolina,27
2026-05-13,USB-C Hub,North Carolina,29
2026-05-14,USB-C Hub,North Carolina,28
2026-05-15,USB-C Hub,North Carolina,30
2026-05-16,USB-C Hub,North Carolina,24
2026-05-17,USB-C Hub,North Carolina,22
2026-05-18,USB-C Hub,North Carolina,34
2026-05-19,USB-C Hub,North Carolina,36
2026-05-20,USB-C Hub,North Carolina,36
2026-05-21,USB-C Hub,North Carolina,27
2026-05-22,USB-C Hub,North Carolina,37
2026-05-23,USB-C Hub,North Carolina,27
2026-05-24,USB-C Hub,North Carolina,27
2026-05-25,USB-C Hub,North Carolina,31
2026-05-26,USB-C Hub,North Carolina,29
2026-05-27,USB-C Hub,North Carolina,28
2026-05-28,USB-C Hub,North Carolina,27
2026-05-29,USB-C Hub,North Carolina,32
2026-05-30,USB-C Hub,North Carolina,25
2026-05-31,USB-C Hub,North Carolina,27
2026-06-01,USB-C Hub,North Carolina,29
2026-06-02,USB-C Hub,North Carolina,30
2026-06-03,USB-C Hub,North Carolina,30
2026-06-04,USB-C Hub,North Carolina,28
2026-06-05,USB-C Hub,North Carolina,33
2026-06-06,USB-C Hub,North Carolina,23
2026-06-07,USB-C Hub,North Carolina,23
2026-06-08,USB-C Hub,North Carolina,32
2026-06-09,USB-C Hub,North Carolina,33
2026-06-10,USB-C Hub,North Carolina,32
2026-06-11,USB-C Hub,North Carolina,27
2026-06-12,USB-C Hub,North Carolina,34
2026-06-13,USB-C Hub,North Carolina,23
2026-06-14,USB-C Hub,North Carolina,21
2026-06-15,USB-C Hub,North Carolina,31
2026-06-16,USB-C Hub,North Carolina,32
2026-06-17,USB-C Hub,North Carolina,34
2026-06-18,USB-C Hub,North Carolina,26
2026-06-19,USB-C Hub,North Carolina,35
2026-06-20,USB-C Hub,North Carolina,22
2026-06-21,USB-C Hub,North Carolina,21
2026-06-22,USB-C Hub,North Carolina,28
2026-06-23,USB-C Hub,North Carolina,27
2026-06-24,USB-C Hub,North Carolina,24
2026-06-25,USB-C Hub,North Carolina,33
2026-06-26,USB-C Hub,North Carolina,37
2026-06-27,USB-C Hub,North Carolina,18
2026-06-28,USB-C Hub,North Carolina,20
2026-06-29,USB-C Hub,North Carolina,33
2026-06-30,USB-C Hub,North Carolina,30
2026-07-01,USB-C Hub,North Carolina,31
2026-07-02,USB-C Hub,North Carolina,28
2026-07-03,USB-C Hub,North Carolina,27
2026-07-04,USB-C Hub,North Carolina,20
2026-07-05,USB-C Hub,North Carolina,15
2026-07-06,USB-C Hub,North Carolina,25
2026-07-07,USB-C Hub,North Carolina,32
2026-07-08,USB-C Hub,North Carolina,33
2026-07-09,USB-C Hub,North Carolina,33
2026-07-10,USB-C Hub,North Carolina,30
2026-07-11,USB-C Hub,North Carolina,15
2026-07-12,USB-C Hub,North Carolina,19
2026-07-13,USB-C Hub,North Carolina,33
2026-07-14,USB-C Hub,North Carolina,34
2026-07-15,USB-C Hub,North Carolina,33
2026-07-16,USB-C Hub,North Carolina,28
2026-07-17,USB-C Hub,North Carolina,24
2026-07-18,USB-C Hub,North Carolina,21
2026-07-19,USB-C Hub,North Carolina,21
2026-07-20,USB-C Hub,North Carolina,34
2026-07-21,USB-C Hub,North Carolina,29
2026-07-22,USB-C Hub,North Carolina,29
2026-07-23,USB-C Hub,North Carolina,29
2026-07-24,USB-C Hub,North Carolina,30
2026-07-25,USB-C Hub,North Carolina,22
2026-07-26,USB-C Hub,North Carolina,19
2026-07-27,USB-C Hub,North Carolina,25
2026-07-28,USB-C Hub,North Carolina,33
2026-07-29,USB-C Hub,North Carolina,23
2026-07-30,USB-C Hub,North Carolina,34
2026-07-31,USB-C Hub,North Carolina,22
2026-08-01,USB-C Hub,North Carolina,18
2026-08-02,USB-C Hub,North Carolina,22
2026-08-03,USB-C Hub,North Carolina,27
2026-08-04,USB-C Hub,North Carolina,23
2026-08-05,USB-C Hub,North Carolina,28
2026-08-06,USB-C Hub,North Carolina,27
2026-08-07,USB-C Hub,North Carolina,26
2026-08-08,USB-C Hub,North Carolina,18
2026-08-09,USB-C Hub,North Carolina,20
2026-08-10,USB-C Hub,North Carolina,25
2026-08-11,USB-C Hub,North Carolina,35
2026-08-12,USB-C Hub,North Carolina,26
2026-08-13,USB-C Hub,North Carolina,26
2026-08-14,USB-C Hub,North Carolina,25
2026-08-15,USB-C Hub,North Carolina,24
2026-08-16,USB-C Hub,North Carolina,16
2026-08-17,USB-C Hub,North Carolina,28
2026-08-18,USB-C Hub,North Carolina,26
2026-08-19,USB-C Hub,North Carolina,22
2026-08-20,USB-C Hub,North Carolina,24
2026-08-21,USB-C Hub,North Carolina,28
2026-08-22,USB-C Hub,North Carolina,18
2026-08-23,USB-C Hub,North Carolina,20
2026-08-24,USB-C Hub,North Carolina,32
2026-08-25,USB-C Hub,North Carolina,27
2026-08-26,USB-C Hub,North Carolina,22
2026-08-27,USB-C Hub,North Carolina,24
2026-08-28,USB-C Hub,North Carolina,26
2026-08-29,USB-C Hub,North Carolina,19
2026-08-30,USB-C Hub,North Carolina,20
2026-08-31,USB-C Hub,North Carolina,28
2026-09-01,USB-C Hub,North Carolina,31
2026-09-02,USB-C Hub,North Carolina,26
2026-09-03,USB-C Hub,North Carolina,22
2026-09-04,USB-C Hub,North Carolina,29
2026-09-05,USB-C Hub,North Carolina,22
2026-09-06,USB-C Hub,North Carolina,19
2026-09-07,USB-C Hub,North Carolina,25
2026-09-08,USB-C Hub,North Carolina,28
2026-09-09,USB-C Hub,North Carolina,25
2026-09-10,USB-C Hub,North Carolina,19
2026-09-11,USB-C Hub,North Carolina,27
2026-09-12,USB-C Hub,North Carolina,21
2026-09-13,USB-C Hub,North Carolina,22
2026-09-14,USB-C Hub,North Carolina,23
2026-09-15,USB-C Hub,North Carolina,26
2026-09-16,USB-C Hub,North Carolina,26
2026-09-17,USB-C Hub,North Carolina,26
2026-09-18,USB-C Hub,North Carolina,26
2026-09-19,USB-C Hub,North Carolina,19
2026-09-20,USB-C Hub,North Carolina,19
2026-09-21,USB-C Hub,North Carolina,28
2026-09-22,USB-C Hub,North Carolina,29
2026-09-23,USB-C Hub,North Carolina,23
2026-09-24,USB-C Hub,North Carolina,25
2026-09-25,USB-C Hub,North Carolina,24
2026-09-26,USB-C Hub,North Carolina,17
2026-09-27,USB-C Hub,North Carolina,15
2026-09-28,USB-C Hub,North Carolina,26
2025-01-01,USB-C Hub,Virginia,27
2025-01-02,USB-C Hub,Virginia,25
2025-01-03,USB-C Hub,Virginia,25
2025-01-04,USB-C Hub,Virginia,19
2025-01-05,USB-C Hub,Virginia,22
2025-01-06,USB-C Hub,Virginia,24
2025-01-07,USB-C Hub,Virginia,22
2025-01-08,USB-C Hub,Virginia,25
2025-01-09,USB-C Hub,Virginia,31
2025-01-10,USB-C Hub,Virginia,22
2025-01-11,USB-C Hub,Virginia,20
2025-01-12,USB-C Hub,Virginia,21
2025-01-13,USB-C Hub,Virginia,18
2025-01-14,USB-C Hub,Virginia,26
2025-01-15,USB-C Hub,Virginia,27
2025-01-16,USB-C Hub,Virginia,24
2025-01-17,USB-C Hub,Virginia,23
2025-01-18,USB-C Hub,Virginia,17
2025-01-19,USB-C Hub,Virginia,18
2025-01-20,USB-C Hub,Virginia,24
2025-01-21,USB-C Hub,Virginia,24
2025-01-22,USB-C Hub,Virginia,24
2025-01-23,USB-C Hub,Virginia,29
2025-01-24,USB-C Hub,Virginia,22
2025-01-25,USB-C Hub,Virginia,15
2025-01-26,USB-C Hub,Virginia,21
2025-01-27,USB-C Hub,Virginia,25
2025-01-28,USB-C Hub,Virginia,24
2025-01-29,USB-C Hub,Virginia,25
2025-01-30,USB-C Hub,Virginia,26
2025-01-31,USB-C Hub,Virginia,24
2025-02-01,USB-C Hub,Virginia,21
2025-02-02,USB-C Hub,Virginia,17
2025-02-03,USB-C Hub,Virginia,26
2025-02-04,USB-C Hub,Virginia,20
2025-02-05,USB-C Hub,Virginia,30
2025-02-06,USB-C Hub,Virginia,26
2025-02-07,USB-C Hub,Virginia,29
2025-02-08,USB-C Hub,Virginia,21
2025-02-09,USB-C Hub,Virginia,21
2025-02-10,USB-C Hub,Virginia,27
2025-02-11,USB-C Hub,Virginia,28
2025-02-12,USB-C Hub,Virginia,24
2025-02-13,USB-C Hub,Virginia,23
2025-02-14,USB-C Hub,Virginia,26
2025-02-15,USB-C Hub,Virginia,18
2025-02-16,USB-C Hub,Virginia,23
2025-02-17,USB-C Hub,Virginia,28
2025-02-18,USB-C Hub,Virginia,24
2025-02-19,USB-C Hub,Virginia,26
2025-02-20,USB-C Hub,Virginia,27
2025-02-21,USB-C Hub,Virginia,26
2025-02-22,USB-C Hub,Virginia,20
2025-02-23,USB-C Hub,Virginia,20
2025-02-24,USB-C Hub,Virginia,22
2025-02-25,USB-C Hub,Virginia,20
2025-02-26,USB-C Hub,Virginia,26
2025-02-27,USB-C Hub,Virginia,29
2025-02-28,USB-C Hub,Virginia,26
2025-03-01,USB-C Hub,Virginia,23
2025-03-02,USB-C Hub,Virginia,20
2025-03-03,USB-C Hub,Virginia,32
2025-03-04,USB-C Hub,Virginia,32
2025-03-05,USB-C Hub,Virginia,31
2025-03-06,USB-C Hub,Virginia,24
2025-03-07,USB-C Hub,Virginia,28
2025-03-08,USB-C Hub,Virginia,23
2025-03-09,USB-C Hub,Virginia,21
2025-03-10,USB-C Hub,Virginia,30
2025-03-11,USB-C Hub,Virginia,23
2025-03-12,USB-C Hub,Virginia,34
2025-03-13,USB-C Hub,Virginia,25
2025-03-14,USB-C Hub,Virginia,21
2025-03-15,USB-C Hub,Virginia,20
2025-03-16,USB-C Hub,Virginia,14
2025-03-17,USB-C Hub,Virginia,24
2025-03-18,USB-C Hub,Virginia,36
2025-03-19,USB-C Hub,Virginia,27
2025-03-20,USB-C Hub,Virginia,23
2025-03-21,USB-C Hub,Virginia,28
2025-03-22,USB-C Hub,Virginia,18
2025-03-23,USB-C Hub,Virginia,22
2025-03-24,USB-C Hub,Virginia,25
2025-03-25,USB-C Hub,Virginia,29
2025-03-26,USB-C Hub,Virginia,24
2025-03-27,USB-C Hub,Virginia,36
2025-03-28,USB-C Hub,Virginia,30
2025-03-29,USB-C Hub,Virginia,20
2025-03-30,USB-C Hub,Virginia,20
2025-03-31,USB-C Hub,Virginia,26
2025-04-01,USB-C Hub,Virginia,26
2025-04-02,USB-C Hub,Virginia,26
2025-04-03,USB-C Hub,Virginia,34
2025-04-04,USB-C Hub,Virginia,26
2025-04-05,USB-C Hub,Virginia,15
2025-04-06,USB-C Hub,Virginia,18
2025-04-07,USB-C Hub,Virginia,31
2025-04-08,USB-C Hub,Virginia,27
2025-04-09,USB-C Hub,Virginia,28
2025-04-10,USB-C Hub,Virginia,32
2025-04-11,USB-C Hub,Virginia,26
2025-04-12,USB-C Hub,Virginia,22
2025-04-13,USB-C Hub,Virginia,19
2025-04-14,USB-C Hub,Virginia,30
2025-04-15,USB-C Hub,Virginia,27
2025-04-16,USB-C Hub,Virginia,27
2025-04-17,USB-C Hub,Virginia,31
2025-04-18,USB-C Hub,Virginia,31
2025-04-19,USB-C Hub,Virginia,20
2025-04-20,USB-C Hub,Virginia,19
2025-04-21,USB-C Hub,Virginia,34
2025-04-22,USB-C Hub,Virginia,30
2025-04-23,USB-C Hub,Virginia,27
2025-04-24,USB-C Hub,Virginia,26
2025-04-25,USB-C Hub,Virginia,32
2025-04-26,USB-C Hub,Virginia,21
2025-04-27,USB-C Hub,Virginia,20
2025-04-28,USB-C Hub,Virginia,29
2025-04-29,USB-C Hub,Virginia,29
2025-04-30,USB-C Hub,Virginia,28
2025-05-01,USB-C Hub,Virginia,32
2025-05-02,USB-C Hub,Virginia,32
2025-05-03,USB-C Hub,Virginia,22
2025-05-04,USB-C Hub,Virginia,24
2025-05-05,USB-C Hub,Virginia,28
2025-05-06,USB-C Hub,Virginia,30
2025-05-07,USB-C Hub,Virginia,31
2025-05-08,USB-C Hub,Virginia,31
2025-05-09,USB-C Hub,Virginia,31
2025-05-10,USB-C Hub,Virginia,22
2025-05-11,USB-C Hub,Virginia,25
2025-05-12,USB-C Hub,Virginia,26
2025-05-13,USB-C Hub,Virginia,27
2025-05-14,USB-C Hub,Virginia,27
2025-05-15,USB-C Hub,Virginia,27
2025-05-16,USB-C Hub,Virginia,21
2025-05-17,USB-C Hub,Virginia,24
2025-05-18,USB-C Hub,Virginia,18
2025-05-19,USB-C Hub,Virginia,28
2025-05-20,USB-C Hub,Virginia,23
2025-05-21,USB-C Hub,Virginia,30
2025-05-22,USB-C Hub,Virginia,25
2025-05-23,USB-C Hub,Virginia,24
2025-05-24,USB-C Hub,Virginia,21
2025-05-25,USB-C Hub,Virginia,19
2025-05-26,USB-C Hub,Virginia,26
2025-05-27,USB-C Hub,Virginia,28
2025-05-28,USB-C Hub,Virginia,30
2025-05-29,USB-C Hub,Virginia,25
2025-05-30,USB-C Hub,Virginia,25
2025-05-31,USB-C Hub,Virginia,20
2025-06-01,USB-C Hub,Virginia,21
2025-06-02,USB-C Hub,Virginia,31
2025-06-03,USB-C Hub,Virginia,23
2025-06-04,USB-C Hub,Virginia,26
2025-06-05,USB-C Hub,Virginia,30
2025-06-06,USB-C Hub,Virginia,33
2025-06-07,USB-C Hub,Virginia,17
2025-06-08,USB-C Hub,Virginia,18
2025-06-09,USB-C Hub,Virginia,28
2025-06-10,USB-C Hub,Virginia,25
2025-06-11,USB-C Hub,Virginia,24
2025-06-12,USB-C Hub,Virginia,27
2025-06-13,USB-C Hub,Virginia,32
2025-06-14,USB-C Hub,Virginia,16
2025-06-15,USB-C Hub,Virginia,23
2025-06-16,USB-C Hub,Virginia,25
2025-06-17,USB-C Hub,Virginia,28
2025-06-18,USB-C Hub,Virginia,32
2025-06-19,USB-C Hub,Virginia,28
2025-06-20,USB-C Hub,Virginia,26
2025-06-21,USB-C Hub,Virginia,21
2025-06-22,USB-C Hub,Virginia,19
2025-06-23,USB-C Hub,Virginia,28
2025-06-24,USB-C Hub,Virginia,26
2025-06-25,USB-C Hub,Virginia,29
2025-06-26,USB-C Hub,Virginia,22
2025-06-27,USB-C Hub,Virginia,23
2025-06-28,USB-C Hub,Virginia,16
2025-06-29,USB-C Hub,Virginia,19
2025-06-30,USB-C Hub,Virginia,22
2025-07-01,USB-C Hub,Virginia,23
2025-07-02,USB-C Hub,Virginia,22
2025-07-03,USB-C Hub,Virginia,30
2025-07-04,USB-C Hub,Virginia,22
2025-07-05,USB-C Hub,Virginia,16
2025-07-06,USB-C Hub,Virginia,19
2025-07-07,USB-C Hub,Virginia,30
2025-07-08,USB-C Hub,Virginia,25
2025-07-09,USB-C Hub,Virginia,25
2025-07-10,USB-C Hub,Virginia,29
2025-07-11,USB-C Hub,Virginia,28
2025-07-12,USB-C Hub,Virginia,19
2025-07-13,USB-C Hub,Virginia,17
2025-07-14,USB-C Hub,Virginia,27
2025-07-15,USB-C Hub,Virginia,21
2025-07-16,USB-C Hub,Virginia,23
2025-07-17,USB-C Hub,Virginia,30
2025-07-18,USB-C Hub,Virginia,29
2025-07-19,USB-C Hub,Virginia,19
2025-07-20,USB-C Hub,Virginia,14
2025-07-21,USB-C Hub,Virginia,22
2025-07-22,USB-C Hub,Virginia,23
2025-07-23,USB-C Hub,Virginia,25
2025-07-24,USB-C Hub,Virginia,21
2025-07-25,USB-C Hub,Virginia,24
2025-07-26,USB-C Hub,Virginia,22
2025-07-27,USB-C Hub,Virginia,19
2025-07-28,USB-C Hub,Virginia,26
2025-07-29,USB-C Hub,Virginia,22
2025-07-30,USB-C Hub,Virginia,20
2025-07-31,USB-C Hub,Virginia,21
2025-08-01,USB-C Hub,Virginia,19
2025-08-02,USB-C Hub,Virginia,17
2025-08-03,USB-C Hub,Virginia,18
2025-08-04,USB-C Hub,Virginia,21
2025-08-05,USB-C Hub,Virginia,24
2025-08-06,USB-C Hub,Virginia,28
2025-08-07,USB-C Hub,Virginia,29
2025-08-08,USB-C Hub,Virginia,26
2025-08-09,USB-C Hub,Virginia,17
2025-08-10,USB-C Hub,Virginia,19
2025-08-11,USB-C Hub,Virginia,28
2025-08-12,USB-C Hub,Virginia,18
2025-08-13,USB-C Hub,Virginia,28
2025-08-14,USB-C Hub,Virginia,22
2025-08-15,USB-C Hub,Virginia,22
2025-08-16,USB-C Hub,Virginia,17
2025-08-17,USB-C Hub,Virginia,18
2025-08-18,USB-C Hub,Virginia,21
2025-08-19,USB-C Hub,Virginia,23
2025-08-20,USB-C Hub,Virginia,25
2025-08-21,USB-C Hub,Virginia,24
2025-08-22,USB-C Hub,Virginia,25
2025-08-23,USB-C Hub,Virginia,17
2025-08-24,USB-C Hub,Virginia,19
2025-08-25,USB-C Hub,Virginia,27
2025-08-26,USB-C Hub,Virginia,27
2025-08-27,USB-C Hub,Virginia,25
2025-08-28,USB-C Hub,Virginia,26
2025-08-29,USB-C Hub,Virginia,26
2025-08-30,USB-C Hub,Virginia,23
2025-08-31,USB-C Hub,Virginia,20
2025-09-01,USB-C Hub,Virginia,22
2025-09-02,USB-C Hub,Virginia,20
2025-09-03,USB-C Hub,Virginia,22
2025-09-04,USB-C Hub,Virginia,22
2025-09-05,USB-C Hub,Virginia,24
2025-09-06,USB-C Hub,Virginia,15
2025-09-07,USB-C Hub,Virginia,19
2025-09-08,USB-C Hub,Virginia,19
2025-09-09,USB-C Hub,Virginia,18
2025-09-10,USB-C Hub,Virginia,22
2025-09-11,USB-C Hub,Virginia,20
2025-09-12,USB-C Hub,Virginia,19
2025-09-13,USB-C Hub,Virginia,15
2025-09-14,USB-C Hub,Virginia,15
2025-09-15,USB-C Hub,Virginia,23
2025-09-16,USB-C Hub,Virginia,21
2025-09-17,USB-C Hub,Virginia,21
2025-09-18,USB-C Hub,Virginia,23
2025-09-19,USB-C Hub,Virginia,25
2025-09-20,USB-C Hub,Virginia,19
2025-09-21,USB-C Hub,Virginia,17
2025-09-22,USB-C Hub,Virginia,23
2025-09-23,USB-C Hub,Virginia,22
2025-09-24,USB-C Hub,Virginia,24
2025-09-25,USB-C Hub,Virginia,24
2025-09-26,USB-C Hub,Virginia,26
2025-09-27,USB-C Hub,Virginia,13
2025-09-28,USB-C Hub,Virginia,16
2025-09-29,USB-C Hub,Virginia,24
2025-09-30,USB-C Hub,Virginia,23
2025-10-01,USB-C Hub,Virginia,20
2025-10-02,USB-C Hub,Virginia,19
2025-10-03,USB-C Hub,Virginia,24
2025-10-04,USB-C Hub,Virginia,15
2025-10-05,USB-C Hub,Virginia,13
2025-10-06,USB-C Hub,Virginia,24
2025-10-07,USB-C Hub,Virginia,23
2025-10-08,USB-C Hub,Virginia,22
2025-10-09,USB-C Hub,Virginia,20
2025-10-10,USB-C Hub,Virginia,22
2025-10-11,USB-C Hub,Virginia,19
2025-10-12,USB-C Hub,Virginia,13
2025-10-13,USB-C Hub,Virginia,18
2025-10-14,USB-C Hub,Virginia,21
2025-10-15,USB-C Hub,Virginia,22
2025-10-16,USB-C Hub,Virginia,21
2025-10-17,USB-C Hub,Virginia,24
2025-10-18,USB-C Hub,Virginia,18
2025-10-19,USB-C Hub,Virginia,17
2025-10-20,USB-C Hub,Virginia,24
2025-10-21,USB-C Hub,Virginia,23
2025-10-22,USB-C Hub,Virginia,22
2025-10-23,USB-C Hub,Virginia,19
2025-10-24,USB-C Hub,Virginia,19
2025-10-25,USB-C Hub,Virginia,14
2025-10-26,USB-C Hub,Virginia,16
2025-10-27,USB-C Hub,Virginia,23
2025-10-28,USB-C Hub,Virginia,18
2025-10-29,USB-C Hub,Virginia,22
2025-10-30,USB-C Hub,Virginia,20
2025-10-31,USB-C Hub,Virginia,19
2025-11-01,USB-C Hub,Virginia,18
2025-11-02,USB-C Hub,Virginia,17
2025-11-03,USB-C Hub,Virginia,29
2025-11-04,USB-C Hub,Virginia,26
2025-11-05,USB-C Hub,Virginia,29
2025-11-06,USB-C Hub,Virginia,25
2025-11-07,USB-C Hub,Virginia,25
2025-11-08,USB-C Hub,Virginia,24
2025-11-09,USB-C Hub,Virginia,16
2025-11-10,USB-C Hub,Virginia,31
2025-11-11,USB-C Hub,Virginia,32
2025-11-12,USB-C Hub,Virginia,29
2025-11-13,USB-C Hub,Virginia,26
2025-11-14,USB-C Hub,Virginia,31
2025-11-15,USB-C Hub,Virginia,19
2025-11-16,USB-C Hub,Virginia,18
2025-11-17,USB-C Hub,Virginia,25
2025-11-18,USB-C Hub,Virginia,25
2025-11-19,USB-C Hub,Virginia,24
2025-11-20,USB-C Hub,Virginia,30
2025-11-21,USB-C Hub,Virginia,24
2025-11-22,USB-C Hub,Virginia,19
2025-11-23,USB-C Hub,Virginia,16
2025-11-24,USB-C Hub,Virginia,27
2025-11-25,USB-C Hub,Virginia,23
2025-11-26,USB-C Hub,Virginia,23
2025-11-27,USB-C Hub,Virginia,26
2025-11-28,USB-C Hub,Virginia,30
2025-11-29,USB-C Hub,Virginia,21
2025-11-30,USB-C Hub,Virginia,21
2025-12-01,USB-C Hub,Virginia,28
2025-12-02,USB-C Hub,Virginia,27
2025-12-03,USB-C Hub,Virginia,31
2025-12-04,USB-C Hub,Virginia,26
2025-12-05,USB-C Hub,Virginia,31
2025-12-06,USB-C Hub,Virginia,23
2025-12-07,USB-C Hub,Virginia,18
2025-12-08,USB-C Hub,Virginia,26
2025-12-09,USB-C Hub,Virginia,26
2025-12-10,USB-C Hub,Virginia,23
2025-12-11,USB-C Hub,Virginia,26
2025-12-12,USB-C Hub,Virginia,32
2025-12-13,USB-C Hub,Virginia,18
2025-12-14,USB-C Hub,Virginia,24
2025-12-15,USB-C Hub,Virginia,26
2025-12-16,USB-C Hub,Virginia,35
2025-12-17,USB-C Hub,Virginia,26
2025-12-18,USB-C Hub,Virginia,27
2025-12-19,USB-C Hub,Virginia,25
2025-12-20,USB-C Hub,Virginia,19
2025-12-21,USB-C Hub,Virginia,24
2025-12-22,USB-C Hub,Virginia,30
2025-12-23,USB-C Hub,Virginia,31
2025-12-24,USB-C Hub,Virginia,24
2025-12-25,USB-C Hub,Virginia,30
2025-12-26,USB-C Hub,Virginia,25
2025-12-27,USB-C Hub,Virginia,17
2025-12-28,USB-C Hub,Virginia,21
2025-12-29,USB-C Hub,Virginia,29
2025-12-30,USB-C Hub,Virginia,28
2025-12-31,USB-C Hub,Virginia,30
2026-01-01,USB-C Hub,Virginia,28
2026-01-02,USB-C Hub,Virginia,30
2026-01-03,USB-C Hub,Virginia,16
2026-01-04,USB-C Hub,Virginia,22
2026-01-05,USB-C Hub,Virginia,31
2026-01-06,USB-C Hub,Virginia,24
2026-01-07,USB-C Hub,Virginia,20
2026-01-08,USB-C Hub,Virginia,21
2026-01-09,USB-C Hub,Virginia,24
2026-01-10,USB-C Hub,Virginia,23
2026-01-11,USB-C Hub,Virginia,18
2026-01-12,USB-C Hub,Virginia,23
2026-01-13,USB-C Hub,Virginia,23
2026-01-14,USB-C Hub,Virginia,21
2026-01-15,USB-C Hub,Virginia,28
2026-01-16,USB-C Hub,Virginia,25
2026-01-17,USB-C Hub,Virginia,23
2026-01-18,USB-C Hub,Virginia,20
2026-01-19,USB-C Hub,Virginia,28
2026-01-20,USB-C Hub,Virginia,24
2026-01-21,USB-C Hub,Virginia,22
2026-01-22,USB-C Hub,Virginia,23
2026-01-23,USB-C Hub,Virginia,21
2026-01-24,USB-C Hub,Virginia,20
2026-01-25,USB-C Hub,Virginia,18
2026-01-26,USB-C Hub,Virginia,28
2026-01-27,USB-C Hub,Virginia,26
2026-01-28,USB-C Hub,Virginia,24
2026-01-29,USB-C Hub,Virginia,22
2026-01-30,USB-C Hub,Virginia,26
2026-01-31,USB-C Hub,Virginia,18
2026-02-01,USB-C Hub,Virginia,22
2026-02-02,USB-C Hub,Virginia,24
2026-02-03,USB-C Hub,Virginia,29
2026-02-04,USB-C Hub,Virginia,32
2026-02-05,USB-C Hub,Virginia,28
2026-02-06,USB-C Hub,Virginia,29
2026-02-07,USB-C Hub,Virginia,21
2026-02-08,USB-C Hub,Virginia,24
2026-02-09,USB-C Hub,Virginia,28
2026-02-10,USB-C Hub,Virginia,29
2026-02-11,USB-C Hub,Virginia,27
2026-02-12,USB-C Hub,Virginia,24
2026-02-13,USB-C Hub,Virginia,23
2026-02-14,USB-C Hub,Virginia,23
2026-02-15,USB-C Hub,Virginia,17
2026-02-16,USB-C Hub,Virginia,29
2026-02-17,USB-C Hub,Virginia,28
2026-02-18,USB-C Hub,Virginia,30
2026-02-19,USB-C Hub,Virginia,25
2026-02-20,USB-C Hub,Virginia,24
2026-02-21,USB-C Hub,Virginia,20
2026-02-22,USB-C Hub,Virginia,19
2026-02-23,USB-C Hub,Virginia,23
2026-02-24,USB-C Hub,Virginia,33
2026-02-25,USB-C Hub,Virginia,24
2026-02-26,USB-C Hub,Virginia,24
2026-02-27,USB-C Hub,Virginia,26
2026-02-28,USB-C Hub,Virginia,22
2026-03-01,USB-C Hub,Virginia,15
2026-03-02,USB-C Hub,Virginia,32
2026-03-03,USB-C Hub,Virginia,25
2026-03-04,USB-C Hub,Virginia,29
2026-03-05,USB-C Hub,Virginia,26
2026-03-06,USB-C Hub,Virginia,34
2026-03-07,USB-C Hub,Virginia,21
2026-03-08,USB-C Hub,Virginia,19
2026-03-09,USB-C Hub,Virginia,27
2026-03-10,USB-C Hub,Virginia,28
2026-03-11,USB-C Hub,Virginia,28
2026-03-12,USB-C Hub,Virginia,29
2026-03-13,USB-C Hub,Virginia,28
2026-03-14,USB-C Hub,Virginia,17
2026-03-15,USB-C Hub,Virginia,20
2026-03-16,USB-C Hub,Virginia,30
2026-03-17,USB-C Hub,Virginia,26
2026-03-18,USB-C Hub,Virginia,30
2026-03-19,USB-C Hub,Virginia,28
2026-03-20,USB-C Hub,Virginia,27
2026-03-21,USB-C Hub,Virginia,23
2026-03-22,USB-C Hub,Virginia,16
2026-03-23,USB-C Hub,Virginia,26
2026-03-24,USB-C Hub,Virginia,32
2026-03-25,USB-C Hub,Virginia,34
2026-03-26,USB-C Hub,Virginia,35
2026-03-27,USB-C Hub,Virginia,28
2026-03-28,USB-C Hub,Virginia,21
2026-03-29,USB-C Hub,Virginia,22
2026-03-30,USB-C Hub,Virginia,32
2026-03-31,USB-C Hub,Virginia,29
2026-04-01,USB-C Hub,Virginia,31
2026-04-02,USB-C Hub,Virginia,30
2026-04-03,USB-C Hub,Virginia,30
2026-04-04,USB-C Hub,Virginia,18
2026-04-05,USB-C Hub,Virginia,20
2026-04-06,USB-C Hub,Virginia,26
2026-04-07,USB-C Hub,Virginia,24
2026-04-08,USB-C Hub,Virginia,23
2026-04-09,USB-C Hub,Virginia,27
2026-04-10,USB-C Hub,Virginia,27
2026-04-11,USB-C Hub,Virginia,21
2026-04-12,USB-C Hub,Virginia,22
2026-04-13,USB-C Hub,Virginia,29
2026-04-14,USB-C Hub,Virginia,27
2026-04-15,USB-C Hub,Virginia,25
2026-04-16,USB-C Hub,Virginia,31
2026-04-17,USB-C Hub,Virginia,28
2026-04-18,USB-C Hub,Virginia,20
2026-04-19,USB-C Hub,Virginia,20
2026-04-20,USB-C Hub,Virginia,26
2026-04-21,USB-C Hub,Virginia,26
2026-04-22,USB-C Hub,Virginia,26
2026-04-23,USB-C Hub,Virginia,27
2026-04-24,USB-C Hub,Virginia,30
2026-04-25,USB-C Hub,Virginia,22
2026-04-26,USB-C Hub,Virginia,24
2026-04-27,USB-C Hub,Virginia,32
2026-04-28,USB-C Hub,Virginia,35
2026-04-29,USB-C Hub,Virginia,30
2026-04-30,USB-C Hub,Virginia,30
2026-05-01,USB-C Hub,Virginia,26
2026-05-02,USB-C Hub,Virginia,22
2026-05-03,USB-C Hub,Virginia,19
2026-05-04,USB-C Hub,Virginia,23
2026-05-05,USB-C Hub,Virginia,33
2026-05-06,USB-C Hub,Virginia,24
2026-05-07,USB-C Hub,Virginia,29
2026-05-08,USB-C Hub,Virginia,25
2026-05-09,USB-C Hub,Virginia,23
2026-05-10,USB-C Hub,Virginia,23
2026-05-11,USB-C Hub,Virginia,30
2026-05-12,USB-C Hub,Virginia,32
2026-05-13,USB-C Hub,Virginia,28
2026-05-14,USB-C Hub,Virginia,35
2026-05-15,USB-C Hub,Virginia,30
2026-05-16,USB-C Hub,Virginia,18
2026-05-17,USB-C Hub,Virginia,21
2026-05-18,USB-C Hub,Virginia,27
2026-05-19,USB-C Hub,Virginia,27
2026-05-20,USB-C Hub,Virginia,22
2026-05-21,USB-C Hub,Virginia,29
2026-05-22,USB-C Hub,Virginia,23
2026-05-23,USB-C Hub,Virginia,14
2026-05-24,USB-C Hub,Virginia,20
2026-05-25,USB-C Hub,Virginia,25
2026-05-26,USB-C Hub,Virginia,25
2026-05-27,USB-C Hub,Virginia,17
2026-05-28,USB-C Hub,Virginia,25
2026-05-29,USB-C Hub,Virginia,27
2026-05-30,USB-C Hub,Virginia,19
2026-05-31,USB-C Hub,Virginia,21
2026-06-01,USB-C Hub,Virginia,31
2026-06-02,USB-C Hub,Virginia,28
2026-06-03,USB-C Hub,Virginia,30
2026-06-04,USB-C Hub,Virginia,30
2026-06-05,USB-C Hub,Virginia,23
2026-06-06,USB-C Hub,Virginia,21
2026-06-07,USB-C Hub,Virginia,22
2026-06-08,USB-C Hub,Virginia,25
2026-06-09,USB-C Hub,Virginia,24
2026-06-10,USB-C Hub,Virginia,28
2026-06-11,USB-C Hub,Virginia,22
2026-06-12,USB-C Hub,Virginia,23
2026-06-13,USB-C Hub,Virginia,18
2026-06-14,USB-C Hub,Virginia,21
2026-06-15,USB-C Hub,Virginia,27
2026-06-16,USB-C Hub,Virginia,30
2026-06-17,USB-C Hub,Virginia,24
2026-06-18,USB-C Hub,Virginia,24
2026-06-19,USB-C Hub,Virginia,28
2026-06-20,USB-C Hub,Virginia,18
2026-06-21,USB-C Hub,Virginia,18
2026-06-22,USB-C Hub,Virginia,21
2026-06-23,USB-C Hub,Virginia,28
2026-06-24,USB-C Hub,Virginia,32
2026-06-25,USB-C Hub,Virginia,23
2026-06-26,USB-C Hub,Virginia,30
2026-06-27,USB-C Hub,Virginia,19
2026-06-28,USB-C Hub,Virginia,15
2026-06-29,USB-C Hub,Virginia,24
2026-06-30,USB-C Hub,Virginia,24
2026-07-01,USB-C Hub,Virginia,24
2026-07-02,USB-C Hub,Virginia,26
2026-07-03,USB-C Hub,Virginia,31
2026-07-04,USB-C Hub,Virginia,15
2026-07-05,USB-C Hub,Virginia,17
2026-07-06,USB-C Hub,Virginia,22
2026-07-07,USB-C Hub,Virginia,21
2026-07-08,USB-C Hub,Virginia,25
2026-07-09,USB-C Hub,Virginia,25
2026-07-10,USB-C Hub,Virginia,20
2026-07-11,USB-C Hub,Virginia,18
2026-07-12,USB-C Hub,Virginia,16
2026-07-13,USB-C Hub,Virginia,25
2026-07-14,USB-C Hub,Virginia,29
2026-07-15,USB-C Hub,Virginia,27
2026-07-16,USB-C Hub,Virginia,26
2026-07-17,USB-C Hub,Virginia,24
2026-07-18,USB-C Hub,Virginia,19
2026-07-19,USB-C Hub,Virginia,20
2026-07-20,USB-C Hub,Virginia,27
2026-07-21,USB-C Hub,Virginia,25
2026-07-22,USB-C Hub,Virginia,26
2026-07-23,USB-C Hub,Virginia,21
2026-07-24,USB-C Hub,Virginia,23
2026-07-25,USB-C Hub,Virginia,20
2026-07-26,USB-C Hub,Virginia,20
2026-07-27,USB-C Hub,Virginia,25
2026-07-28,USB-C Hub,Virginia,30
2026-07-29,USB-C Hub,Virginia,27
2026-07-30,USB-C Hub,Virginia,24
2026-07-31,USB-C Hub,Virginia,22
2026-08-01,USB-C Hub,Virginia,20
2026-08-02,USB-C Hub,Virginia,19
2026-08-03,USB-C Hub,Virginia,29
2026-08-04,USB-C Hub,Virginia,30
2026-08-05,USB-C Hub,Virginia,20
2026-08-06,USB-C Hub,Virginia,20
2026-08-07,USB-C Hub,Virginia,16
2026-08-08,USB-C Hub,Virginia,19
2026-08-09,USB-C Hub,Virginia,19
2026-08-10,USB-C Hub,Virginia,24
2026-08-11,USB-C Hub,Virginia,20
2026-08-12,USB-C Hub,Virginia,23
2026-08-13,USB-C Hub,Virginia,24
2026-08-14,USB-C Hub,Virginia,26
2026-08-15,USB-C Hub,Virginia,18
2026-08-16,USB-C Hub,Virginia,19
2026-08-17,USB-C Hub,Virginia,23
2026-08-18,USB-C Hub,Virginia,27
2026-08-19,USB-C Hub,Virginia,25
2026-08-20,USB-C Hub,Virginia,20
2026-08-21,USB-C Hub,Virginia,28
2026-08-22,USB-C Hub,Virginia,20
2026-08-23,USB-C Hub,Virginia,18
2026-08-24,USB-C Hub,Virginia,24
2026-08-25,USB-C Hub,Virginia,28
2026-08-26,USB-C Hub,Virginia,19
2026-08-27,USB-C Hub,Virginia,27
2026-08-28,USB-C Hub,Virginia,22
2026-08-29,USB-C Hub,Virginia,20
2026-08-30,USB-C Hub,Virginia,18
2026-08-31,USB-C Hub,Virginia,20
2026-09-01,USB-C Hub,Virginia,21
2026-09-02,USB-C Hub,Virginia,25
2026-09-03,USB-C Hub,Virginia,22
2026-09-04,USB-C Hub,Virginia,21
2026-09-05,USB-C Hub,Virginia,15
2026-09-06,USB-C Hub,Virginia,18
2026-09-07,USB-C Hub,Virginia,27
2026-09-08,USB-C Hub,Virginia,17
2026-09-09,USB-C Hub,Virginia,30
2026-09-10,USB-C Hub,Virginia,23
2026-09-11,USB-C Hub,Virginia,24
2026-09-12,USB-C Hub,Virginia,16
2026-09-13,USB-C Hub,Virginia,17
2026-09-14,USB-C Hub,Virginia,23
2026-09-15,USB-C Hub,Virginia,20
2026-09-16,USB-C Hub,Virginia,20
2026-09-17,USB-C Hub,Virginia,26
2026-09-18,USB-C Hub,Virginia,18
2026-09-19,USB-C Hub,Virginia,17
2026-09-20,USB-C Hub,Virginia,16
2026-09-21,USB-C Hub,Virginia,20
2026-09-22,USB-C Hub,Virginia,28
2026-09-23,USB-C Hub,Virginia,20
2026-09-24,USB-C Hub,Virginia,20
2026-09-25,USB-C Hub,Virginia,22
2026-09-26,USB-C Hub,Virginia,15
2026-09-27,USB-C Hub,Virginia,17
2026-09-28,USB-C Hub,Virginia,23
2025-01-01,Webcam HD,Florida,24
2025-01-02,Webcam HD,Florida,23
2025-01-03,Webcam HD,Florida,21
2025-01-04,Webcam HD,Florida,18
2025-01-05,Webcam HD,Florida,17
2025-01-06,Webcam HD,Florida,22
2025-01-07,Webcam HD,Florida,27
2025-01-08,Webcam HD,Florida,23
2025-01-09,Webcam HD,Florida,26
2025-01-10,Webcam HD,Florida,27
2025-01-11,Webcam HD,Florida,20
2025-01-12,Webcam HD,Florida,18
2025-01-13,Webcam HD,Florida,23
2025-01-14,Webcam HD,Florida,23
2025-01-15,Webcam HD,Florida,23
2025-01-16,Webcam HD,Florida,17
2025-01-17,Webcam HD,Florida,25
2025-01-18,Webcam HD,Florida,17
2025-01-19,Webcam HD,Florida,19
2025-01-20,Webcam HD,Florida,23
2025-01-21,Webcam HD,Florida,25
2025-01-22,Webcam HD,Florida,19
2025-01-23,Webcam HD,Florida,20
2025-01-24,Webcam HD,Florida,16
2025-01-25,Webcam HD,Florida,17
2025-01-26,Webcam HD,Florida,15
2025-01-27,Webcam HD,Florida,21
2025-01-28,Webcam HD,Florida,24
2025-01-29,Webcam HD,Florida,22
2025-01-30,Webcam HD,Florida,19
2025-01-31,Webcam HD,Florida,30
2025-02-01,Webcam HD,Florida,18
2025-02-02,Webcam HD,Florida,16
2025-02-03,Webcam HD,Florida,23
2025-02-04,Webcam HD,Florida,24
2025-02-05,Webcam HD,Florida,24
2025-02-06,Webcam HD,Florida,28
2025-02-07,Webcam HD,Florida,24
2025-02-08,Webcam HD,Florida,22
2025-02-09,Webcam HD,Florida,17
2025-02-10,Webcam HD,Florida,26
2025-02-11,Webcam HD,Florida,28
2025-02-12,Webcam HD,Florida,28
2025-02-13,Webcam HD,Florida,28
2025-02-14,Webcam HD,Florida,24
2025-02-15,Webcam HD,Florida,18
2025-02-16,Webcam HD,Florida,13
2025-02-17,Webcam HD,Florida,24
2025-02-18,Webcam HD,Florida,28
2025-02-19,Webcam HD,Florida,27
2025-02-20,Webcam HD,Florida,24
2025-02-21,Webcam HD,Florida,30
2025-02-22,Webcam HD,Florida,17
2025-02-23,Webcam HD,Florida,16
2025-02-24,Webcam HD,Florida,23
2025-02-25,Webcam HD,Florida,21
2025-02-26,Webcam HD,Florida,26
2025-02-27,Webcam HD,Florida,25
2025-02-28,Webcam HD,Florida,26
2025-03-01,Webcam HD,Florida,18
2025-03-02,Webcam HD,Florida,19
2025-03-03,Webcam HD,Florida,19
2025-03-04,Webcam HD,Florida,27
2025-03-05,Webcam HD,Florida,26
2025-03-06,Webcam HD,Florida,22
2025-03-07,Webcam HD,Florida,25
2025-03-08,Webcam HD,Florida,18
2025-03-09,Webcam HD,Florida,23
2025-03-10,Webcam HD,Florida,22
2025-03-11,Webcam HD,Florida,27
2025-03-12,Webcam HD,Florida,22
2025-03-13,Webcam HD,Florida,24
2025-03-14,Webcam HD,Florida,26
2025-03-15,Webcam HD,Florida,18
2025-03-16,Webcam HD,Florida,19
2025-03-17,Webcam HD,Florida,27
2025-03-18,Webcam HD,Florida,24
2025-03-19,Webcam HD,Florida,28
2025-03-20,Webcam HD,Florida,25
2025-03-21,Webcam HD,Florida,25
2025-03-22,Webcam HD,Florida,20
2025-03-23,Webcam HD,Florida,19
2025-03-24,Webcam HD,Florida,28
2025-03-25,Webcam HD,Florida,27
2025-03-26,Webcam HD,Florida,27
2025-03-27,Webcam HD,Florida,25
2025-03-28,Webcam HD,Florida,22
2025-03-29,Webcam HD,Florida,16
2025-03-30,Webcam HD,Florida,15
2025-03-31,Webcam HD,Florida,31
2025-04-01,Webcam HD,Florida,19
2025-04-02,Webcam HD,Florida,30
2025-04-03,Webcam HD,Florida,23
2025-04-04,Webcam HD,Florida,30
2025-04-05,Webcam HD,Florida,14
2025-04-06,Webcam HD,Florida,18
2025-04-07,Webcam HD,Florida,30
2025-04-08,Webcam HD,Florida,28
2025-04-09,Webcam HD,Florida,25
2025-04-10,Webcam HD,Florida,20
2025-04-11,Webcam HD,Florida,22
2025-04-12,Webcam HD,Florida,22
2025-04-13,Webcam HD,Florida,18
2025-04-14,Webcam HD,Florida,26
2025-04-15,Webcam HD,Florida,27
2025-04-16,Webcam HD,Florida,22
2025-04-17,Webcam HD,Florida,27
2025-04-18,Webcam HD,Florida,25
2025-04-19,Webcam HD,Florida,20
2025-04-20,Webcam HD,Florida,18
2025-04-21,Webcam HD,Florida,21
2025-04-22,Webcam HD,Florida,25
2025-04-23,Webcam HD,Florida,28
2025-04-24,Webcam HD,Florida,27
2025-04-25,Webcam HD,Florida,26
2025-04-26,Webcam HD,Florida,21
2025-04-27,Webcam HD,Florida,19
2025-04-28,Webcam HD,Florida,26
2025-04-29,Webcam HD,Florida,24
2025-04-30,Webcam HD,Florida,29
2025-05-01,Webcam HD,Florida,26
2025-05-02,Webcam HD,Florida,24
2025-05-03,Webcam HD,Florida,15
2025-05-04,Webcam HD,Florida,21
2025-05-05,Webcam HD,Florida,23
2025-05-06,Webcam HD,Florida,26
2025-05-07,Webcam HD,Florida,33
2025-05-08,Webcam HD,Florida,28
2025-05-09,Webcam HD,Florida,31
2025-05-10,Webcam HD,Florida,18
2025-05-11,Webcam HD,Florida,21
2025-05-12,Webcam HD,Florida,26
2025-05-13,Webcam HD,Florida,27
2025-05-14,Webcam HD,Florida,32
2025-05-15,Webcam HD,Florida,25
2025-05-16,Webcam HD,Florida,26
2025-05-17,Webcam HD,Florida,17
2025-05-18,Webcam HD,Florida,21
2025-05-19,Webcam HD,Florida,24
2025-05-20,Webcam HD,Florida,29
2025-05-21,Webcam HD,Florida,21
2025-05-22,Webcam HD,Florida,27
2025-05-23,Webcam HD,Florida,24
2025-05-24,Webcam HD,Florida,20
2025-05-25,Webcam HD,Florida,19
2025-05-26,Webcam HD,Florida,24
2025-05-27,Webcam HD,Florida,24
2025-05-28,Webcam HD,Florida,23
2025-05-29,Webcam HD,Florida,28
2025-05-30,Webcam HD,Florida,22
2025-05-31,Webcam HD,Florida,18
2025-06-01,Webcam HD,Florida,19
2025-06-02,Webcam HD,Florida,29
2025-06-03,Webcam HD,Florida,25
2025-06-04,Webcam HD,Florida,24
2025-06-05,Webcam HD,Florida,25
2025-06-06,Webcam HD,Florida,18
2025-06-07,Webcam HD,Florida,15
2025-06-08,Webcam HD,Florida,17
2025-06-09,Webcam HD,Florida,22
2025-06-10,Webcam HD,Florida,20
2025-06-11,Webcam HD,Florida,27
2025-06-12,Webcam HD,Florida,25
2025-06-13,Webcam HD,Florida,25
2025-06-14,Webcam HD,Florida,16
2025-06-15,Webcam HD,Florida,18
2025-06-16,Webcam HD,Florida,26
2025-06-17,Webcam HD,Florida,24
2025-06-18,Webcam HD,Florida,26
2025-06-19,Webcam HD,Florida,22
2025-06-20,Webcam HD,Florida,25
2025-06-21,Webcam HD,Florida,20
2025-06-22,Webcam HD,Florida,21
2025-06-23,Webcam HD,Florida,28
2025-06-24,Webcam HD,Florida,25
2025-06-25,Webcam HD,Florida,25
2025-06-26,Webcam HD,Florida,23
2025-06-27,Webcam HD,Florida,19
2025-06-28,Webcam HD,Florida,15
2025-06-29,Webcam HD,Florida,18
2025-06-30,Webcam HD,Florida,24
2025-07-01,Webcam HD,Florida,27
2025-07-02,Webcam HD,Florida,27
2025-07-03,Webcam HD,Florida,21
2025-07-04,Webcam HD,Florida,25
2025-07-05,Webcam HD,Florida,16
2025-07-06,Webcam HD,Florida,18
2025-07-07,Webcam HD,Florida,25
2025-07-08,Webcam HD,Florida,27
2025-07-09,Webcam HD,Florida,22
2025-07-10,Webcam HD,Florida,26
2025-07-11,Webcam HD,Florida,18
2025-07-12,Webcam HD,Florida,20
2025-07-13,Webcam HD,Florida,17
2025-07-14,Webcam HD,Florida,23
2025-07-15,Webcam HD,Florida,18
2025-07-16,Webcam HD,Florida,22
2025-07-17,Webcam HD,Florida,27
2025-07-18,Webcam HD,Florida,22
2025-07-19,Webcam HD,Florida,18
2025-07-20,Webcam HD,Florida,17
2025-07-21,Webcam HD,Florida,26
2025-07-22,Webcam HD,Florida,24
2025-07-23,Webcam HD,Florida,21
2025-07-24,Webcam HD,Florida,23
2025-07-25,Webcam HD,Florida,28
2025-07-26,Webcam HD,Florida,18
2025-07-27,Webcam HD,Florida,17
2025-07-28,Webcam HD,Florida,29
2025-07-29,Webcam HD,Florida,26
2025-07-30,Webcam HD,Florida,25
2025-07-31,Webcam HD,Florida,24
2025-08-01,Webcam HD,Florida,24
2025-08-02,Webcam HD,Florida,17
2025-08-03,Webcam HD,Florida,12
2025-08-04,Webcam HD,Florida,23
2025-08-05,Webcam HD,Florida,21
2025-08-06,Webcam HD,Florida,20
2025-08-07,Webcam HD,Florida,21
2025-08-08,Webcam HD,Florida,18
2025-08-09,Webcam HD,Florida,13
2025-08-10,Webcam HD,Florida,18
2025-08-11,Webcam HD,Florida,23
2025-08-12,Webcam HD,Florida,15
2025-08-13,Webcam HD,Florida,20
2025-08-14,Webcam HD,Florida,24
2025-08-15,Webcam HD,Florida,21
2025-08-16,Webcam HD,Florida,18
2025-08-17,Webcam HD,Florida,18
2025-08-18,Webcam HD,Florida,18
2025-08-19,Webcam HD,Florida,21
2025-08-20,Webcam HD,Florida,21
2025-08-21,Webcam HD,Florida,18
2025-08-22,Webcam HD,Florida,18
2025-08-23,Webcam HD,Florida,14
2025-08-24,Webcam HD,Florida,15
2025-08-25,Webcam HD,Florida,23
2025-08-26,Webcam HD,Florida,25
2025-08-27,Webcam HD,Florida,23
2025-08-28,Webcam HD,Florida,24
2025-08-29,Webcam HD,Florida,21
2025-08-30,Webcam HD,Florida,17
2025-08-31,Webcam HD,Florida,16
2025-09-01,Webcam HD,Florida,20
2025-09-02,Webcam HD,Florida,26
2025-09-03,Webcam HD,Florida,15
2025-09-04,Webcam HD,Florida,16
2025-09-05,Webcam HD,Florida,22
2025-09-06,Webcam HD,Florida,15
2025-09-07,Webcam HD,Florida,13
2025-09-08,Webcam HD,Florida,18
2025-09-09,Webcam HD,Florida,18
2025-09-10,Webcam HD,Florida,23
2025-09-11,Webcam HD,Florida,24
2025-09-12,Webcam HD,Florida,25
2025-09-13,Webcam HD,Florida,12
2025-09-14,Webcam HD,Florida,13
2025-09-15,Webcam HD,Florida,17
2025-09-16,Webcam HD,Florida,24
2025-09-17,Webcam HD,Florida,22
2025-09-18,Webcam HD,Florida,21
2025-09-19,Webcam HD,Florida,21
2025-09-20,Webcam HD,Florida,15
2025-09-21,Webcam HD,Florida,13
2025-09-22,Webcam HD,Florida,22
2025-09-23,Webcam HD,Florida,20
2025-09-24,Webcam HD,Florida,18
2025-09-25,Webcam HD,Florida,22
2025-09-26,Webcam HD,Florida,20
2025-09-27,Webcam HD,Florida,16
2025-09-28,Webcam HD,Florida,15
2025-09-29,Webcam HD,Florida,23
2025-09-30,Webcam HD,Florida,21
2025-10-01,Webcam HD,Florida,18
2025-10-02,Webcam HD,Florida,21
2025-10-03,Webcam HD,Florida,21
2025-10-04,Webcam HD,Florida,16
2025-10-05,Webcam HD,Florida,17
2025-10-06,Webcam HD,Florida,19
2025-10-07,Webcam HD,Florida,22
2025-10-08,Webcam HD,Florida,16
2025-10-09,Webcam HD,Florida,20
2025-10-10,Webcam HD,Florida,20
2025-10-11,Webcam HD,Florida,18
2025-10-12,Webcam HD,Florida,15
2025-10-13,Webcam HD,Florida,22
2025-10-14,Webcam HD,Florida,16
2025-10-15,Webcam HD,Florida,20
2025-10-16,Webcam HD,Florida,18
2025-10-17,Webcam HD,Florida,26
2025-10-18,Webcam HD,Florida,14
2025-10-19,Webcam HD,Florida,15
2025-10-20,Webcam HD,Florida,21
2025-10-21,Webcam HD,Florida,17
2025-10-22,Webcam HD,Florida,19
2025-10-23,Webcam HD,Florida,21
2025-10-24,Webcam HD,Florida,21
2025-10-25,Webcam HD,Florida,11
2025-10-26,Webcam HD,Florida,14
2025-10-27,Webcam HD,Florida,23
2025-10-28,Webcam HD,Florida,22
2025-10-29,Webcam HD,Florida,23
2025-10-30,Webcam HD,Florida,18
2025-10-31,Webcam HD,Florida,24
2025-11-01,Webcam HD,Florida,18
2025-11-02,Webcam HD,Florida,21
2025-11-03,Webcam HD,Florida,25
2025-11-04,Webcam HD,Florida,18
2025-11-05,Webcam HD,Florida,27
2025-11-06,Webcam HD,Florida,23
2025-11-07,Webcam HD,Florida,23
2025-11-08,Webcam HD,Florida,15
2025-11-09,Webcam HD,Florida,21
2025-11-10,Webcam HD,Florida,23
2025-11-11,Webcam HD,Florida,29
2025-11-12,Webcam HD,Florida,23
2025-11-13,Webcam HD,Florida,22
2025-11-14,Webcam HD,Florida,28
2025-11-15,Webcam HD,Florida,18
2025-11-16,Webcam HD,Florida,18
2025-11-17,Webcam HD,Florida,21
2025-11-18,Webcam HD,Florida,23
2025-11-19,Webcam HD,Florida,26
2025-11-20,Webcam HD,Florida,21
2025-11-21,Webcam HD,Florida,23
2025-11-22,Webcam HD,Florida,17
2025-11-23,Webcam HD,Florida,18
2025-11-24,Webcam HD,Florida,29
2025-11-25,Webcam HD,Florida,24
2025-11-26,Webcam HD,Florida,22
2025-11-27,Webcam HD,Florida,33
2025-11-28,Webcam HD,Florida,23
2025-11-29,Webcam HD,Florida,18
2025-11-30,Webcam HD,Florida,17
2025-12-01,Webcam HD,Florida,25
2025-12-02,Webcam HD,Florida,26
2025-12-03,Webcam HD,Florida,29
2025-12-04,Webcam HD,Florida,27
2025-12-05,Webcam HD,Florida,29
2025-12-06,Webcam HD,Florida,21
2025-12-07,Webcam HD,Florida,19
2025-12-08,Webcam HD,Florida,27
2025-12-09,Webcam HD,Florida,29
2025-12-10,Webcam HD,Florida,22
2025-12-11,Webcam HD,Florida,33
2025-12-12,Webcam HD,Florida,24
2025-12-13,Webcam HD,Florida,18
2025-12-14,Webcam HD,Florida,16
2025-12-15,Webcam HD,Florida,22
2025-12-16,Webcam HD,Florida,29
2025-12-17,Webcam HD,Florida,33
2025-12-18,Webcam HD,Florida,24
2025-12-19,Webcam HD,Florida,27
2025-12-20,Webcam HD,Florida,19
2025-12-21,Webcam HD,Florida,21
2025-12-22,Webcam HD,Florida,33
2025-12-23,Webcam HD,Florida,30
2025-12-24,Webcam HD,Florida,25
2025-12-25,Webcam HD,Florida,27
2025-12-26,Webcam HD,Florida,28
2025-12-27,Webcam HD,Florida,19
2025-12-28,Webcam HD,Florida,16
2025-12-29,Webcam HD,Florida,23
2025-12-30,Webcam HD,Florida,29
2025-12-31,Webcam HD,Florida,30
2026-01-01,Webcam HD,Florida,23
2026-01-02,Webcam HD,Florida,24
2026-01-03,Webcam HD,Florida,19
2026-01-04,Webcam HD,Florida,14
2026-01-05,Webcam HD,Florida,22
2026-01-06,Webcam HD,Florida,29
2026-01-07,Webcam HD,Florida,24
2026-01-08,Webcam HD,Florida,20
2026-01-09,Webcam HD,Florida,24
2026-01-10,Webcam HD,Florida,19
2026-01-11,Webcam HD,Florida,12
2026-01-12,Webcam HD,Florida,24
2026-01-13,Webcam HD,Florida,22
2026-01-14,Webcam HD,Florida,19
2026-01-15,Webcam HD,Florida,23
2026-01-16,Webcam HD,Florida,23
2026-01-17,Webcam HD,Florida,17
2026-01-18,Webcam HD,Florida,16
2026-01-19,Webcam HD,Florida,20
2026-01-20,Webcam HD,Florida,19
2026-01-21,Webcam HD,Florida,21
2026-01-22,Webcam HD,Florida,26
2026-01-23,Webcam HD,Florida,24
2026-01-24,Webcam HD,Florida,17
2026-01-25,Webcam HD,Florida,15
2026-01-26,Webcam HD,Florida,22
2026-01-27,Webcam HD,Florida,25
2026-01-28,Webcam HD,Florida,25
2026-01-29,Webcam HD,Florida,22
2026-01-30,Webcam HD,Florida,16
2026-01-31,Webcam HD,Florida,16
2026-02-01,Webcam HD,Florida,17
2026-02-02,Webcam HD,Florida,22
2026-02-03,Webcam HD,Florida,23
2026-02-04,Webcam HD,Florida,27
2026-02-05,Webcam HD,Florida,24
2026-02-06,Webcam HD,Florida,27
2026-02-07,Webcam HD,Florida,15
2026-02-08,Webcam HD,Florida,17
2026-02-09,Webcam HD,Florida,19
2026-02-10,Webcam HD,Florida,23
2026-02-11,Webcam HD,Florida,21
2026-02-12,Webcam HD,Florida,28
2026-02-13,Webcam HD,Florida,26
2026-02-14,Webcam HD,Florida,20
2026-02-15,Webcam HD,Florida,17
2026-02-16,Webcam HD,Florida,22
2026-02-17,Webcam HD,Florida,21
2026-02-18,Webcam HD,Florida,25
2026-02-19,Webcam HD,Florida,30
2026-02-20,Webcam HD,Florida,26
2026-02-21,Webcam HD,Florida,17
2026-02-22,Webcam HD,Florida,18
2026-02-23,Webcam HD,Florida,24
2026-02-24,Webcam HD,Florida,31
2026-02-25,Webcam HD,Florida,28
2026-02-26,Webcam HD,Florida,25
2026-02-27,Webcam HD,Florida,25
2026-02-28,Webcam HD,Florida,19
2026-03-01,Webcam HD,Florida,20
2026-03-02,Webcam HD,Florida,24
2026-03-03,Webcam HD,Florida,23
2026-03-04,Webcam HD,Florida,29
2026-03-05,Webcam HD,Florida,26
2026-03-06,Webcam HD,Florida,29
2026-03-07,Webcam HD,Florida,22
2026-03-08,Webcam HD,Florida,20
2026-03-09,Webcam HD,Florida,27
2026-03-10,Webcam HD,Florida,35
2026-03-11,Webcam HD,Florida,26
2026-03-12,Webcam HD,Florida,22
2026-03-13,Webcam HD,Florida,25
2026-03-14,Webcam HD,Florida,22
2026-03-15,Webcam HD,Florida,16
2026-03-16,Webcam HD,Florida,23
2026-03-17,Webcam HD,Florida,29
2026-03-18,Webcam HD,Florida,25
2026-03-19,Webcam HD,Florida,25
2026-03-20,Webcam HD,Florida,29
2026-03-21,Webcam HD,Florida,17
2026-03-22,Webcam HD,Florida,15
2026-03-23,Webcam HD,Florida,21
2026-03-24,Webcam HD,Florida,27
2026-03-25,Webcam HD,Florida,26
2026-03-26,Webcam HD,Florida,23
2026-03-27,Webcam HD,Florida,22
2026-03-28,Webcam HD,Florida,18
2026-03-29,Webcam HD,Florida,21
2026-03-30,Webcam HD,Florida,23
2026-03-31,Webcam HD,Florida,24
2026-04-01,Webcam HD,Florida,22
2026-04-02,Webcam HD,Florida,25
2026-04-03,Webcam HD,Florida,27
2026-04-04,Webcam HD,Florida,24
2026-04-05,Webcam HD,Florida,20
2026-04-06,Webcam HD,Florida,26
2026-04-07,Webcam HD,Florida,29
2026-04-08,Webcam HD,Florida,28
2026-04-09,Webcam HD,Florida,24
2026-04-10,Webcam HD,Florida,33
2026-04-11,Webcam HD,Florida,19
2026-04-12,Webcam HD,Florida,20
2026-04-13,Webcam HD,Florida,28
2026-04-14,Webcam HD,Florida,27
2026-04-15,Webcam HD,Florida,31
2026-04-16,Webcam HD,Florida,24
2026-04-17,Webcam HD,Florida,28
2026-04-18,Webcam HD,Florida,19
2026-04-19,Webcam HD,Florida,21
2026-04-20,Webcam HD,Florida,25
2026-04-21,Webcam HD,Florida,25
2026-04-22,Webcam HD,Florida,28
2026-04-23,Webcam HD,Florida,27
2026-04-24,Webcam HD,Florida,23
2026-04-25,Webcam HD,Florida,22
2026-04-26,Webcam HD,Florida,21
2026-04-27,Webcam HD,Florida,26
2026-04-28,Webcam HD,Florida,25
2026-04-29,Webcam HD,Florida,27
2026-04-30,Webcam HD,Florida,28
2026-05-01,Webcam HD,Florida,21
2026-05-02,Webcam HD,Florida,20
2026-05-03,Webcam HD,Florida,20
2026-05-04,Webcam HD,Florida,18
2026-05-05,Webcam HD,Florida,26
2026-05-06,Webcam HD,Florida,28
2026-05-07,Webcam HD,Florida,27
2026-05-08,Webcam HD,Florida,28
2026-05-09,Webcam HD,Florida,18
2026-05-10,Webcam HD,Florida,16
2026-05-11,Webcam HD,Florida,20
2026-05-12,Webcam HD,Florida,29
2026-05-13,Webcam HD,Florida,28
2026-05-14,Webcam HD,Florida,29
2026-05-15,Webcam HD,Florida,23
2026-05-16,Webcam HD,Florida,21
2026-05-17,Webcam HD,Florida,15
2026-05-18,Webcam HD,Florida,23
2026-05-19,Webcam HD,Florida,26
2026-05-20,Webcam HD,Florida,28
2026-05-21,Webcam HD,Florida,31
2026-05-22,Webcam HD,Florida,25
2026-05-23,Webcam HD,Florida,17
2026-05-24,Webcam HD,Florida,17
2026-05-25,Webcam HD,Florida,23
2026-05-26,Webcam HD,Florida,32
2026-05-27,Webcam HD,Florida,28
2026-05-28,Webcam HD,Florida,29
2026-05-29,Webcam HD,Florida,25
2026-05-30,Webcam HD,Florida,19
2026-05-31,Webcam HD,Florida,20
2026-06-01,Webcam HD,Florida,23
2026-06-02,Webcam HD,Florida,24
2026-06-03,Webcam HD,Florida,23
2026-06-04,Webcam HD,Florida,23
2026-06-05,Webcam HD,Florida,25
2026-06-06,Webcam HD,Florida,16
2026-06-07,Webcam HD,Florida,19
2026-06-08,Webcam HD,Florida,25
2026-06-09,Webcam HD,Florida,24
2026-06-10,Webcam HD,Florida,22
2026-06-11,Webcam HD,Florida,25
2026-06-12,Webcam HD,Florida,23
2026-06-13,Webcam HD,Florida,18
2026-06-14,Webcam HD,Florida,20
2026-06-15,Webcam HD,Florida,21
2026-06-16,Webcam HD,Florida,31
2026-06-17,Webcam HD,Florida,24
2026-06-18,Webcam HD,Florida,26
2026-06-19,Webcam HD,Florida,22
2026-06-20,Webcam HD,Florida,20
2026-06-21,Webcam HD,Florida,18
2026-06-22,Webcam HD,Florida,23
2026-06-23,Webcam HD,Florida,23
2026-06-24,Webcam HD,Florida,24
2026-06-25,Webcam HD,Florida,26
2026-06-26,Webcam HD,Florida,25
2026-06-27,Webcam HD,Florida,18
2026-06-28,Webcam HD,Florida,16
2026-06-29,Webcam HD,Florida,22
2026-06-30,Webcam HD,Florida,23
2026-07-01,Webcam HD,Florida,24
2026-07-02,Webcam HD,Florida,25
2026-07-03,Webcam HD,Florida,25
2026-07-04,Webcam HD,Florida,17
2026-07-05,Webcam HD,Florida,18
2026-07-06,Webcam HD,Florida,23
2026-07-07,Webcam HD,Florida,18
2026-07-08,Webcam HD,Florida,23
2026-07-09,Webcam HD,Florida,22
2026-07-10,Webcam HD,Florida,20
2026-07-11,Webcam HD,Florida,16
2026-07-12,Webcam HD,Florida,17
2026-07-13,Webcam HD,Florida,20
2026-07-14,Webcam HD,Florida,21
2026-07-15,Webcam HD,Florida,27
2026-07-16,Webcam HD,Florida,19
2026-07-17,Webcam HD,Florida,23
2026-07-18,Webcam HD,Florida,15
2026-07-19,Webcam HD,Florida,15
2026-07-20,Webcam HD,Florida,23
2026-07-21,Webcam HD,Florida,20
2026-07-22,Webcam HD,Florida,25
2026-07-23,Webcam HD,Florida,27
2026-07-24,Webcam HD,Florida,26
2026-07-25,Webcam HD,Florida,19
2026-07-26,Webcam HD,Florida,14
2026-07-27,Webcam HD,Florida,23
2026-07-28,Webcam HD,Florida,24
2026-07-29,Webcam HD,Florida,26
2026-07-30,Webcam HD,Florida,28
2026-07-31,Webcam HD,Florida,26
2026-08-01,Webcam HD,Florida,18
2026-08-02,Webcam HD,Florida,21
2026-08-03,Webcam HD,Florida,22
2026-08-04,Webcam HD,Florida,21
2026-08-05,Webcam HD,Florida,22
2026-08-06,Webcam HD,Florida,19
2026-08-07,Webcam HD,Florida,22
2026-08-08,Webcam HD,Florida,13
2026-08-09,Webcam HD,Florida,15
2026-08-10,Webcam HD,Florida,21
2026-08-11,Webcam HD,Florida,24
2026-08-12,Webcam HD,Florida,25
2026-08-13,Webcam HD,Florida,19
2026-08-14,Webcam HD,Florida,27
2026-08-15,Webcam HD,Florida,16
2026-08-16,Webcam HD,Florida,16
2026-08-17,Webcam HD,Florida,18
2026-08-18,Webcam HD,Florida,20
2026-08-19,Webcam HD,Florida,25
2026-08-20,Webcam HD,Florida,22
2026-08-21,Webcam HD,Florida,22
2026-08-22,Webcam HD,Florida,16
2026-08-23,Webcam HD,Florida,13
2026-08-24,Webcam HD,Florida,22
2026-08-25,Webcam HD,Florida,25
2026-08-26,Webcam HD,Florida,25
2026-08-27,Webcam HD,Florida,21
2026-08-28,Webcam HD,Florida,26
2026-08-29,Webcam HD,Florida,14
2026-08-30,Webcam HD,Florida,14
2026-08-31,Webcam HD,Florida,27
2026-09-01,Webcam HD,Florida,22
2026-09-02,Webcam HD,Florida,20
2026-09-03,Webcam HD,Florida,21
2026-09-04,Webcam HD,Florida,19
2026-09-05,Webcam HD,Florida,16
2026-09-06,Webcam HD,Florida,16
2026-09-07,Webcam HD,Florida,21
2026-09-08,Webcam HD,Florida,18
2026-09-09,Webcam HD,Florida,21
2026-09-10,Webcam HD,Florida,19
2026-09-11,Webcam HD,Florida,18
2026-09-12,Webcam HD,Florida,18
2026-09-13,Webcam HD,Florida,19
2026-09-14,Webcam HD,Florida,26
2026-09-15,Webcam HD,Florida,22
2026-09-16,Webcam HD,Florida,20
2026-09-17,Webcam HD,Florida,21
2026-09-18,Webcam HD,Florida,22
2026-09-19,Webcam HD,Florida,14
2026-09-20,Webcam HD,Florida,18
2026-09-21,Webcam HD,Florida,16
2026-09-22,Webcam HD,Florida,20
2026-09-23,Webcam HD,Florida,23
2026-09-24,Webcam HD,Florida,19
2026-09-25,Webcam HD,Florida,20
2026-09-26,Webcam HD,Florida,16
2026-09-27,Webcam HD,Florida,18
2026-09-28,Webcam HD,Florida,18
2025-01-01,Webcam HD,Georgia,15
2025-01-02,Webcam HD,Georgia,16
2025-01-03,Webcam HD,Georgia,15
2025-01-04,Webcam HD,Georgia,11
2025-01-05,Webcam HD,Georgia,12
2025-01-06,Webcam HD,Georgia,21
2025-01-07,Webcam HD,Georgia,17
2025-01-08,Webcam HD,Georgia,18
2025-01-09,Webcam HD,Georgia,16
2025-01-10,Webcam HD,Georgia,20
2025-01-11,Webcam HD,Georgia,16
2025-01-12,Webcam HD,Georgia,12
2025-01-13,Webcam HD,Georgia,22
2025-01-14,Webcam HD,Georgia,19
2025-01-15,Webcam HD,Georgia,18
2025-01-16,Webcam HD,Georgia,19
2025-01-17,Webcam HD,Georgia,19
2025-01-18,Webcam HD,Georgia,16
2025-01-19,Webcam HD,Georgia,14
2025-01-20,Webcam HD,Georgia,19
2025-01-21,Webcam HD,Georgia,17
2025-01-22,Webcam HD,Georgia,20
2025-01-23,Webcam HD,Georgia,16
2025-01-24,Webcam HD,Georgia,18
2025-01-25,Webcam HD,Georgia,18
2025-01-26,Webcam HD,Georgia,9
2025-01-27,Webcam HD,Georgia,19
2025-01-28,Webcam HD,Georgia,19
2025-01-29,Webcam HD,Georgia,18
2025-01-30,Webcam HD,Georgia,18
2025-01-31,Webcam HD,Georgia,18
2025-02-01,Webcam HD,Georgia,14
2025-02-02,Webcam HD,Georgia,14
2025-02-03,Webcam HD,Georgia,18
2025-02-04,Webcam HD,Georgia,24
2025-02-05,Webcam HD,Georgia,19
2025-02-06,Webcam HD,Georgia,21
2025-02-07,Webcam HD,Georgia,18
2025-02-08,Webcam HD,Georgia,16
2025-02-09,Webcam HD,Georgia,15
2025-02-10,Webcam HD,Georgia,20
2025-02-11,Webcam HD,Georgia,17
2025-02-12,Webcam HD,Georgia,17
2025-02-13,Webcam HD,Georgia,23
2025-02-14,Webcam HD,Georgia,17
2025-02-15,Webcam HD,Georgia,15
2025-02-16,Webcam HD,Georgia,12
2025-02-17,Webcam HD,Georgia,22
2025-02-18,Webcam HD,Georgia,18
2025-02-19,Webcam HD,Georgia,17
2025-02-20,Webcam HD,Georgia,18
2025-02-21,Webcam HD,Georgia,18
2025-02-22,Webcam HD,Georgia,15
2025-02-23,Webcam HD,Georgia,14
2025-02-24,Webcam HD,Georgia,17
2025-02-25,Webcam HD,Georgia,19
2025-02-26,Webcam HD,Georgia,17
2025-02-27,Webcam HD,Georgia,21
2025-02-28,Webcam HD,Georgia,21
2025-03-01,Webcam HD,Georgia,15
2025-03-02,Webcam HD,Georgia,15
2025-03-03,Webcam HD,Georgia,24
2025-03-04,Webcam HD,Georgia,20
2025-03-05,Webcam HD,Georgia,18
2025-03-06,Webcam HD,Georgia,21
2025-03-07,Webcam HD,Georgia,17
2025-03-08,Webcam HD,Georgia,14
2025-03-09,Webcam HD,Georgia,14
2025-03-10,Webcam HD,Georgia,18
2025-03-11,Webcam HD,Georgia,19
2025-03-12,Webcam HD,Georgia,22
2025-03-13,Webcam HD,Georgia,23
2025-03-14,Webcam HD,Georgia,22
2025-03-15,Webcam HD,Georgia,15
2025-03-16,Webcam HD,Georgia,14
2025-03-17,Webcam HD,Georgia,14
2025-03-18,Webcam HD,Georgia,21
2025-03-19,Webcam HD,Georgia,15
2025-03-20,Webcam HD,Georgia,15
2025-03-21,Webcam HD,Georgia,20
2025-03-22,Webcam HD,Georgia,15
2025-03-23,Webcam HD,Georgia,14
2025-03-24,Webcam HD,Georgia,24
2025-03-25,Webcam HD,Georgia,21
2025-03-26,Webcam HD,Georgia,19
2025-03-27,Webcam HD,Georgia,23
2025-03-28,Webcam HD,Georgia,24
2025-03-29,Webcam HD,Georgia,16
2025-03-30,Webcam HD,Georgia,13
2025-03-31,Webcam HD,Georgia,19
2025-04-01,Webcam HD,Georgia,17
2025-04-02,Webcam HD,Georgia,20
2025-04-03,Webcam HD,Georgia,18
2025-04-04,Webcam HD,Georgia,20
2025-04-05,Webcam HD,Georgia,15
2025-04-06,Webcam HD,Georgia,11
2025-04-07,Webcam HD,Georgia,17
2025-04-08,Webcam HD,Georgia,19
2025-04-09,Webcam HD,Georgia,20
2025-04-10,Webcam HD,Georgia,19
2025-04-11,Webcam HD,Georgia,20
2025-04-12,Webcam HD,Georgia,14
2025-04-13,Webcam HD,Georgia,12
2025-04-14,Webcam HD,Georgia,19
2025-04-15,Webcam HD,Georgia,20
2025-04-16,Webcam HD,Georgia,20
2025-04-17,Webcam HD,Georgia,21
2025-04-18,Webcam HD,Georgia,21
2025-04-19,Webcam HD,Georgia,16
2025-04-20,Webcam HD,Georgia,14
2025-04-21,Webcam HD,Georgia,16
2025-04-22,Webcam HD,Georgia,23
2025-04-23,Webcam HD,Georgia,21
2025-04-24,Webcam HD,Georgia,18
2025-04-25,Webcam HD,Georgia,21
2025-04-26,Webcam HD,Georgia,17
2025-04-27,Webcam HD,Georgia,18
2025-04-28,Webcam HD,Georgia,21
2025-04-29,Webcam HD,Georgia,23
2025-04-30,Webcam HD,Georgia,17
2025-05-01,Webcam HD,Georgia,20
2025-05-02,Webcam HD,Georgia,19
2025-05-03,Webcam HD,Georgia,15
2025-05-04,Webcam HD,Georgia,17
2025-05-05,Webcam HD,Georgia,21
2025-05-06,Webcam HD,Georgia,18
2025-05-07,Webcam HD,Georgia,17
2025-05-08,Webcam HD,Georgia,24
2025-05-09,Webcam HD,Georgia,21
2025-05-10,Webcam HD,Georgia,15
2025-05-11,Webcam HD,Georgia,14
2025-05-12,Webcam HD,Georgia,21
2025-05-13,Webcam HD,Georgia,18
2025-05-14,Webcam HD,Georgia,21
2025-05-15,Webcam HD,Georgia,17
2025-05-16,Webcam HD,Georgia,19
2025-05-17,Webcam HD,Georgia,14
2025-05-18,Webcam HD,Georgia,9
2025-05-19,Webcam HD,Georgia,19
2025-05-20,Webcam HD,Georgia,18
2025-05-21,Webcam HD,Georgia,20
2025-05-22,Webcam HD,Georgia,20
2025-05-23,Webcam HD,Georgia,24
2025-05-24,Webcam HD,Georgia,15
2025-05-25,Webcam HD,Georgia,15
2025-05-26,Webcam HD,Georgia,21
2025-05-27,Webcam HD,Georgia,22
2025-05-28,Webcam HD,Georgia,21
2025-05-29,Webcam HD,Georgia,21
2025-05-30,Webcam HD,Georgia,22
2025-05-31,Webcam HD,Georgia,10
2025-06-01,Webcam HD,Georgia,18
2025-06-02,Webcam HD,Georgia,23
2025-06-03,Webcam HD,Georgia,20
2025-06-04,Webcam HD,Georgia,16
2025-06-05,Webcam HD,Georgia,22
2025-06-06,Webcam HD,Georgia,18
2025-06-07,Webcam HD,Georgia,15
2025-06-08,Webcam HD,Georgia,12
2025-06-09,Webcam HD,Georgia,24
2025-06-10,Webcam HD,Georgia,16
2025-06-11,Webcam HD,Georgia,19
2025-06-12,Webcam HD,Georgia,14
2025-06-13,Webcam HD,Georgia,19
2025-06-14,Webcam HD,Georgia,13
2025-06-15,Webcam HD,Georgia,16
2025-06-16,Webcam HD,Georgia,18
2025-06-17,Webcam HD,Georgia,22
2025-06-18,Webcam HD,Georgia,17
2025-06-19,Webcam HD,Georgia,19
2025-06-20,Webcam HD,Georgia,19
2025-06-21,Webcam HD,Georgia,15
2025-06-22,Webcam HD,Georgia,15
2025-06-23,Webcam HD,Georgia,21
2025-06-24,Webcam HD,Georgia,20
2025-06-25,Webcam HD,Georgia,21
2025-06-26,Webcam HD,Georgia,17
2025-06-27,Webcam HD,Georgia,20
2025-06-28,Webcam HD,Georgia,17
2025-06-29,Webcam HD,Georgia,11
2025-06-30,Webcam HD,Georgia,20
2025-07-01,Webcam HD,Georgia,20
2025-07-02,Webcam HD,Georgia,21
2025-07-03,Webcam HD,Georgia,20
2025-07-04,Webcam HD,Georgia,18
2025-07-05,Webcam HD,Georgia,14
2025-07-06,Webcam HD,Georgia,12
2025-07-07,Webcam HD,Georgia,17
2025-07-08,Webcam HD,Georgia,15
2025-07-09,Webcam HD,Georgia,21
2025-07-10,Webcam HD,Georgia,19
2025-07-11,Webcam HD,Georgia,16
2025-07-12,Webcam HD,Georgia,14
2025-07-13,Webcam HD,Georgia,15
2025-07-14,Webcam HD,Georgia,20
2025-07-15,Webcam HD,Georgia,16
2025-07-16,Webcam HD,Georgia,11
2025-07-17,Webcam HD,Georgia,19
2025-07-18,Webcam HD,Georgia,16
2025-07-19,Webcam HD,Georgia,14
2025-07-20,Webcam HD,Georgia,15
2025-07-21,Webcam HD,Georgia,21
2025-07-22,Webcam HD,Georgia,22
2025-07-23,Webcam HD,Georgia,21
2025-07-24,Webcam HD,Georgia,22
2025-07-25,Webcam HD,Georgia,21
2025-07-26,Webcam HD,Georgia,16
2025-07-27,Webcam HD,Georgia,13
2025-07-28,Webcam HD,Georgia,15
2025-07-29,Webcam HD,Georgia,24
2025-07-30,Webcam HD,Georgia,18
2025-07-31,Webcam HD,Georgia,21
2025-08-01,Webcam HD,Georgia,16
2025-08-02,Webcam HD,Georgia,14
2025-08-03,Webcam HD,Georgia,9
2025-08-04,Webcam HD,Georgia,16
2025-08-05,Webcam HD,Georgia,17
2025-08-06,Webcam HD,Georgia,18
2025-08-07,Webcam HD,Georgia,19
2025-08-08,Webcam HD,Georgia,15
2025-08-09,Webcam HD,Georgia,13
2025-08-10,Webcam HD,Georgia,14
2025-08-11,Webcam HD,Georgia,22
2025-08-12,Webcam HD,Georgia,19
2025-08-13,Webcam HD,Georgia,16
2025-08-14,Webcam HD,Georgia,14
2025-08-15,Webcam HD,Georgia,21
2025-08-16,Webcam HD,Georgia,14
2025-08-17,Webcam HD,Georgia,12
2025-08-18,Webcam HD,Georgia,14
2025-08-19,Webcam HD,Georgia,15
2025-08-20,Webcam HD,Georgia,18
2025-08-21,Webcam HD,Georgia,18
2025-08-22,Webcam HD,Georgia,13
2025-08-23,Webcam HD,Georgia,13
2025-08-24,Webcam HD,Georgia,10
2025-08-25,Webcam HD,Georgia,20
2025-08-26,Webcam HD,Georgia,17
2025-08-27,Webcam HD,Georgia,16
2025-08-28,Webcam HD,Georgia,19
2025-08-29,Webcam HD,Georgia,18
2025-08-30,Webcam HD,Georgia,14
2025-08-31,Webcam HD,Georgia,13
2025-09-01,Webcam HD,Georgia,17
2025-09-02,Webcam HD,Georgia,16
2025-09-03,Webcam HD,Georgia,17
2025-09-04,Webcam HD,Georgia,20
2025-09-05,Webcam HD,Georgia,15
2025-09-06,Webcam HD,Georgia,13
2025-09-07,Webcam HD,Georgia,11
2025-09-08,Webcam HD,Georgia,12
2025-09-09,Webcam HD,Georgia,17
2025-09-10,Webcam HD,Georgia,17
2025-09-11,Webcam HD,Georgia,16
2025-09-12,Webcam HD,Georgia,13
2025-09-13,Webcam HD,Georgia,12
2025-09-14,Webcam HD,Georgia,12
2025-09-15,Webcam HD,Georgia,15
2025-09-16,Webcam HD,Georgia,14
2025-09-17,Webcam HD,Georgia,16
2025-09-18,Webcam HD,Georgia,18
2025-09-19,Webcam HD,Georgia,17
2025-09-20,Webcam HD,Georgia,11
2025-09-21,Webcam HD,Georgia,12
2025-09-22,Webcam HD,Georgia,18
2025-09-23,Webcam HD,Georgia,14
2025-09-24,Webcam HD,Georgia,16
2025-09-25,Webcam HD,Georgia,19
2025-09-26,Webcam HD,Georgia,14
2025-09-27,Webcam HD,Georgia,14
2025-09-28,Webcam HD,Georgia,14
2025-09-29,Webcam HD,Georgia,16
2025-09-30,Webcam HD,Georgia,16
2025-10-01,Webcam HD,Georgia,18
2025-10-02,Webcam HD,Georgia,16
2025-10-03,Webcam HD,Georgia,11
2025-10-04,Webcam HD,Georgia,12
2025-10-05,Webcam HD,Georgia,12
2025-10-06,Webcam HD,Georgia,17
2025-10-07,Webcam HD,Georgia,14
2025-10-08,Webcam HD,Georgia,15
2025-10-09,Webcam HD,Georgia,18
2025-10-10,Webcam HD,Georgia,16
2025-10-11,Webcam HD,Georgia,10
2025-10-12,Webcam HD,Georgia,13
2025-10-13,Webcam HD,Georgia,16
2025-10-14,Webcam HD,Georgia,18
2025-10-15,Webcam HD,Georgia,13
2025-10-16,Webcam HD,Georgia,16
2025-10-17,Webcam HD,Georgia,17
2025-10-18,Webcam HD,Georgia,12
2025-10-19,Webcam HD,Georgia,10
2025-10-20,Webcam HD,Georgia,11
2025-10-21,Webcam HD,Georgia,19
2025-10-22,Webcam HD,Georgia,16
2025-10-23,Webcam HD,Georgia,18
2025-10-24,Webcam HD,Georgia,18
2025-10-25,Webcam HD,Georgia,13
2025-10-26,Webcam HD,Georgia,11
2025-10-27,Webcam HD,Georgia,17
2025-10-28,Webcam HD,Georgia,19
2025-10-29,Webcam HD,Georgia,16
2025-10-30,Webcam HD,Georgia,20
2025-10-31,Webcam HD,Georgia,13
2025-11-01,Webcam HD,Georgia,11
2025-11-02,Webcam HD,Georgia,16
2025-11-03,Webcam HD,Georgia,17
2025-11-04,Webcam HD,Georgia,24
2025-11-05,Webcam HD,Georgia,22
2025-11-06,Webcam HD,Georgia,23
2025-11-07,Webcam HD,Georgia,21
2025-11-08,Webcam HD,Georgia,12
2025-11-09,Webcam HD,Georgia,11
2025-11-10,Webcam HD,Georgia,23
2025-11-11,Webcam HD,Georgia,16
2025-11-12,Webcam HD,Georgia,23
2025-11-13,Webcam HD,Georgia,21
2025-11-14,Webcam HD,Georgia,19
2025-11-15,Webcam HD,Georgia,15
2025-11-16,Webcam HD,Georgia,15
2025-11-17,Webcam HD,Georgia,19
2025-11-18,Webcam HD,Georgia,22
2025-11-19,Webcam HD,Georgia,22
2025-11-20,Webcam HD,Georgia,20
2025-11-21,Webcam HD,Georgia,18
2025-11-22,Webcam HD,Georgia,16
2025-11-23,Webcam HD,Georgia,11
2025-11-24,Webcam HD,Georgia,20
2025-11-25,Webcam HD,Georgia,21
2025-11-26,Webcam HD,Georgia,17
2025-11-27,Webcam HD,Georgia,21
2025-11-28,Webcam HD,Georgia,19
2025-11-29,Webcam HD,Georgia,13
2025-11-30,Webcam HD,Georgia,16
2025-12-01,Webcam HD,Georgia,18
2025-12-02,Webcam HD,Georgia,22
2025-12-03,Webcam HD,Georgia,15
2025-12-04,Webcam HD,Georgia,21
2025-12-05,Webcam HD,Georgia,20
2025-12-06,Webcam HD,Georgia,14
2025-12-07,Webcam HD,Georgia,15
2025-12-08,Webcam HD,Georgia,20
2025-12-09,Webcam HD,Georgia,23
2025-12-10,Webcam HD,Georgia,21
2025-12-11,Webcam HD,Georgia,21
2025-12-12,Webcam HD,Georgia,21
2025-12-13,Webcam HD,Georgia,14
2025-12-14,Webcam HD,Georgia,14
2025-12-15,Webcam HD,Georgia,21
2025-12-16,Webcam HD,Georgia,20
2025-12-17,Webcam HD,Georgia,23
2025-12-18,Webcam HD,Georgia,20
2025-12-19,Webcam HD,Georgia,21
2025-12-20,Webcam HD,Georgia,12
2025-12-21,Webcam HD,Georgia,16
2025-12-22,Webcam HD,Georgia,19
2025-12-23,Webcam HD,Georgia,18
2025-12-24,Webcam HD,Georgia,24
2025-12-25,Webcam HD,Georgia,22
2025-12-26,Webcam HD,Georgia,22
2025-12-27,Webcam HD,Georgia,16
2025-12-28,Webcam HD,Georgia,15
2025-12-29,Webcam HD,Georgia,19
2025-12-30,Webcam HD,Georgia,22
2025-12-31,Webcam HD,Georgia,23
2026-01-01,Webcam HD,Georgia,18
2026-01-02,Webcam HD,Georgia,23
2026-01-03,Webcam HD,Georgia,13
2026-01-04,Webcam HD,Georgia,11
2026-01-05,Webcam HD,Georgia,14
2026-01-06,Webcam HD,Georgia,14
2026-01-07,Webcam HD,Georgia,17
2026-01-08,Webcam HD,Georgia,18
2026-01-09,Webcam HD,Georgia,20
2026-01-10,Webcam HD,Georgia,13
2026-01-11,Webcam HD,Georgia,15
2026-01-12,Webcam HD,Georgia,18
2026-01-13,Webcam HD,Georgia,18
2026-01-14,Webcam HD,Georgia,17
2026-01-15,Webcam HD,Georgia,21
2026-01-16,Webcam HD,Georgia,15
2026-01-17,Webcam HD,Georgia,14
2026-01-18,Webcam HD,Georgia,13
2026-01-19,Webcam HD,Georgia,20
2026-01-20,Webcam HD,Georgia,18
2026-01-21,Webcam HD,Georgia,18
2026-01-22,Webcam HD,Georgia,18
2026-01-23,Webcam HD,Georgia,21
2026-01-24,Webcam HD,Georgia,13
2026-01-25,Webcam HD,Georgia,16
2026-01-26,Webcam HD,Georgia,19
2026-01-27,Webcam HD,Georgia,18
2026-01-28,Webcam HD,Georgia,18
2026-01-29,Webcam HD,Georgia,19
2026-01-30,Webcam HD,Georgia,17
2026-01-31,Webcam HD,Georgia,14
2026-02-01,Webcam HD,Georgia,14
2026-02-02,Webcam HD,Georgia,20
2026-02-03,Webcam HD,Georgia,20
2026-02-04,Webcam HD,Georgia,20
2026-02-05,Webcam HD,Georgia,19
2026-02-06,Webcam HD,Georgia,23
2026-02-07,Webcam HD,Georgia,15
2026-02-08,Webcam HD,Georgia,18
2026-02-09,Webcam HD,Georgia,19
2026-02-10,Webcam HD,Georgia,21
2026-02-11,Webcam HD,Georgia,18
2026-02-12,Webcam HD,Georgia,22
2026-02-13,Webcam HD,Georgia,18
2026-02-14,Webcam HD,Georgia,15
2026-02-15,Webcam HD,Georgia,14
2026-02-16,Webcam HD,Georgia,20
2026-02-17,Webcam HD,Georgia,19
2026-02-18,Webcam HD,Georgia,17
2026-02-19,Webcam HD,Georgia,19
2026-02-20,Webcam HD,Georgia,23
2026-02-21,Webcam HD,Georgia,15
2026-02-22,Webcam HD,Georgia,12
2026-02-23,Webcam HD,Georgia,22
2026-02-24,Webcam HD,Georgia,17
2026-02-25,Webcam HD,Georgia,21
2026-02-26,Webcam HD,Georgia,21
2026-02-27,Webcam HD,Georgia,21
2026-02-28,Webcam HD,Georgia,17
2026-03-01,Webcam HD,Georgia,13
2026-03-02,Webcam HD,Georgia,21
2026-03-03,Webcam HD,Georgia,23
2026-03-04,Webcam HD,Georgia,18
2026-03-05,Webcam HD,Georgia,18
2026-03-06,Webcam HD,Georgia,19
2026-03-07,Webcam HD,Georgia,15
2026-03-08,Webcam HD,Georgia,12
2026-03-09,Webcam HD,Georgia,21
2026-03-10,Webcam HD,Georgia,17
2026-03-11,Webcam HD,Georgia,23
2026-03-12,Webcam HD,Georgia,21
2026-03-13,Webcam HD,Georgia,25
2026-03-14,Webcam HD,Georgia,16
2026-03-15,Webcam HD,Georgia,14
2026-03-16,Webcam HD,Georgia,18
2026-03-17,Webcam HD,Georgia,21
2026-03-18,Webcam HD,Georgia,20
2026-03-19,Webcam HD,Georgia,23
2026-03-20,Webcam HD,Georgia,18
2026-03-21,Webcam HD,Georgia,18
2026-03-22,Webcam HD,Georgia,17
2026-03-23,Webcam HD,Georgia,20
2026-03-24,Webcam HD,Georgia,24
2026-03-25,Webcam HD,Georgia,18
2026-03-26,Webcam HD,Georgia,21
2026-03-27,Webcam HD,Georgia,17
2026-03-28,Webcam HD,Georgia,18
2026-03-29,Webcam HD,Georgia,12
2026-03-30,Webcam HD,Georgia,17
2026-03-31,Webcam HD,Georgia,19
2026-04-01,Webcam HD,Georgia,24
2026-04-02,Webcam HD,Georgia,23
2026-04-03,Webcam HD,Georgia,21
2026-04-04,Webcam HD,Georgia,17
2026-04-05,Webcam HD,Georgia,15
2026-04-06,Webcam HD,Georgia,21
2026-04-07,Webcam HD,Georgia,24
2026-04-08,Webcam HD,Georgia,20
2026-04-09,Webcam HD,Georgia,18
2026-04-10,Webcam HD,Georgia,21
2026-04-11,Webcam HD,Georgia,16
2026-04-12,Webcam HD,Georgia,15
2026-04-13,Webcam HD,Georgia,23
2026-04-14,Webcam HD,Georgia,20
2026-04-15,Webcam HD,Georgia,21
2026-04-16,Webcam HD,Georgia,21
2026-04-17,Webcam HD,Georgia,21
2026-04-18,Webcam HD,Georgia,18
2026-04-19,Webcam HD,Georgia,16
2026-04-20,Webcam HD,Georgia,20
2026-04-21,Webcam HD,Georgia,22
2026-04-22,Webcam HD,Georgia,23
2026-04-23,Webcam HD,Georgia,22
2026-04-24,Webcam HD,Georgia,22
2026-04-25,Webcam HD,Georgia,12
2026-04-26,Webcam HD,Georgia,10
2026-04-27,Webcam HD,Georgia,23
2026-04-28,Webcam HD,Georgia,21
2026-04-29,Webcam HD,Georgia,20
2026-04-30,Webcam HD,Georgia,22
2026-05-01,Webcam HD,Georgia,25
2026-05-02,Webcam HD,Georgia,17
2026-05-03,Webcam HD,Georgia,16
2026-05-04,Webcam HD,Georgia,18
2026-05-05,Webcam HD,Georgia,18
2026-05-06,Webcam HD,Georgia,14
2026-05-07,Webcam HD,Georgia,22
2026-05-08,Webcam HD,Georgia,23
2026-05-09,Webcam HD,Georgia,17
2026-05-10,Webcam HD,Georgia,16
2026-05-11,Webcam HD,Georgia,20
2026-05-12,Webcam HD,Georgia,19
2026-05-13,Webcam HD,Georgia,18
2026-05-14,Webcam HD,Georgia,20
2026-05-15,Webcam HD,Georgia,18
2026-05-16,Webcam HD,Georgia,18
2026-05-17,Webcam HD,Georgia,12
2026-05-18,Webcam HD,Georgia,20
2026-05-19,Webcam HD,Georgia,15
2026-05-20,Webcam HD,Georgia,21
2026-05-21,Webcam HD,Georgia,20
2026-05-22,Webcam HD,Georgia,19
2026-05-23,Webcam HD,Georgia,13
2026-05-24,Webcam HD,Georgia,15
2026-05-25,Webcam HD,Georgia,19
2026-05-26,Webcam HD,Georgia,20
2026-05-27,Webcam HD,Georgia,25
2026-05-28,Webcam HD,Georgia,20
2026-05-29,Webcam HD,Georgia,21
2026-05-30,Webcam HD,Georgia,14
2026-05-31,Webcam HD,Georgia,13
2026-06-01,Webcam HD,Georgia,19
2026-06-02,Webcam HD,Georgia,25
2026-06-03,Webcam HD,Georgia,19
2026-06-04,Webcam HD,Georgia,20
2026-06-05,Webcam HD,Georgia,17
2026-06-06,Webcam HD,Georgia,9
2026-06-07,Webcam HD,Georgia,13
2026-06-08,Webcam HD,Georgia,25
2026-06-09,Webcam HD,Georgia,21
2026-06-10,Webcam HD,Georgia,23
2026-06-11,Webcam HD,Georgia,18
2026-06-12,Webcam HD,Georgia,14
2026-06-13,Webcam HD,Georgia,12
2026-06-14,Webcam HD,Georgia,15
2026-06-15,Webcam HD,Georgia,20
2026-06-16,Webcam HD,Georgia,19
2026-06-17,Webcam HD,Georgia,18
2026-06-18,Webcam HD,Georgia,21
2026-06-19,Webcam HD,Georgia,18
2026-06-20,Webcam HD,Georgia,15
2026-06-21,Webcam HD,Georgia,14
2026-06-22,Webcam HD,Georgia,18
2026-06-23,Webcam HD,Georgia,17
2026-06-24,Webcam HD,Georgia,18
2026-06-25,Webcam HD,Georgia,24
2026-06-26,Webcam HD,Georgia,22
2026-06-27,Webcam HD,Georgia,16
2026-06-28,Webcam HD,Georgia,13
2026-06-29,Webcam HD,Georgia,16
2026-06-30,Webcam HD,Georgia,22
2026-07-01,Webcam HD,Georgia,20
2026-07-02,Webcam HD,Georgia,18
2026-07-03,Webcam HD,Georgia,17
2026-07-04,Webcam HD,Georgia,11
2026-07-05,Webcam HD,Georgia,15
2026-07-06,Webcam HD,Georgia,21
2026-07-07,Webcam HD,Georgia,17
2026-07-08,Webcam HD,Georgia,16
2026-07-09,Webcam HD,Georgia,21
2026-07-10,Webcam HD,Georgia,17
2026-07-11,Webcam HD,Georgia,16
2026-07-12,Webcam HD,Georgia,13
2026-07-13,Webcam HD,Georgia,17
2026-07-14,Webcam HD,Georgia,18
2026-07-15,Webcam HD,Georgia,17
2026-07-16,Webcam HD,Georgia,21
2026-07-17,Webcam HD,Georgia,20
2026-07-18,Webcam HD,Georgia,15
2026-07-19,Webcam HD,Georgia,14
2026-07-20,Webcam HD,Georgia,17
2026-07-21,Webcam HD,Georgia,18
2026-07-22,Webcam HD,Georgia,17
2026-07-23,Webcam HD,Georgia,21
2026-07-24,Webcam HD,Georgia,20
2026-07-25,Webcam HD,Georgia,13
2026-07-26,Webcam HD,Georgia,12
2026-07-27,Webcam HD,Georgia,21
2026-07-28,Webcam HD,Georgia,18
2026-07-29,Webcam HD,Georgia,18
2026-07-30,Webcam HD,Georgia,22
2026-07-31,Webcam HD,Georgia,17
2026-08-01,Webcam HD,Georgia,12
2026-08-02,Webcam HD,Georgia,12
2026-08-03,Webcam HD,Georgia,14
2026-08-04,Webcam HD,Georgia,18
2026-08-05,Webcam HD,Georgia,15
2026-08-06,Webcam HD,Georgia,16
2026-08-07,Webcam HD,Georgia,16
2026-08-08,Webcam HD,Georgia,12
2026-08-09,Webcam HD,Georgia,11
2026-08-10,Webcam HD,Georgia,18
2026-08-11,Webcam HD,Georgia,17
2026-08-12,Webcam HD,Georgia,17
2026-08-13,Webcam HD,Georgia,22
2026-08-14,Webcam HD,Georgia,17
2026-08-15,Webcam HD,Georgia,13
2026-08-16,Webcam HD,Georgia,14
2026-08-17,Webcam HD,Georgia,17
2026-08-18,Webcam HD,Georgia,18
2026-08-19,Webcam HD,Georgia,17
2026-08-20,Webcam HD,Georgia,17
2026-08-21,Webcam HD,Georgia,16
2026-08-22,Webcam HD,Georgia,12
2026-08-23,Webcam HD,Georgia,13
2026-08-24,Webcam HD,Georgia,13
2026-08-25,Webcam HD,Georgia,20
2026-08-26,Webcam HD,Georgia,21
2026-08-27,Webcam HD,Georgia,17
2026-08-28,Webcam HD,Georgia,18
2026-08-29,Webcam HD,Georgia,14
2026-08-30,Webcam HD,Georgia,11
2026-08-31,Webcam HD,Georgia,19
2026-09-01,Webcam HD,Georgia,15
2026-09-02,Webcam HD,Georgia,21
2026-09-03,Webcam HD,Georgia,16
2026-09-04,Webcam HD,Georgia,18
2026-09-05,Webcam HD,Georgia,12
2026-09-06,Webcam HD,Georgia,15
2026-09-07,Webcam HD,Georgia,15
2026-09-08,Webcam HD,Georgia,19
2026-09-09,Webcam HD,Georgia,17
2026-09-10,Webcam HD,Georgia,17
2026-09-11,Webcam HD,Georgia,17
2026-09-12,Webcam HD,Georgia,11
2026-09-13,Webcam HD,Georgia,8
2026-09-14,Webcam HD,Georgia,18
2026-09-15,Webcam HD,Georgia,15
2026-09-16,Webcam HD,Georgia,19
2026-09-17,Webcam HD,Georgia,17
2026-09-18,Webcam HD,Georgia,19
2026-09-19,Webcam HD,Georgia,13
2026-09-20,Webcam HD,Georgia,8
2026-09-21,Webcam HD,Georgia,17
2026-09-22,Webcam HD,Georgia,16
2026-09-23,Webcam HD,Georgia,19
2026-09-24,Webcam HD,Georgia,17
2026-09-25,Webcam HD,Georgia,17
2026-09-26,Webcam HD,Georgia,12
2026-09-27,Webcam HD,Georgia,11
2026-09-28,Webcam HD,Georgia,15
2025-01-01,Webcam HD,Texas,17
2025-01-02,Webcam HD,Texas,20
2025-01-03,Webcam HD,Texas,17
2025-01-04,Webcam HD,Texas,13
2025-01-05,Webcam HD,Texas,16
2025-01-06,Webcam HD,Texas,23
2025-01-07,Webcam HD,Texas,21
2025-01-08,Webcam HD,Texas,20
2025-01-09,Webcam HD,Texas,19
2025-01-10,Webcam HD,Texas,20
2025-01-11,Webcam HD,Texas,14
2025-01-12,Webcam HD,Texas,15
2025-01-13,Webcam HD,Texas,17
2025-01-14,Webcam HD,Texas,23
2025-01-15,Webcam HD,Texas,20
2025-01-16,Webcam HD,Texas,22
2025-01-17,Webcam HD,Texas,23
2025-01-18,Webcam HD,Texas,16
2025-01-19,Webcam HD,Texas,17
2025-01-20,Webcam HD,Texas,16
2025-01-21,Webcam HD,Texas,20
2025-01-22,Webcam HD,Texas,24
2025-01-23,Webcam HD,Texas,22
2025-01-24,Webcam HD,Texas,26
2025-01-25,Webcam HD,Texas,19
2025-01-26,Webcam HD,Texas,16
2025-01-27,Webcam HD,Texas,21
2025-01-28,Webcam HD,Texas,19
2025-01-29,Webcam HD,Texas,20
2025-01-30,Webcam HD,Texas,20
2025-01-31,Webcam HD,Texas,20
2025-02-01,Webcam HD,Texas,15
2025-02-02,Webcam HD,Texas,17
2025-02-03,Webcam HD,Texas,27
2025-02-04,Webcam HD,Texas,25
2025-02-05,Webcam HD,Texas,22
2025-02-06,Webcam HD,Texas,25
2025-02-07,Webcam HD,Texas,23
2025-02-08,Webcam HD,Texas,16
2025-02-09,Webcam HD,Texas,16
2025-02-10,Webcam HD,Texas,22
2025-02-11,Webcam HD,Texas,24
2025-02-12,Webcam HD,Texas,23
2025-02-13,Webcam HD,Texas,20
2025-02-14,Webcam HD,Texas,20
2025-02-15,Webcam HD,Texas,17
2025-02-16,Webcam HD,Texas,17
2025-02-17,Webcam HD,Texas,22
2025-02-18,Webcam HD,Texas,19
2025-02-19,Webcam HD,Texas,26
2025-02-20,Webcam HD,Texas,25
2025-02-21,Webcam HD,Texas,17
2025-02-22,Webcam HD,Texas,19
2025-02-23,Webcam HD,Texas,16
2025-02-24,Webcam HD,Texas,23
2025-02-25,Webcam HD,Texas,26
2025-02-26,Webcam HD,Texas,27
2025-02-27,Webcam HD,Texas,25
2025-02-28,Webcam HD,Texas,23
2025-03-01,Webcam HD,Texas,14
2025-03-02,Webcam HD,Texas,13
2025-03-03,Webcam HD,Texas,26
2025-03-04,Webcam HD,Texas,27
2025-03-05,Webcam HD,Texas,21
2025-03-06,Webcam HD,Texas,23
2025-03-07,Webcam HD,Texas,22
2025-03-08,Webcam HD,Texas,16
2025-03-09,Webcam HD,Texas,19
2025-03-10,Webcam HD,Texas,24
2025-03-11,Webcam HD,Texas,23
2025-03-12,Webcam HD,Texas,31
2025-03-13,Webcam HD,Texas,19
2025-03-14,Webcam HD,Texas,25
2025-03-15,Webcam HD,Texas,15
2025-03-16,Webcam HD,Texas,17
2025-03-17,Webcam HD,Texas,24
2025-03-18,Webcam HD,Texas,26
2025-03-19,Webcam HD,Texas,23
2025-03-20,Webcam HD,Texas,22
2025-03-21,Webcam HD,Texas,23
2025-03-22,Webcam HD,Texas,15
2025-03-23,Webcam HD,Texas,18
2025-03-24,Webcam HD,Texas,24
2025-03-25,Webcam HD,Texas,25
2025-03-26,Webcam HD,Texas,23
2025-03-27,Webcam HD,Texas,23
2025-03-28,Webcam HD,Texas,27
2025-03-29,Webcam HD,Texas,19
2025-03-30,Webcam HD,Texas,20
2025-03-31,Webcam HD,Texas,24
2025-04-01,Webcam HD,Texas,28
2025-04-02,Webcam HD,Texas,23
2025-04-03,Webcam HD,Texas,23
2025-04-04,Webcam HD,Texas,27
2025-04-05,Webcam HD,Texas,19
2025-04-06,Webcam HD,Texas,17
2025-04-07,Webcam HD,Texas,21
2025-04-08,Webcam HD,Texas,23
2025-04-09,Webcam HD,Texas,22
2025-04-10,Webcam HD,Texas,29
2025-04-11,Webcam HD,Texas,26
2025-04-12,Webcam HD,Texas,16
2025-04-13,Webcam HD,Texas,15
2025-04-14,Webcam HD,Texas,21
2025-04-15,Webcam HD,Texas,22
2025-04-16,Webcam HD,Texas,23
2025-04-17,Webcam HD,Texas,27
2025-04-18,Webcam HD,Texas,21
2025-04-19,Webcam HD,Texas,22
2025-04-20,Webcam HD,Texas,15
2025-04-21,Webcam HD,Texas,20
2025-04-22,Webcam HD,Texas,29
2025-04-23,Webcam HD,Texas,27
2025-04-24,Webcam HD,Texas,23
2025-04-25,Webcam HD,Texas,25
2025-04-26,Webcam HD,Texas,18
2025-04-27,Webcam HD,Texas,18
2025-04-28,Webcam HD,Texas,20
2025-04-29,Webcam HD,Texas,17
2025-04-30,Webcam HD,Texas,21
2025-05-01,Webcam HD,Texas,28
2025-05-02,Webcam HD,Texas,29
2025-05-03,Webcam HD,Texas,17
2025-05-04,Webcam HD,Texas,15
2025-05-05,Webcam HD,Texas,24
2025-05-06,Webcam HD,Texas,25
2025-05-07,Webcam HD,Texas,25
2025-05-08,Webcam HD,Texas,16
2025-05-09,Webcam HD,Texas,32
2025-05-10,Webcam HD,Texas,19
2025-05-11,Webcam HD,Texas,17
2025-05-12,Webcam HD,Texas,21
2025-05-13,Webcam HD,Texas,26
2025-05-14,Webcam HD,Texas,25
2025-05-15,Webcam HD,Texas,24
2025-05-16,Webcam HD,Texas,25
2025-05-17,Webcam HD,Texas,17
2025-05-18,Webcam HD,Texas,18
2025-05-19,Webcam HD,Texas,25
2025-05-20,Webcam HD,Texas,24
2025-05-21,Webcam HD,Texas,24
2025-05-22,Webcam HD,Texas,27
2025-05-23,Webcam HD,Texas,19
2025-05-24,Webcam HD,Texas,15
2025-05-25,Webcam HD,Texas,17
2025-05-26,Webcam HD,Texas,21
2025-05-27,Webcam HD,Texas,22
2025-05-28,Webcam HD,Texas,27
2025-05-29,Webcam HD,Texas,23
2025-05-30,Webcam HD,Texas,18
2025-05-31,Webcam HD,Texas,16
2025-06-01,Webcam HD,Texas,17
2025-06-02,Webcam HD,Texas,23
2025-06-03,Webcam HD,Texas,24
2025-06-04,Webcam HD,Texas,24
2025-06-05,Webcam HD,Texas,22
2025-06-06,Webcam HD,Texas,19
2025-06-07,Webcam HD,Texas,16
2025-06-08,Webcam HD,Texas,15
2025-06-09,Webcam HD,Texas,22
2025-06-10,Webcam HD,Texas,24
2025-06-11,Webcam HD,Texas,24
2025-06-12,Webcam HD,Texas,25
2025-06-13,Webcam HD,Texas,21
2025-06-14,Webcam HD,Texas,19
2025-06-15,Webcam HD,Texas,18
2025-06-16,Webcam HD,Texas,23
2025-06-17,Webcam HD,Texas,24
2025-06-18,Webcam HD,Texas,21
2025-06-19,Webcam HD,Texas,17
2025-06-20,Webcam HD,Texas,21
2025-06-21,Webcam HD,Texas,18
2025-06-22,Webcam HD,Texas,17
2025-06-23,Webcam HD,Texas,22
2025-06-24,Webcam HD,Texas,20
2025-06-25,Webcam HD,Texas,17
2025-06-26,Webcam HD,Texas,26
2025-06-27,Webcam HD,Texas,22
2025-06-28,Webcam HD,Texas,16
2025-06-29,Webcam HD,Texas,15
2025-06-30,Webcam HD,Texas,26
2025-07-01,Webcam HD,Texas,23
2025-07-02,Webcam HD,Texas,19
2025-07-03,Webcam HD,Texas,24
2025-07-04,Webcam HD,Texas,21
2025-07-05,Webcam HD,Texas,14
2025-07-06,Webcam HD,Texas,15
2025-07-07,Webcam HD,Texas,19
2025-07-08,Webcam HD,Texas,18
2025-07-09,Webcam HD,Texas,23
2025-07-10,Webcam HD,Texas,21
2025-07-11,Webcam HD,Texas,23
2025-07-12,Webcam HD,Texas,16
2025-07-13,Webcam HD,Texas,17
2025-07-14,Webcam HD,Texas,16
2025-07-15,Webcam HD,Texas,19
2025-07-16,Webcam HD,Texas,23
2025-07-17,Webcam HD,Texas,18
2025-07-18,Webcam HD,Texas,22
2025-07-19,Webcam HD,Texas,13
2025-07-20,Webcam HD,Texas,16
2025-07-21,Webcam HD,Texas,25
2025-07-22,Webcam HD,Texas,23
2025-07-23,Webcam HD,Texas,16
2025-07-24,Webcam HD,Texas,23
2025-07-25,Webcam HD,Texas,26
2025-07-26,Webcam HD,Texas,21
2025-07-27,Webcam HD,Texas,16
2025-07-28,Webcam HD,Texas,18
2025-07-29,Webcam HD,Texas,22
2025-07-30,Webcam HD,Texas,25
2025-07-31,Webcam HD,Texas,21
2025-08-01,Webcam HD,Texas,22
2025-08-02,Webcam HD,Texas,13
2025-08-03,Webcam HD,Texas,15
2025-08-04,Webcam HD,Texas,14
2025-08-05,Webcam HD,Texas,18
2025-08-06,Webcam HD,Texas,20
2025-08-07,Webcam HD,Texas,19
2025-08-08,Webcam HD,Texas,17
2025-08-09,Webcam HD,Texas,14
2025-08-10,Webcam HD,Texas,15
2025-08-11,Webcam HD,Texas,20
2025-08-12,Webcam HD,Texas,20
2025-08-13,Webcam HD,Texas,22
2025-08-14,Webcam HD,Texas,19
2025-08-15,Webcam HD,Texas,23
2025-08-16,Webcam HD,Texas,13
2025-08-17,Webcam HD,Texas,18
2025-08-18,Webcam HD,Texas,23
2025-08-19,Webcam HD,Texas,19
2025-08-20,Webcam HD,Texas,19
2025-08-21,Webcam HD,Texas,20
2025-08-22,Webcam HD,Texas,21
2025-08-23,Webcam HD,Texas,16
2025-08-24,Webcam HD,Texas,12
2025-08-25,Webcam HD,Texas,21
2025-08-26,Webcam HD,Texas,15
2025-08-27,Webcam HD,Texas,19
2025-08-28,Webcam HD,Texas,23
2025-08-29,Webcam HD,Texas,17
2025-08-30,Webcam HD,Texas,12
2025-08-31,Webcam HD,Texas,15
2025-09-01,Webcam HD,Texas,22
2025-09-02,Webcam HD,Texas,20
2025-09-03,Webcam HD,Texas,15
2025-09-04,Webcam HD,Texas,15
2025-09-05,Webcam HD,Texas,19
2025-09-06,Webcam HD,Texas,12
2025-09-07,Webcam HD,Texas,14
2025-09-08,Webcam HD,Texas,19
2025-09-09,Webcam HD,Texas,18
2025-09-10,Webcam HD,Texas,23
2025-09-11,Webcam HD,Texas,20
2025-09-12,Webcam HD,Texas,22
2025-09-13,Webcam HD,Texas,15
2025-09-14,Webcam HD,Texas,14
2025-09-15,Webcam HD,Texas,19
2025-09-16,Webcam HD,Texas,18
2025-09-17,Webcam HD,Texas,21
2025-09-18,Webcam HD,Texas,17
2025-09-19,Webcam HD,Texas,23
2025-09-20,Webcam HD,Texas,13
2025-09-21,Webcam HD,Texas,14
2025-09-22,Webcam HD,Texas,18
2025-09-23,Webcam HD,Texas,18
2025-09-24,Webcam HD,Texas,24
2025-09-25,Webcam HD,Texas,18
2025-09-26,Webcam HD,Texas,18
2025-09-27,Webcam HD,Texas,13
2025-09-28,Webcam HD,Texas,14
2025-09-29,Webcam HD,Texas,19
2025-09-30,Webcam HD,Texas,16
2025-10-01,Webcam HD,Texas,18
2025-10-02,Webcam HD,Texas,20
2025-10-03,Webcam HD,Texas,21
2025-10-04,Webcam HD,Texas,14
2025-10-05,Webcam HD,Texas,14
2025-10-06,Webcam HD,Texas,18
2025-10-07,Webcam HD,Texas,18
2025-10-08,Webcam HD,Texas,17
2025-10-09,Webcam HD,Texas,15
2025-10-10,Webcam HD,Texas,17
2025-10-11,Webcam HD,Texas,15
2025-10-12,Webcam HD,Texas,13
2025-10-13,Webcam HD,Texas,18
2025-10-14,Webcam HD,Texas,18
2025-10-15,Webcam HD,Texas,21
2025-10-16,Webcam HD,Texas,17
2025-10-17,Webcam HD,Texas,19
2025-10-18,Webcam HD,Texas,14
2025-10-19,Webcam HD,Texas,14
2025-10-20,Webcam HD,Texas,19
2025-10-21,Webcam HD,Texas,19
2025-10-22,Webcam HD,Texas,20
2025-10-23,Webcam HD,Texas,19
2025-10-24,Webcam HD,Texas,23
2025-10-25,Webcam HD,Texas,14
2025-10-26,Webcam HD,Texas,11
2025-10-27,Webcam HD,Texas,20
2025-10-28,Webcam HD,Texas,20
2025-10-29,Webcam HD,Texas,19
2025-10-30,Webcam HD,Texas,18
2025-10-31,Webcam HD,Texas,14
2025-11-01,Webcam HD,Texas,13
2025-11-02,Webcam HD,Texas,20
2025-11-03,Webcam HD,Texas,21
2025-11-04,Webcam HD,Texas,25
2025-11-05,Webcam HD,Texas,18
2025-11-06,Webcam HD,Texas,20
2025-11-07,Webcam HD,Texas,24
2025-11-08,Webcam HD,Texas,16
2025-11-09,Webcam HD,Texas,17
2025-11-10,Webcam HD,Texas,22
2025-11-11,Webcam HD,Texas,22
2025-11-12,Webcam HD,Texas,21
2025-11-13,Webcam HD,Texas,19
2025-11-14,Webcam HD,Texas,26
2025-11-15,Webcam HD,Texas,19
2025-11-16,Webcam HD,Texas,14
2025-11-17,Webcam HD,Texas,19
2025-11-18,Webcam HD,Texas,21
2025-11-19,Webcam HD,Texas,23
2025-11-20,Webcam HD,Texas,22
2025-11-21,Webcam HD,Texas,24
2025-11-22,Webcam HD,Texas,16
2025-11-23,Webcam HD,Texas,16
2025-11-24,Webcam HD,Texas,29
2025-11-25,Webcam HD,Texas,21
2025-11-26,Webcam HD,Texas,27
2025-11-27,Webcam HD,Texas,26
2025-11-28,Webcam HD,Texas,24
2025-11-29,Webcam HD,Texas,13
2025-11-30,Webcam HD,Texas,16
2025-12-01,Webcam HD,Texas,22
2025-12-02,Webcam HD,Texas,24
2025-12-03,Webcam HD,Texas,20
2025-12-04,Webcam HD,Texas,26
2025-12-05,Webcam HD,Texas,26
2025-12-06,Webcam HD,Texas,20
2025-12-07,Webcam HD,Texas,16
2025-12-08,Webcam HD,Texas,20
2025-12-09,Webcam HD,Texas,24
2025-12-10,Webcam HD,Texas,28
2025-12-11,Webcam HD,Texas,24
2025-12-12,Webcam HD,Texas,25
2025-12-13,Webcam HD,Texas,17
2025-12-14,Webcam HD,Texas,16
2025-12-15,Webcam HD,Texas,25
2025-12-16,Webcam HD,Texas,23
2025-12-17,Webcam HD,Texas,25
2025-12-18,Webcam HD,Texas,25
2025-12-19,Webcam HD,Texas,24
2025-12-20,Webcam HD,Texas,18
2025-12-21,Webcam HD,Texas,15
2025-12-22,Webcam HD,Texas,21
2025-12-23,Webcam HD,Texas,23
2025-12-24,Webcam HD,Texas,23
2025-12-25,Webcam HD,Texas,22
2025-12-26,Webcam HD,Texas,24
2025-12-27,Webcam HD,Texas,19
2025-12-28,Webcam HD,Texas,20
2025-12-29,Webcam HD,Texas,27
2025-12-30,Webcam HD,Texas,20
2025-12-31,Webcam HD,Texas,20
2026-01-01,Webcam HD,Texas,20
2026-01-02,Webcam HD,Texas,21
2026-01-03,Webcam HD,Texas,15
2026-01-04,Webcam HD,Texas,14
2026-01-05,Webcam HD,Texas,20
2026-01-06,Webcam HD,Texas,22
2026-01-07,Webcam HD,Texas,18
2026-01-08,Webcam HD,Texas,27
2026-01-09,Webcam HD,Texas,21
2026-01-10,Webcam HD,Texas,17
2026-01-11,Webcam HD,Texas,14
2026-01-12,Webcam HD,Texas,23
2026-01-13,Webcam HD,Texas,21
2026-01-14,Webcam HD,Texas,23
2026-01-15,Webcam HD,Texas,21
2026-01-16,Webcam HD,Texas,25
2026-01-17,Webcam HD,Texas,13
2026-01-18,Webcam HD,Texas,17
2026-01-19,Webcam HD,Texas,21
2026-01-20,Webcam HD,Texas,19
2026-01-21,Webcam HD,Texas,26
2026-01-22,Webcam HD,Texas,26
2026-01-23,Webcam HD,Texas,16
2026-01-24,Webcam HD,Texas,16
2026-01-25,Webcam HD,Texas,17
2026-01-26,Webcam HD,Texas,22
2026-01-27,Webcam HD,Texas,25
2026-01-28,Webcam HD,Texas,24
2026-01-29,Webcam HD,Texas,22
2026-01-30,Webcam HD,Texas,27
2026-01-31,Webcam HD,Texas,17
2026-02-01,Webcam HD,Texas,16
2026-02-02,Webcam HD,Texas,21
2026-02-03,Webcam HD,Texas,26
2026-02-04,Webcam HD,Texas,20
2026-02-05,Webcam HD,Texas,21
2026-02-06,Webcam HD,Texas,22
2026-02-07,Webcam HD,Texas,17
2026-02-08,Webcam HD,Texas,16
2026-02-09,Webcam HD,Texas,19
2026-02-10,Webcam HD,Texas,26
2026-02-11,Webcam HD,Texas,21
2026-02-12,Webcam HD,Texas,28
2026-02-13,Webcam HD,Texas,23
2026-02-14,Webcam HD,Texas,19
2026-02-15,Webcam HD,Texas,18
2026-02-16,Webcam HD,Texas,26
2026-02-17,Webcam HD,Texas,24
2026-02-18,Webcam HD,Texas,23
2026-02-19,Webcam HD,Texas,25
2026-02-20,Webcam HD,Texas,29
2026-02-21,Webcam HD,Texas,16
2026-02-22,Webcam HD,Texas,18
2026-02-23,Webcam HD,Texas,22
2026-02-24,Webcam HD,Texas,24
2026-02-25,Webcam HD,Texas,23
2026-02-26,Webcam HD,Texas,17
2026-02-27,Webcam HD,Texas,22
2026-02-28,Webcam HD,Texas,18
2026-03-01,Webcam HD,Texas,16
2026-03-02,Webcam HD,Texas,26
2026-03-03,Webcam HD,Texas,24
2026-03-04,Webcam HD,Texas,23
2026-03-05,Webcam HD,Texas,26
2026-03-06,Webcam HD,Texas,25
2026-03-07,Webcam HD,Texas,18
2026-03-08,Webcam HD,Texas,19
2026-03-09,Webcam HD,Texas,24
2026-03-10,Webcam HD,Texas,19
2026-03-11,Webcam HD,Texas,22
2026-03-12,Webcam HD,Texas,18
2026-03-13,Webcam HD,Texas,25
2026-03-14,Webcam HD,Texas,19
2026-03-15,Webcam HD,Texas,19
2026-03-16,Webcam HD,Texas,25
2026-03-17,Webcam HD,Texas,26
2026-03-18,Webcam HD,Texas,19
2026-03-19,Webcam HD,Texas,23
2026-03-20,Webcam HD,Texas,19
2026-03-21,Webcam HD,Texas,16
2026-03-22,Webcam HD,Texas,20
2026-03-23,Webcam HD,Texas,26
2026-03-24,Webcam HD,Texas,25
2026-03-25,Webcam HD,Texas,23
2026-03-26,Webcam HD,Texas,21
2026-03-27,Webcam HD,Texas,24
2026-03-28,Webcam HD,Texas,19
2026-03-29,Webcam HD,Texas,18
2026-03-30,Webcam HD,Texas,19
2026-03-31,Webcam HD,Texas,24
2026-04-01,Webcam HD,Texas,18
2026-04-02,Webcam HD,Texas,26
2026-04-03,Webcam HD,Texas,22
2026-04-04,Webcam HD,Texas,15
2026-04-05,Webcam HD,Texas,19
2026-04-06,Webcam HD,Texas,25
2026-04-07,Webcam HD,Texas,24
2026-04-08,Webcam HD,Texas,30
2026-04-09,Webcam HD,Texas,26
2026-04-10,Webcam HD,Texas,22
2026-04-11,Webcam HD,Texas,18
2026-04-12,Webcam HD,Texas,17
2026-04-13,Webcam HD,Texas,27
2026-04-14,Webcam HD,Texas,25
2026-04-15,Webcam HD,Texas,25
2026-04-16,Webcam HD,Texas,20
2026-04-17,Webcam HD,Texas,24
2026-04-18,Webcam HD,Texas,17
2026-04-19,Webcam HD,Texas,15
2026-04-20,Webcam HD,Texas,23
2026-04-21,Webcam HD,Texas,25
2026-04-22,Webcam HD,Texas,24
2026-04-23,Webcam HD,Texas,20
2026-04-24,Webcam HD,Texas,23
2026-04-25,Webcam HD,Texas,16
2026-04-26,Webcam HD,Texas,18
2026-04-27,Webcam HD,Texas,24
2026-04-28,Webcam HD,Texas,23
2026-04-29,Webcam HD,Texas,22
2026-04-30,Webcam HD,Texas,24
2026-05-01,Webcam HD,Texas,26
2026-05-02,Webcam HD,Texas,18
2026-05-03,Webcam HD,Texas,20
2026-05-04,Webcam HD,Texas,27
2026-05-05,Webcam HD,Texas,28
2026-05-06,Webcam HD,Texas,27
2026-05-07,Webcam HD,Texas,28
2026-05-08,Webcam HD,Texas,20
2026-05-09,Webcam HD,Texas,18
2026-05-10,Webcam HD,Texas,20
2026-05-11,Webcam HD,Texas,27
2026-05-12,Webcam HD,Texas,21
2026-05-13,Webcam HD,Texas,25
2026-05-14,Webcam HD,Texas,24
2026-05-15,Webcam HD,Texas,29
2026-05-16,Webcam HD,Texas,14
2026-05-17,Webcam HD,Texas,16
2026-05-18,Webcam HD,Texas,18
2026-05-19,Webcam HD,Texas,24
2026-05-20,Webcam HD,Texas,30
2026-05-21,Webcam HD,Texas,23
2026-05-22,Webcam HD,Texas,24
2026-05-23,Webcam HD,Texas,18
2026-05-24,Webcam HD,Texas,17
2026-05-25,Webcam HD,Texas,24
2026-05-26,Webcam HD,Texas,24
2026-05-27,Webcam HD,Texas,21
2026-05-28,Webcam HD,Texas,23
2026-05-29,Webcam HD,Texas,25
2026-05-30,Webcam HD,Texas,19
2026-05-31,Webcam HD,Texas,20
2026-06-01,Webcam HD,Texas,23
2026-06-02,Webcam HD,Texas,23
2026-06-03,Webcam HD,Texas,24
2026-06-04,Webcam HD,Texas,21
2026-06-05,Webcam HD,Texas,21
2026-06-06,Webcam HD,Texas,16
2026-06-07,Webcam HD,Texas,14
2026-06-08,Webcam HD,Texas,24
2026-06-09,Webcam HD,Texas,25
2026-06-10,Webcam HD,Texas,21
2026-06-11,Webcam HD,Texas,24
2026-06-12,Webcam HD,Texas,21
2026-06-13,Webcam HD,Texas,14
2026-06-14,Webcam HD,Texas,20
2026-06-15,Webcam HD,Texas,20
2026-06-16,Webcam HD,Texas,19
2026-06-17,Webcam HD,Texas,23
2026-06-18,Webcam HD,Texas,23
2026-06-19,Webcam HD,Texas,24
2026-06-20,Webcam HD,Texas,20
2026-06-21,Webcam HD,Texas,15
2026-06-22,Webcam HD,Texas,21
2026-06-23,Webcam HD,Texas,27
2026-06-24,Webcam HD,Texas,25
2026-06-25,Webcam HD,Texas,25
2026-06-26,Webcam HD,Texas,21
2026-06-27,Webcam HD,Texas,19
2026-06-28,Webcam HD,Texas,18
2026-06-29,Webcam HD,Texas,23
2026-06-30,Webcam HD,Texas,21
2026-07-01,Webcam HD,Texas,21
2026-07-02,Webcam HD,Texas,25
2026-07-03,Webcam HD,Texas,18
2026-07-04,Webcam HD,Texas,14
2026-07-05,Webcam HD,Texas,14
2026-07-06,Webcam HD,Texas,20
2026-07-07,Webcam HD,Texas,21
2026-07-08,Webcam HD,Texas,24
2026-07-09,Webcam HD,Texas,22
2026-07-10,Webcam HD,Texas,21
2026-07-11,Webcam HD,Texas,16
2026-07-12,Webcam HD,Texas,17
2026-07-13,Webcam HD,Texas,17
2026-07-14,Webcam HD,Texas,24
2026-07-15,Webcam HD,Texas,19
2026-07-16,Webcam HD,Texas,20
2026-07-17,Webcam HD,Texas,22
2026-07-18,Webcam HD,Texas,15
2026-07-19,Webcam HD,Texas,16
2026-07-20,Webcam HD,Texas,22
2026-07-21,Webcam HD,Texas,20
2026-07-22,Webcam HD,Texas,25
2026-07-23,Webcam HD,Texas,23
2026-07-24,Webcam HD,Texas,22
2026-07-25,Webcam HD,Texas,17
2026-07-26,Webcam HD,Texas,14
2026-07-27,Webcam HD,Texas,27
2026-07-28,Webcam HD,Texas,18
2026-07-29,Webcam HD,Texas,21
2026-07-30,Webcam HD,Texas,20
2026-07-31,Webcam HD,Texas,20
2026-08-01,Webcam HD,Texas,14
2026-08-02,Webcam HD,Texas,13
2026-08-03,Webcam HD,Texas,23
2026-08-04,Webcam HD,Texas,17
2026-08-05,Webcam HD,Texas,22
2026-08-06,Webcam HD,Texas,21
2026-08-07,Webcam HD,Texas,19
2026-08-08,Webcam HD,Texas,15
2026-08-09,Webcam HD,Texas,14
2026-08-10,Webcam HD,Texas,17
2026-08-11,Webcam HD,Texas,17
2026-08-12,Webcam HD,Texas,21
2026-08-13,Webcam HD,Texas,21
2026-08-14,Webcam HD,Texas,20
2026-08-15,Webcam HD,Texas,14
2026-08-16,Webcam HD,Texas,14
2026-08-17,Webcam HD,Texas,19
2026-08-18,Webcam HD,Texas,16
2026-08-19,Webcam HD,Texas,20
2026-08-20,Webcam HD,Texas,21
2026-08-21,Webcam HD,Texas,20
2026-08-22,Webcam HD,Texas,18
2026-08-23,Webcam HD,Texas,13
2026-08-24,Webcam HD,Texas,18
2026-08-25,Webcam HD,Texas,20
2026-08-26,Webcam HD,Texas,20
2026-08-27,Webcam HD,Texas,15
2026-08-28,Webcam HD,Texas,21
2026-08-29,Webcam HD,Texas,15
2026-08-30,Webcam HD,Texas,11
2026-08-31,Webcam HD,Texas,20
2026-09-01,Webcam HD,Texas,17
2026-09-02,Webcam HD,Texas,18
2026-09-03,Webcam HD,Texas,16
2026-09-04,Webcam HD,Texas,20
2026-09-05,Webcam HD,Texas,17
2026-09-06,Webcam HD,Texas,14
2026-09-07,Webcam HD,Texas,14
2026-09-08,Webcam HD,Texas,20
2026-09-09,Webcam HD,Texas,19
2026-09-10,Webcam HD,Texas,16
2026-09-11,Webcam HD,Texas,20
2026-09-12,Webcam HD,Texas,15
2026-09-13,Webcam HD,Texas,13
2026-09-14,Webcam HD,Texas,15
2026-09-15,Webcam HD,Texas,14
2026-09-16,Webcam HD,Texas,17
2026-09-17,Webcam HD,Texas,19
2026-09-18,Webcam HD,Texas,18
2026-09-19,Webcam HD,Texas,13
2026-09-20,Webcam HD,Texas,15
2026-09-21,Webcam HD,Texas,20
2026-09-22,Webcam HD,Texas,19
2026-09-23,Webcam HD,Texas,21
2026-09-24,Webcam HD,Texas,17
2026-09-25,Webcam HD,Texas,16
2026-09-26,Webcam HD,Texas,13
2026-09-27,Webcam HD,Texas,13
2026-09-28,Webcam HD,Texas,14
2025-01-01,Webcam HD,North Carolina,16
2025-01-02,Webcam HD,North Carolina,19
2025-01-03,Webcam HD,North Carolina,19
2025-01-04,Webcam HD,North Carolina,13
2025-01-05,Webcam HD,North Carolina,13
2025-01-06,Webcam HD,North Carolina,20
2025-01-07,Webcam HD,North Carolina,15
2025-01-08,Webcam HD,North Carolina,15
2025-01-09,Webcam HD,North Carolina,19
2025-01-10,Webcam HD,North Carolina,17
2025-01-11,Webcam HD,North Carolina,12
2025-01-12,Webcam HD,North Carolina,13
2025-01-13,Webcam HD,North Carolina,16
2025-01-14,Webcam HD,North Carolina,15
2025-01-15,Webcam HD,North Carolina,15
2025-01-16,Webcam HD,North Carolina,18
2025-01-17,Webcam HD,North Carolina,18
2025-01-18,Webcam HD,North Carolina,15
2025-01-19,Webcam HD,North Carolina,12
2025-01-20,Webcam HD,North Carolina,17
2025-01-21,Webcam HD,North Carolina,20
2025-01-22,Webcam HD,North Carolina,19
2025-01-23,Webcam HD,North Carolina,17
2025-01-24,Webcam HD,North Carolina,14
2025-01-25,Webcam HD,North Carolina,11
2025-01-26,Webcam HD,North Carolina,11
2025-01-27,Webcam HD,North Carolina,17
2025-01-28,Webcam HD,North Carolina,16
2025-01-29,Webcam HD,North Carolina,20
2025-01-30,Webcam HD,North Carolina,14
2025-01-31,Webcam HD,North Carolina,15
2025-02-01,Webcam HD,North Carolina,14
2025-02-02,Webcam HD,North Carolina,14
2025-02-03,Webcam HD,North Carolina,13
2025-02-04,Webcam HD,North Carolina,14
2025-02-05,Webcam HD,North Carolina,18
2025-02-06,Webcam HD,North Carolina,21
2025-02-07,Webcam HD,North Carolina,22
2025-02-08,Webcam HD,North Carolina,13
2025-02-09,Webcam HD,North Carolina,13
2025-02-10,Webcam HD,North Carolina,16
2025-02-11,Webcam HD,North Carolina,20
2025-02-12,Webcam HD,North Carolina,21
2025-02-13,Webcam HD,North Carolina,21
2025-02-14,Webcam HD,North Carolina,18
2025-02-15,Webcam HD,North Carolina,12
2025-02-16,Webcam HD,North Carolina,13
2025-02-17,Webcam HD,North Carolina,21
2025-02-18,Webcam HD,North Carolina,17
2025-02-19,Webcam HD,North Carolina,14
2025-02-20,Webcam HD,North Carolina,17
2025-02-21,Webcam HD,North Carolina,18
2025-02-22,Webcam HD,North Carolina,10
2025-02-23,Webcam HD,North Carolina,14
2025-02-24,Webcam HD,North Carolina,19
2025-02-25,Webcam HD,North Carolina,22
2025-02-26,Webcam HD,North Carolina,15
2025-02-27,Webcam HD,North Carolina,20
2025-02-28,Webcam HD,North Carolina,20
2025-03-01,Webcam HD,North Carolina,15
2025-03-02,Webcam HD,North Carolina,12
2025-03-03,Webcam HD,North Carolina,16
2025-03-04,Webcam HD,North Carolina,19
2025-03-05,Webcam HD,North Carolina,19
2025-03-06,Webcam HD,North Carolina,18
2025-03-07,Webcam HD,North Carolina,22
2025-03-08,Webcam HD,North Carolina,13
2025-03-09,Webcam HD,North Carolina,11
2025-03-10,Webcam HD,North Carolina,18
2025-03-11,Webcam HD,North Carolina,20
2025-03-12,Webcam HD,North Carolina,20
2025-03-13,Webcam HD,North Carolina,20
2025-03-14,Webcam HD,North Carolina,22
2025-03-15,Webcam HD,North Carolina,12
2025-03-16,Webcam HD,North Carolina,13
2025-03-17,Webcam HD,North Carolina,22
2025-03-18,Webcam HD,North Carolina,14
2025-03-19,Webcam HD,North Carolina,19
2025-03-20,Webcam HD,North Carolina,22
2025-03-21,Webcam HD,North Carolina,22
2025-03-22,Webcam HD,North Carolina,15
2025-03-23,Webcam HD,North Carolina,15
2025-03-24,Webcam HD,North Carolina,17
2025-03-25,Webcam HD,North Carolina,22
2025-03-26,Webcam HD,North Carolina,16
2025-03-27,Webcam HD,North Carolina,16
2025-03-28,Webcam HD,North Carolina,20
2025-03-29,Webcam HD,North Carolina,13
2025-03-30,Webcam HD,North Carolina,14
2025-03-31,Webcam HD,North Carolina,20
2025-04-01,Webcam HD,North Carolina,23
2025-04-02,Webcam HD,North Carolina,20
2025-04-03,Webcam HD,North Carolina,18
2025-04-04,Webcam HD,North Carolina,21
2025-04-05,Webcam HD,North Carolina,13
2025-04-06,Webcam HD,North Carolina,16
2025-04-07,Webcam HD,North Carolina,19
2025-04-08,Webcam HD,North Carolina,20
2025-04-09,Webcam HD,North Carolina,15
2025-04-10,Webcam HD,North Carolina,14
2025-04-11,Webcam HD,North Carolina,16
2025-04-12,Webcam HD,North Carolina,17
2025-04-13,Webcam HD,North Carolina,12
2025-04-14,Webcam HD,North Carolina,21
2025-04-15,Webcam HD,North Carolina,18
2025-04-16,Webcam HD,North Carolina,19
2025-04-17,Webcam HD,North Carolina,19
2025-04-18,Webcam HD,North Carolina,23
2025-04-19,Webcam HD,North Carolina,15
2025-04-20,Webcam HD,North Carolina,15
2025-04-21,Webcam HD,North Carolina,22
2025-04-22,Webcam HD,North Carolina,18
2025-04-23,Webcam HD,North Carolina,22
2025-04-24,Webcam HD,North Carolina,21
2025-04-25,Webcam HD,North Carolina,21
2025-04-26,Webcam HD,North Carolina,14
2025-04-27,Webcam HD,North Carolina,13
2025-04-28,Webcam HD,North Carolina,17
2025-04-29,Webcam HD,North Carolina,17
2025-04-30,Webcam HD,North Carolina,17
2025-05-01,Webcam HD,North Carolina,20
2025-05-02,Webcam HD,North Carolina,18
2025-05-03,Webcam HD,North Carolina,15
2025-05-04,Webcam HD,North Carolina,15
2025-05-05,Webcam HD,North Carolina,17
2025-05-06,Webcam HD,North Carolina,16
2025-05-07,Webcam HD,North Carolina,18
2025-05-08,Webcam HD,North Carolina,17
2025-05-09,Webcam HD,North Carolina,17
2025-05-10,Webcam HD,North Carolina,17
2025-05-11,Webcam HD,North Carolina,11
2025-05-12,Webcam HD,North Carolina,24
2025-05-13,Webcam HD,North Carolina,20
2025-05-14,Webcam HD,North Carolina,21
2025-05-15,Webcam HD,North Carolina,21
2025-05-16,Webcam HD,North Carolina,20
2025-05-17,Webcam HD,North Carolina,17
2025-05-18,Webcam HD,North Carolina,12
2025-05-19,Webcam HD,North Carolina,19
2025-05-20,Webcam HD,North Carolina,17
2025-05-21,Webcam HD,North Carolina,15
2025-05-22,Webcam HD,North Carolina,17
2025-05-23,Webcam HD,North Carolina,23
2025-05-24,Webcam HD,North Carolina,14
2025-05-25,Webcam HD,North Carolina,17
2025-05-26,Webcam HD,North Carolina,24
2025-05-27,Webcam HD,North Carolina,26
2025-05-28,Webcam HD,North Carolina,23
2025-05-29,Webcam HD,North Carolina,24
2025-05-30,Webcam HD,North Carolina,20
2025-05-31,Webcam HD,North Carolina,14
2025-06-01,Webcam HD,North Carolina,14
2025-06-02,Webcam HD,North Carolina,18
2025-06-03,Webcam HD,North Carolina,18
2025-06-04,Webcam HD,North Carolina,20
2025-06-05,Webcam HD,North Carolina,17
2025-06-06,Webcam HD,North Carolina,15
2025-06-07,Webcam HD,North Carolina,14
2025-06-08,Webcam HD,North Carolina,12
2025-06-09,Webcam HD,North Carolina,17
2025-06-10,Webcam HD,North Carolina,18
2025-06-11,Webcam HD,North Carolina,17
2025-06-12,Webcam HD,North Carolina,21
2025-06-13,Webcam HD,North Carolina,18
2025-06-14,Webcam HD,North Carolina,15
2025-06-15,Webcam HD,North Carolina,14
2025-06-16,Webcam HD,North Carolina,18
2025-06-17,Webcam HD,North Carolina,19
2025-06-18,Webcam HD,North Carolina,15
2025-06-19,Webcam HD,North Carolina,19
2025-06-20,Webcam HD,North Carolina,20
2025-06-21,Webcam HD,North Carolina,15
2025-06-22,Webcam HD,North Carolina,11
2025-06-23,Webcam HD,North Carolina,15
2025-06-24,Webcam HD,North Carolina,17
2025-06-25,Webcam HD,North Carolina,21
2025-06-26,Webcam HD,North Carolina,19
2025-06-27,Webcam HD,North Carolina,16
2025-06-28,Webcam HD,North Carolina,11
2025-06-29,Webcam HD,North Carolina,12
2025-06-30,Webcam HD,North Carolina,17
2025-07-01,Webcam HD,North Carolina,19
2025-07-02,Webcam HD,North Carolina,19
2025-07-03,Webcam HD,North Carolina,15
2025-07-04,Webcam HD,North Carolina,19
2025-07-05,Webcam HD,North Carolina,14
2025-07-06,Webcam HD,North Carolina,11
2025-07-07,Webcam HD,North Carolina,17
2025-07-08,Webcam HD,North Carolina,18
2025-07-09,Webcam HD,North Carolina,17
2025-07-10,Webcam HD,North Carolina,14
2025-07-11,Webcam HD,North Carolina,17
2025-07-12,Webcam HD,North Carolina,14
2025-07-13,Webcam HD,North Carolina,15
2025-07-14,Webcam HD,North Carolina,16
2025-07-15,Webcam HD,North Carolina,16
2025-07-16,Webcam HD,North Carolina,17
2025-07-17,Webcam HD,North Carolina,18
2025-07-18,Webcam HD,North Carolina,17
2025-07-19,Webcam HD,North Carolina,13
2025-07-20,Webcam HD,North Carolina,11
2025-07-21,Webcam HD,North Carolina,18
2025-07-22,Webcam HD,North Carolina,16
2025-07-23,Webcam HD,North Carolina,17
2025-07-24,Webcam HD,North Carolina,21
2025-07-25,Webcam HD,North Carolina,14
2025-07-26,Webcam HD,North Carolina,12
2025-07-27,Webcam HD,North Carolina,11
2025-07-28,Webcam HD,North Carolina,17
2025-07-29,Webcam HD,North Carolina,19
2025-07-30,Webcam HD,North Carolina,17
2025-07-31,Webcam HD,North Carolina,17
2025-08-01,Webcam HD,North Carolina,19
2025-08-02,Webcam HD,North Carolina,12
2025-08-03,Webcam HD,North Carolina,13
2025-08-04,Webcam HD,North Carolina,17
2025-08-05,Webcam HD,North Carolina,11
2025-08-06,Webcam HD,North Carolina,16
2025-08-07,Webcam HD,North Carolina,14
2025-08-08,Webcam HD,North Carolina,15
2025-08-09,Webcam HD,North Carolina,14
2025-08-10,Webcam HD,North Carolina,11
2025-08-11,Webcam HD,North Carolina,20
2025-08-12,Webcam HD,North Carolina,13
2025-08-13,Webcam HD,North Carolina,14
2025-08-14,Webcam HD,North Carolina,18
2025-08-15,Webcam HD,North Carolina,15
2025-08-16,Webcam HD,North Carolina,12
2025-08-17,Webcam HD,North Carolina,12
2025-08-18,Webcam HD,North Carolina,16
2025-08-19,Webcam HD,North Carolina,16
2025-08-20,Webcam HD,North Carolina,16
2025-08-21,Webcam HD,North Carolina,17
2025-08-22,Webcam HD,North Carolina,19
2025-08-23,Webcam HD,North Carolina,12
2025-08-24,Webcam HD,North Carolina,11
2025-08-25,Webcam HD,North Carolina,15
2025-08-26,Webcam HD,North Carolina,19
2025-08-27,Webcam HD,North Carolina,17
2025-08-28,Webcam HD,North Carolina,12
2025-08-29,Webcam HD,North Carolina,12
2025-08-30,Webcam HD,North Carolina,11
2025-08-31,Webcam HD,North Carolina,12
2025-09-01,Webcam HD,North Carolina,15
2025-09-02,Webcam HD,North Carolina,16
2025-09-03,Webcam HD,North Carolina,15
2025-09-04,Webcam HD,North Carolina,18
2025-09-05,Webcam HD,North Carolina,17
2025-09-06,Webcam HD,North Carolina,11
2025-09-07,Webcam HD,North Carolina,13
2025-09-08,Webcam HD,North Carolina,12
2025-09-09,Webcam HD,North Carolina,15
2025-09-10,Webcam HD,North Carolina,16
2025-09-11,Webcam HD,North Carolina,16
2025-09-12,Webcam HD,North Carolina,12
2025-09-13,Webcam HD,North Carolina,11
2025-09-14,Webcam HD,North Carolina,12
2025-09-15,Webcam HD,North Carolina,16
2025-09-16,Webcam HD,North Carolina,18
2025-09-17,Webcam HD,North Carolina,17
2025-09-18,Webcam HD,North Carolina,15
2025-09-19,Webcam HD,North Carolina,17
2025-09-20,Webcam HD,North Carolina,11
2025-09-21,Webcam HD,North Carolina,11
2025-09-22,Webcam HD,North Carolina,17
2025-09-23,Webcam HD,North Carolina,15
2025-09-24,Webcam HD,North Carolina,16
2025-09-25,Webcam HD,North Carolina,17
2025-09-26,Webcam HD,North Carolina,17
2025-09-27,Webcam HD,North Carolina,13
2025-09-28,Webcam HD,North Carolina,14
2025-09-29,Webcam HD,North Carolina,17
2025-09-30,Webcam HD,North Carolina,15
2025-10-01,Webcam HD,North Carolina,16
2025-10-02,Webcam HD,North Carolina,16
2025-10-03,Webcam HD,North Carolina,16
2025-10-04,Webcam HD,North Carolina,13
2025-10-05,Webcam HD,North Carolina,9
2025-10-06,Webcam HD,North Carolina,18
2025-10-07,Webcam HD,North Carolina,18
2025-10-08,Webcam HD,North Carolina,16
2025-10-09,Webcam HD,North Carolina,16
2025-10-10,Webcam HD,North Carolina,15
2025-10-11,Webcam HD,North Carolina,11
2025-10-12,Webcam HD,North Carolina,12
2025-10-13,Webcam HD,North Carolina,16
2025-10-14,Webcam HD,North Carolina,16
2025-10-15,Webcam HD,North Carolina,16
2025-10-16,Webcam HD,North Carolina,17
2025-10-17,Webcam HD,North Carolina,17
2025-10-18,Webcam HD,North Carolina,10
2025-10-19,Webcam HD,North Carolina,12
2025-10-20,Webcam HD,North Carolina,18
2025-10-21,Webcam HD,North Carolina,15
2025-10-22,Webcam HD,North Carolina,18
2025-10-23,Webcam HD,North Carolina,13
2025-10-24,Webcam HD,North Carolina,15
2025-10-25,Webcam HD,North Carolina,10
2025-10-26,Webcam HD,North Carolina,13
2025-10-27,Webcam HD,North Carolina,18
2025-10-28,Webcam HD,North Carolina,15
2025-10-29,Webcam HD,North Carolina,17
2025-10-30,Webcam HD,North Carolina,18
2025-10-31,Webcam HD,North Carolina,15
2025-11-01,Webcam HD,North Carolina,13
2025-11-02,Webcam HD,North Carolina,14
2025-11-03,Webcam HD,North Carolina,16
2025-11-04,Webcam HD,North Carolina,18
2025-11-05,Webcam HD,North Carolina,23
2025-11-06,Webcam HD,North Carolina,17
2025-11-07,Webcam HD,North Carolina,20
2025-11-08,Webcam HD,North Carolina,14
2025-11-09,Webcam HD,North Carolina,13
2025-11-10,Webcam HD,North Carolina,19
2025-11-11,Webcam HD,North Carolina,22
2025-11-12,Webcam HD,North Carolina,19
2025-11-13,Webcam HD,North Carolina,20
2025-11-14,Webcam HD,North Carolina,22
2025-11-15,Webcam HD,North Carolina,13
2025-11-16,Webcam HD,North Carolina,12
2025-11-17,Webcam HD,North Carolina,22
2025-11-18,Webcam HD,North Carolina,18
2025-11-19,Webcam HD,North Carolina,20
2025-11-20,Webcam HD,North Carolina,16
2025-11-21,Webcam HD,North Carolina,19
2025-11-22,Webcam HD,North Carolina,12
2025-11-23,Webcam HD,North Carolina,13
2025-11-24,Webcam HD,North Carolina,17
2025-11-25,Webcam HD,North Carolina,16
2025-11-26,Webcam HD,North Carolina,17
2025-11-27,Webcam HD,North Carolina,13
2025-11-28,Webcam HD,North Carolina,16
2025-11-29,Webcam HD,North Carolina,15
2025-11-30,Webcam HD,North Carolina,14
2025-12-01,Webcam HD,North Carolina,17
2025-12-02,Webcam HD,North Carolina,20
2025-12-03,Webcam HD,North Carolina,17
2025-12-04,Webcam HD,North Carolina,21
2025-12-05,Webcam HD,North Carolina,19
2025-12-06,Webcam HD,North Carolina,13
2025-12-07,Webcam HD,North Carolina,14
2025-12-08,Webcam HD,North Carolina,25
2025-12-09,Webcam HD,North Carolina,17
2025-12-10,Webcam HD,North Carolina,20
2025-12-11,Webcam HD,North Carolina,21
2025-12-12,Webcam HD,North Carolina,17
2025-12-13,Webcam HD,North Carolina,11
2025-12-14,Webcam HD,North Carolina,13
2025-12-15,Webcam HD,North Carolina,21
2025-12-16,Webcam HD,North Carolina,18
2025-12-17,Webcam HD,North Carolina,18
2025-12-18,Webcam HD,North Carolina,21
2025-12-19,Webcam HD,North Carolina,17
2025-12-20,Webcam HD,North Carolina,14
2025-12-21,Webcam HD,North Carolina,11
2025-12-22,Webcam HD,North Carolina,20
2025-12-23,Webcam HD,North Carolina,20
2025-12-24,Webcam HD,North Carolina,21
2025-12-25,Webcam HD,North Carolina,16
2025-12-26,Webcam HD,North Carolina,19
2025-12-27,Webcam HD,North Carolina,12
2025-12-28,Webcam HD,North Carolina,14
2025-12-29,Webcam HD,North Carolina,22
2025-12-30,Webcam HD,North Carolina,18
2025-12-31,Webcam HD,North Carolina,16
2026-01-01,Webcam HD,North Carolina,16
2026-01-02,Webcam HD,North Carolina,14
2026-01-03,Webcam HD,North Carolina,11
2026-01-04,Webcam HD,North Carolina,14
2026-01-05,Webcam HD,North Carolina,14
2026-01-06,Webcam HD,North Carolina,18
2026-01-07,Webcam HD,North Carolina,17
2026-01-08,Webcam HD,North Carolina,16
2026-01-09,Webcam HD,North Carolina,18
2026-01-10,Webcam HD,North Carolina,11
2026-01-11,Webcam HD,North Carolina,14
2026-01-12,Webcam HD,North Carolina,16
2026-01-13,Webcam HD,North Carolina,16
2026-01-14,Webcam HD,North Carolina,16
2026-01-15,Webcam HD,North Carolina,19
2026-01-16,Webcam HD,North Carolina,18
2026-01-17,Webcam HD,North Carolina,9
2026-01-18,Webcam HD,North Carolina,13
2026-01-19,Webcam HD,North Carolina,14
2026-01-20,Webcam HD,North Carolina,16
2026-01-21,Webcam HD,North Carolina,17
2026-01-22,Webcam HD,North Carolina,16
2026-01-23,Webcam HD,North Carolina,18
2026-01-24,Webcam HD,North Carolina,14
2026-01-25,Webcam HD,North Carolina,11
2026-01-26,Webcam HD,North Carolina,15
2026-01-27,Webcam HD,North Carolina,17
2026-01-28,Webcam HD,North Carolina,14
2026-01-29,Webcam HD,North Carolina,16
2026-01-30,Webcam HD,North Carolina,20
2026-01-31,Webcam HD,North Carolina,10
2026-02-01,Webcam HD,North Carolina,13
2026-02-02,Webcam HD,North Carolina,17
2026-02-03,Webcam HD,North Carolina,23
2026-02-04,Webcam HD,North Carolina,17
2026-02-05,Webcam HD,North Carolina,17
2026-02-06,Webcam HD,North Carolina,16
2026-02-07,Webcam HD,North Carolina,13
2026-02-08,Webcam HD,North Carolina,14
2026-02-09,Webcam HD,North Carolina,16
2026-02-10,Webcam HD,North Carolina,20
2026-02-11,Webcam HD,North Carolina,19
2026-02-12,Webcam HD,North Carolina,20
2026-02-13,Webcam HD,North Carolina,17
2026-02-14,Webcam HD,North Carolina,14
2026-02-15,Webcam HD,North Carolina,13
2026-02-16,Webcam HD,North Carolina,21
2026-02-17,Webcam HD,North Carolina,18
2026-02-18,Webcam HD,North Carolina,18
2026-02-19,Webcam HD,North Carolina,17
2026-02-20,Webcam HD,North Carolina,17
2026-02-21,Webcam HD,North Carolina,14
2026-02-22,Webcam HD,North Carolina,15
2026-02-23,Webcam HD,North Carolina,17
2026-02-24,Webcam HD,North Carolina,18
2026-02-25,Webcam HD,North Carolina,19
2026-02-26,Webcam HD,North Carolina,19
2026-02-27,Webcam HD,North Carolina,14
2026-02-28,Webcam HD,North Carolina,12
2026-03-01,Webcam HD,North Carolina,12
2026-03-02,Webcam HD,North Carolina,19
2026-03-03,Webcam HD,North Carolina,17
2026-03-04,Webcam HD,North Carolina,18
2026-03-05,Webcam HD,North Carolina,16
2026-03-06,Webcam HD,North Carolina,18
2026-03-07,Webcam HD,North Carolina,12
2026-03-08,Webcam HD,North Carolina,15
2026-03-09,Webcam HD,North Carolina,20
2026-03-10,Webcam HD,North Carolina,19
2026-03-11,Webcam HD,North Carolina,18
2026-03-12,Webcam HD,North Carolina,14
2026-03-13,Webcam HD,North Carolina,18
2026-03-14,Webcam HD,North Carolina,13
2026-03-15,Webcam HD,North Carolina,14
2026-03-16,Webcam HD,North Carolina,20
2026-03-17,Webcam HD,North Carolina,20
2026-03-18,Webcam HD,North Carolina,22
2026-03-19,Webcam HD,North Carolina,18
2026-03-20,Webcam HD,North Carolina,18
2026-03-21,Webcam HD,North Carolina,16
2026-03-22,Webcam HD,North Carolina,14
2026-03-23,Webcam HD,North Carolina,18
2026-03-24,Webcam HD,North Carolina,23
2026-03-25,Webcam HD,North Carolina,20
2026-03-26,Webcam HD,North Carolina,18
2026-03-27,Webcam HD,North Carolina,17
2026-03-28,Webcam HD,North Carolina,16
2026-03-29,Webcam HD,North Carolina,14
2026-03-30,Webcam HD,North Carolina,19
2026-03-31,Webcam HD,North Carolina,20
2026-04-01,Webcam HD,North Carolina,21
2026-04-02,Webcam HD,North Carolina,20
2026-04-03,Webcam HD,North Carolina,21
2026-04-04,Webcam HD,North Carolina,15
2026-04-05,Webcam HD,North Carolina,15
2026-04-06,Webcam HD,North Carolina,18
2026-04-07,Webcam HD,North Carolina,23
2026-04-08,Webcam HD,North Carolina,16
2026-04-09,Webcam HD,North Carolina,20
2026-04-10,Webcam HD,North Carolina,16
2026-04-11,Webcam HD,North Carolina,14
2026-04-12,Webcam HD,North Carolina,13
2026-04-13,Webcam HD,North Carolina,20
2026-04-14,Webcam HD,North Carolina,20
2026-04-15,Webcam HD,North Carolina,17
2026-04-16,Webcam HD,North Carolina,19
2026-04-17,Webcam HD,North Carolina,22
2026-04-18,Webcam HD,North Carolina,12
2026-04-19,Webcam HD,North Carolina,13
2026-04-20,Webcam HD,North Carolina,21
2026-04-21,Webcam HD,North Carolina,19
2026-04-22,Webcam HD,North Carolina,20
2026-04-23,Webcam HD,North Carolina,22
2026-04-24,Webcam HD,North Carolina,17
2026-04-25,Webcam HD,North Carolina,13
2026-04-26,Webcam HD,North Carolina,13
2026-04-27,Webcam HD,North Carolina,18
2026-04-28,Webcam HD,North Carolina,22
2026-04-29,Webcam HD,North Carolina,15
2026-04-30,Webcam HD,North Carolina,16
2026-05-01,Webcam HD,North Carolina,16
2026-05-02,Webcam HD,North Carolina,16
2026-05-03,Webcam HD,North Carolina,13
2026-05-04,Webcam HD,North Carolina,18
2026-05-05,Webcam HD,North Carolina,15
2026-05-06,Webcam HD,North Carolina,18
2026-05-07,Webcam HD,North Carolina,21
2026-05-08,Webcam HD,North Carolina,19
2026-05-09,Webcam HD,North Carolina,14
2026-05-10,Webcam HD,North Carolina,11
2026-05-11,Webcam HD,North Carolina,18
2026-05-12,Webcam HD,North Carolina,19
2026-05-13,Webcam HD,North Carolina,17
2026-05-14,Webcam HD,North Carolina,20
2026-05-15,Webcam HD,North Carolina,21
2026-05-16,Webcam HD,North Carolina,13
2026-05-17,Webcam HD,North Carolina,15
2026-05-18,Webcam HD,North Carolina,19
2026-05-19,Webcam HD,North Carolina,22
2026-05-20,Webcam HD,North Carolina,24
2026-05-21,Webcam HD,North Carolina,16
2026-05-22,Webcam HD,North Carolina,21
2026-05-23,Webcam HD,North Carolina,16
2026-05-24,Webcam HD,North Carolina,12
2026-05-25,Webcam HD,North Carolina,18
2026-05-26,Webcam HD,North Carolina,18
2026-05-27,Webcam HD,North Carolina,19
2026-05-28,Webcam HD,North Carolina,18
2026-05-29,Webcam HD,North Carolina,18
2026-05-30,Webcam HD,North Carolina,15
2026-05-31,Webcam HD,North Carolina,11
2026-06-01,Webcam HD,North Carolina,16
2026-06-02,Webcam HD,North Carolina,20
2026-06-03,Webcam HD,North Carolina,19
2026-06-04,Webcam HD,North Carolina,16
2026-06-05,Webcam HD,North Carolina,19
2026-06-06,Webcam HD,North Carolina,15
2026-06-07,Webcam HD,North Carolina,13
2026-06-08,Webcam HD,North Carolina,16
2026-06-09,Webcam HD,North Carolina,20
2026-06-10,Webcam HD,North Carolina,22
2026-06-11,Webcam HD,North Carolina,16
2026-06-12,Webcam HD,North Carolina,18
2026-06-13,Webcam HD,North Carolina,15
2026-06-14,Webcam HD,North Carolina,13
2026-06-15,Webcam HD,North Carolina,14
2026-06-16,Webcam HD,North Carolina,19
2026-06-17,Webcam HD,North Carolina,16
2026-06-18,Webcam HD,North Carolina,15
2026-06-19,Webcam HD,North Carolina,14
2026-06-20,Webcam HD,North Carolina,15
2026-06-21,Webcam HD,North Carolina,12
2026-06-22,Webcam HD,North Carolina,19
2026-06-23,Webcam HD,North Carolina,19
2026-06-24,Webcam HD,North Carolina,19
2026-06-25,Webcam HD,North Carolina,19
2026-06-26,Webcam HD,North Carolina,19
2026-06-27,Webcam HD,North Carolina,14
2026-06-28,Webcam HD,North Carolina,12
2026-06-29,Webcam HD,North Carolina,16
2026-06-30,Webcam HD,North Carolina,18
2026-07-01,Webcam HD,North Carolina,17
2026-07-02,Webcam HD,North Carolina,18
2026-07-03,Webcam HD,North Carolina,19
2026-07-04,Webcam HD,North Carolina,13
2026-07-05,Webcam HD,North Carolina,11
2026-07-06,Webcam HD,North Carolina,13
2026-07-07,Webcam HD,North Carolina,16
2026-07-08,Webcam HD,North Carolina,14
2026-07-09,Webcam HD,North Carolina,16
2026-07-10,Webcam HD,North Carolina,18
2026-07-11,Webcam HD,North Carolina,13
2026-07-12,Webcam HD,North Carolina,15
2026-07-13,Webcam HD,North Carolina,18
2026-07-14,Webcam HD,North Carolina,21
2026-07-15,Webcam HD,North Carolina,19
2026-07-16,Webcam HD,North Carolina,19
2026-07-17,Webcam HD,North Carolina,16
2026-07-18,Webcam HD,North Carolina,11
2026-07-19,Webcam HD,North Carolina,12
2026-07-20,Webcam HD,North Carolina,17
2026-07-21,Webcam HD,North Carolina,16
2026-07-22,Webcam HD,North Carolina,15
2026-07-23,Webcam HD,North Carolina,18
2026-07-24,Webcam HD,North Carolina,15
2026-07-25,Webcam HD,North Carolina,10
2026-07-26,Webcam HD,North Carolina,11
2026-07-27,Webcam HD,North Carolina,17
2026-07-28,Webcam HD,North Carolina,15
2026-07-29,Webcam HD,North Carolina,17
2026-07-30,Webcam HD,North Carolina,18
2026-07-31,Webcam HD,North Carolina,18
2026-08-01,Webcam HD,North Carolina,11
2026-08-02,Webcam HD,North Carolina,10
2026-08-03,Webcam HD,North Carolina,15
2026-08-04,Webcam HD,North Carolina,17
2026-08-05,Webcam HD,North Carolina,18
2026-08-06,Webcam HD,North Carolina,17
2026-08-07,Webcam HD,North Carolina,18
2026-08-08,Webcam HD,North Carolina,14
2026-08-09,Webcam HD,North Carolina,11
2026-08-10,Webcam HD,North Carolina,19
2026-08-11,Webcam HD,North Carolina,16
2026-08-12,Webcam HD,North Carolina,18
2026-08-13,Webcam HD,North Carolina,17
2026-08-14,Webcam HD,North Carolina,12
2026-08-15,Webcam HD,North Carolina,10
2026-08-16,Webcam HD,North Carolina,10
2026-08-17,Webcam HD,North Carolina,13
2026-08-18,Webcam HD,North Carolina,18
2026-08-19,Webcam HD,North Carolina,20
2026-08-20,Webcam HD,North Carolina,16
2026-08-21,Webcam HD,North Carolina,18
2026-08-22,Webcam HD,North Carolina,14
2026-08-23,Webcam HD,North Carolina,12
2026-08-24,Webcam HD,North Carolina,16
2026-08-25,Webcam HD,North Carolina,16
2026-08-26,Webcam HD,North Carolina,17
2026-08-27,Webcam HD,North Carolina,18
2026-08-28,Webcam HD,North Carolina,17
2026-08-29,Webcam HD,North Carolina,12
2026-08-30,Webcam HD,North Carolina,12
2026-08-31,Webcam HD,North Carolina,13
2026-09-01,Webcam HD,North Carolina,17
2026-09-02,Webcam HD,North Carolina,13
2026-09-03,Webcam HD,North Carolina,16
2026-09-04,Webcam HD,North Carolina,17
2026-09-05,Webcam HD,North Carolina,10
2026-09-06,Webcam HD,North Carolina,10
2026-09-07,Webcam HD,North Carolina,19
2026-09-08,Webcam HD,North Carolina,15
2026-09-09,Webcam HD,North Carolina,13
2026-09-10,Webcam HD,North Carolina,17
2026-09-11,Webcam HD,North Carolina,14
2026-09-12,Webcam HD,North Carolina,9
2026-09-13,Webcam HD,North Carolina,12
2026-09-14,Webcam HD,North Carolina,14
2026-09-15,Webcam HD,North Carolina,16
2026-09-16,Webcam HD,North Carolina,14
2026-09-17,Webcam HD,North Carolina,17
2026-09-18,Webcam HD,North Carolina,16
2026-09-19,Webcam HD,North Carolina,8
2026-09-20,Webcam HD,North Carolina,12
2026-09-21,Webcam HD,North Carolina,15
2026-09-22,Webcam HD,North Carolina,18
2026-09-23,Webcam HD,North Carolina,16
2026-09-24,Webcam HD,North Carolina,17
2026-09-25,Webcam HD,North Carolina,14
2026-09-26,Webcam HD,North Carolina,10
2026-09-27,Webcam HD,North Carolina,11
2026-09-28,Webcam HD,North Carolina,15
2025-01-01,Webcam HD,Virginia,18
2025-01-02,Webcam HD,Virginia,15
2025-01-03,Webcam HD,Virginia,13
2025-01-04,Webcam HD,Virginia,10
2025-01-05,Webcam HD,Virginia,12
2025-01-06,Webcam HD,Virginia,15
2025-01-07,Webcam HD,Virginia,15
2025-01-08,Webcam HD,Virginia,17
2025-01-09,Webcam HD,Virginia,13
2025-01-10,Webcam HD,Virginia,11
2025-01-11,Webcam HD,Virginia,10
2025-01-12,Webcam HD,Virginia,11
2025-01-13,Webcam HD,Virginia,15
2025-01-14,Webcam HD,Virginia,12
2025-01-15,Webcam HD,Virginia,17
2025-01-16,Webcam HD,Virginia,15
2025-01-17,Webcam HD,Virginia,16
2025-01-18,Webcam HD,Virginia,12
2025-01-19,Webcam HD,Virginia,9
2025-01-20,Webcam HD,Virginia,16
2025-01-21,Webcam HD,Virginia,17
2025-01-22,Webcam HD,Virginia,17
2025-01-23,Webcam HD,Virginia,16
2025-01-24,Webcam HD,Virginia,16
2025-01-25,Webcam HD,Virginia,9
2025-01-26,Webcam HD,Virginia,11
2025-01-27,Webcam HD,Virginia,13
2025-01-28,Webcam HD,Virginia,17
2025-01-29,Webcam HD,Virginia,17
2025-01-30,Webcam HD,Virginia,13
2025-01-31,Webcam HD,Virginia,15
2025-02-01,Webcam HD,Virginia,12
2025-02-02,Webcam HD,Virginia,13
2025-02-03,Webcam HD,Virginia,13
2025-02-04,Webcam HD,Virginia,12
2025-02-05,Webcam HD,Virginia,16
2025-02-06,Webcam HD,Virginia,11
2025-02-07,Webcam HD,Virginia,16
2025-02-08,Webcam HD,Virginia,13
2025-02-09,Webcam HD,Virginia,13
2025-02-10,Webcam HD,Virginia,15
2025-02-11,Webcam HD,Virginia,16
2025-02-12,Webcam HD,Virginia,17
2025-02-13,Webcam HD,Virginia,14
2025-02-14,Webcam HD,Virginia,18
2025-02-15,Webcam HD,Virginia,12
2025-02-16,Webcam HD,Virginia,11
2025-02-17,Webcam HD,Virginia,16
2025-02-18,Webcam HD,Virginia,16
2025-02-19,Webcam HD,Virginia,18
2025-02-20,Webcam HD,Virginia,15
2025-02-21,Webcam HD,Virginia,16
2025-02-22,Webcam HD,Virginia,11
2025-02-23,Webcam HD,Virginia,10
2025-02-24,Webcam HD,Virginia,16
2025-02-25,Webcam HD,Virginia,14
2025-02-26,Webcam HD,Virginia,18
2025-02-27,Webcam HD,Virginia,17
2025-02-28,Webcam HD,Virginia,15
2025-03-01,Webcam HD,Virginia,13
2025-03-02,Webcam HD,Virginia,11
2025-03-03,Webcam HD,Virginia,13
2025-03-04,Webcam HD,Virginia,15
2025-03-05,Webcam HD,Virginia,17
2025-03-06,Webcam HD,Virginia,18
2025-03-07,Webcam HD,Virginia,17
2025-03-08,Webcam HD,Virginia,14
2025-03-09,Webcam HD,Virginia,11
2025-03-10,Webcam HD,Virginia,16
2025-03-11,Webcam HD,Virginia,20
2025-03-12,Webcam HD,Virginia,13
2025-03-13,Webcam HD,Virginia,16
2025-03-14,Webcam HD,Virginia,15
2025-03-15,Webcam HD,Virginia,12
2025-03-16,Webcam HD,Virginia,12
2025-03-17,Webcam HD,Virginia,18
2025-03-18,Webcam HD,Virginia,17
2025-03-19,Webcam HD,Virginia,14
2025-03-20,Webcam HD,Virginia,16
2025-03-21,Webcam HD,Virginia,17
2025-03-22,Webcam HD,Virginia,13
2025-03-23,Webcam HD,Virginia,16
2025-03-24,Webcam HD,Virginia,18
2025-03-25,Webcam HD,Virginia,15
2025-03-26,Webcam HD,Virginia,17
2025-03-27,Webcam HD,Virginia,17
2025-03-28,Webcam HD,Virginia,16
2025-03-29,Webcam HD,Virginia,13
2025-03-30,Webcam HD,Virginia,9
2025-03-31,Webcam HD,Virginia,18
2025-04-01,Webcam HD,Virginia,16
2025-04-02,Webcam HD,Virginia,17
2025-04-03,Webcam HD,Virginia,20
2025-04-04,Webcam HD,Virginia,14
2025-04-05,Webcam HD,Virginia,13
2025-04-06,Webcam HD,Virginia,14
2025-04-07,Webcam HD,Virginia,17
2025-04-08,Webcam HD,Virginia,14
2025-04-09,Webcam HD,Virginia,20
2025-04-10,Webcam HD,Virginia,17
2025-04-11,Webcam HD,Virginia,16
2025-04-12,Webcam HD,Virginia,12
2025-04-13,Webcam HD,Virginia,12
2025-04-14,Webcam HD,Virginia,15
2025-04-15,Webcam HD,Virginia,17
2025-04-16,Webcam HD,Virginia,16
2025-04-17,Webcam HD,Virginia,18
2025-04-18,Webcam HD,Virginia,18
2025-04-19,Webcam HD,Virginia,15
2025-04-20,Webcam HD,Virginia,12
2025-04-21,Webcam HD,Virginia,15
2025-04-22,Webcam HD,Virginia,14
2025-04-23,Webcam HD,Virginia,21
2025-04-24,Webcam HD,Virginia,18
2025-04-25,Webcam HD,Virginia,16
2025-04-26,Webcam HD,Virginia,15
2025-04-27,Webcam HD,Virginia,14
2025-04-28,Webcam HD,Virginia,14
2025-04-29,Webcam HD,Virginia,15
2025-04-30,Webcam HD,Virginia,17
2025-05-01,Webcam HD,Virginia,15
2025-05-02,Webcam HD,Virginia,16
2025-05-03,Webcam HD,Virginia,13
2025-05-04,Webcam HD,Virginia,10
2025-05-05,Webcam HD,Virginia,17
2025-05-06,Webcam HD,Virginia,19
2025-05-07,Webcam HD,Virginia,17
2025-05-08,Webcam HD,Virginia,17
2025-05-09,Webcam HD,Virginia,15
2025-05-10,Webcam HD,Virginia,13
2025-05-11,Webcam HD,Virginia,10
2025-05-12,Webcam HD,Virginia,17
2025-05-13,Webcam HD,Virginia,17
2025-05-14,Webcam HD,Virginia,19
2025-05-15,Webcam HD,Virginia,16
2025-05-16,Webcam HD,Virginia,16
2025-05-17,Webcam HD,Virginia,10
2025-05-18,Webcam HD,Virginia,13
2025-05-19,Webcam HD,Virginia,16
2025-05-20,Webcam HD,Virginia,15
2025-05-21,Webcam HD,Virginia,15
2025-05-22,Webcam HD,Virginia,18
2025-05-23,Webcam HD,Virginia,14
2025-05-24,Webcam HD,Virginia,11
2025-05-25,Webcam HD,Virginia,14
2025-05-26,Webcam HD,Virginia,16
2025-05-27,Webcam HD,Virginia,19
2025-05-28,Webcam HD,Virginia,16
2025-05-29,Webcam HD,Virginia,17
2025-05-30,Webcam HD,Virginia,17
2025-05-31,Webcam HD,Virginia,14
2025-06-01,Webcam HD,Virginia,14
2025-06-02,Webcam HD,Virginia,18
2025-06-03,Webcam HD,Virginia,15
2025-06-04,Webcam HD,Virginia,14
2025-06-05,Webcam HD,Virginia,17
2025-06-06,Webcam HD,Virginia,19
2025-06-07,Webcam HD,Virginia,13
2025-06-08,Webcam HD,Virginia,12
2025-06-09,Webcam HD,Virginia,17
2025-06-10,Webcam HD,Virginia,17
2025-06-11,Webcam HD,Virginia,16
2025-06-12,Webcam HD,Virginia,16
2025-06-13,Webcam HD,Virginia,16
2025-06-14,Webcam HD,Virginia,11
2025-06-15,Webcam HD,Virginia,11
2025-06-16,Webcam HD,Virginia,15
2025-06-17,Webcam HD,Virginia,13
2025-06-18,Webcam HD,Virginia,16
2025-06-19,Webcam HD,Virginia,16
2025-06-20,Webcam HD,Virginia,17
2025-06-21,Webcam HD,Virginia,14
2025-06-22,Webcam HD,Virginia,14
2025-06-23,Webcam HD,Virginia,19
2025-06-24,Webcam HD,Virginia,15
2025-06-25,Webcam HD,Virginia,13
2025-06-26,Webcam HD,Virginia,18
2025-06-27,Webcam HD,Virginia,19
2025-06-28,Webcam HD,Virginia,14
2025-06-29,Webcam HD,Virginia,12
2025-06-30,Webcam HD,Virginia,12
2025-07-01,Webcam HD,Virginia,16
2025-07-02,Webcam HD,Virginia,16
2025-07-03,Webcam HD,Virginia,17
2025-07-04,Webcam HD,Virginia,18
2025-07-05,Webcam HD,Virginia,12
2025-07-06,Webcam HD,Virginia,10
2025-07-07,Webcam HD,Virginia,13
2025-07-08,Webcam HD,Virginia,16
2025-07-09,Webcam HD,Virginia,14
2025-07-10,Webcam HD,Virginia,18
2025-07-11,Webcam HD,Virginia,12
2025-07-12,Webcam HD,Virginia,12
2025-07-13,Webcam HD,Virginia,11
2025-07-14,Webcam HD,Virginia,15
2025-07-15,Webcam HD,Virginia,13
2025-07-16,Webcam HD,Virginia,11
2025-07-17,Webcam HD,Virginia,14
2025-07-18,Webcam HD,Virginia,14
2025-07-19,Webcam HD,Virginia,13
2025-07-20,Webcam HD,Virginia,10
2025-07-21,Webcam HD,Virginia,16
2025-07-22,Webcam HD,Virginia,13
2025-07-23,Webcam HD,Virginia,16
2025-07-24,Webcam HD,Virginia,11
2025-07-25,Webcam HD,Virginia,19
2025-07-26,Webcam HD,Virginia,11
2025-07-27,Webcam HD,Virginia,7
2025-07-28,Webcam HD,Virginia,14
2025-07-29,Webcam HD,Virginia,14
2025-07-30,Webcam HD,Virginia,14
2025-07-31,Webcam HD,Virginia,14
2025-08-01,Webcam HD,Virginia,13
2025-08-02,Webcam HD,Virginia,9
2025-08-03,Webcam HD,Virginia,9
2025-08-04,Webcam HD,Virginia,16
2025-08-05,Webcam HD,Virginia,16
2025-08-06,Webcam HD,Virginia,14
2025-08-07,Webcam HD,Virginia,14
2025-08-08,Webcam HD,Virginia,12
2025-08-09,Webcam HD,Virginia,10
2025-08-10,Webcam HD,Virginia,11
2025-08-11,Webcam HD,Virginia,14
2025-08-12,Webcam HD,Virginia,15
2025-08-13,Webcam HD,Virginia,15
2025-08-14,Webcam HD,Virginia,12
2025-08-15,Webcam HD,Virginia,16
2025-08-16,Webcam HD,Virginia,10
2025-08-17,Webcam HD,Virginia,12
2025-08-18,Webcam HD,Virginia,15
2025-08-19,Webcam HD,Virginia,18
2025-08-20,Webcam HD,Virginia,16
2025-08-21,Webcam HD,Virginia,15
2025-08-22,Webcam HD,Virginia,13
2025-08-23,Webcam HD,Virginia,10
2025-08-24,Webcam HD,Virginia,11
2025-08-25,Webcam HD,Virginia,14
2025-08-26,Webcam HD,Virginia,13
2025-08-27,Webcam HD,Virginia,16
2025-08-28,Webcam HD,Virginia,14
2025-08-29,Webcam HD,Virginia,16
2025-08-30,Webcam HD,Virginia,9
2025-08-31,Webcam HD,Virginia,12
2025-09-01,Webcam HD,Virginia,14
2025-09-02,Webcam HD,Virginia,15
2025-09-03,Webcam HD,Virginia,15
2025-09-04,Webcam HD,Virginia,13
2025-09-05,Webcam HD,Virginia,13
2025-09-06,Webcam HD,Virginia,12
2025-09-07,Webcam HD,Virginia,10
2025-09-08,Webcam HD,Virginia,15
2025-09-09,Webcam HD,Virginia,13
2025-09-10,Webcam HD,Virginia,11
2025-09-11,Webcam HD,Virginia,12
2025-09-12,Webcam HD,Virginia,14
2025-09-13,Webcam HD,Virginia,11
2025-09-14,Webcam HD,Virginia,10
2025-09-15,Webcam HD,Virginia,15
2025-09-16,Webcam HD,Virginia,14
2025-09-17,Webcam HD,Virginia,12
2025-09-18,Webcam HD,Virginia,15
2025-09-19,Webcam HD,Virginia,14
2025-09-20,Webcam HD,Virginia,9
2025-09-21,Webcam HD,Virginia,10
2025-09-22,Webcam HD,Virginia,14
2025-09-23,Webcam HD,Virginia,13
2025-09-24,Webcam HD,Virginia,13
2025-09-25,Webcam HD,Virginia,16
2025-09-26,Webcam HD,Virginia,16
2025-09-27,Webcam HD,Virginia,10
2025-09-28,Webcam HD,Virginia,10
2025-09-29,Webcam HD,Virginia,11
2025-09-30,Webcam HD,Virginia,16
2025-10-01,Webcam HD,Virginia,15
2025-10-02,Webcam HD,Virginia,15
2025-10-03,Webcam HD,Virginia,10
2025-10-04,Webcam HD,Virginia,10
2025-10-05,Webcam HD,Virginia,10
2025-10-06,Webcam HD,Virginia,14
2025-10-07,Webcam HD,Virginia,13
2025-10-08,Webcam HD,Virginia,13
2025-10-09,Webcam HD,Virginia,14
2025-10-10,Webcam HD,Virginia,12
2025-10-11,Webcam HD,Virginia,9
2025-10-12,Webcam HD,Virginia,10
2025-10-13,Webcam HD,Virginia,15
2025-10-14,Webcam HD,Virginia,15
2025-10-15,Webcam HD,Virginia,15
2025-10-16,Webcam HD,Virginia,13
2025-10-17,Webcam HD,Virginia,16
2025-10-18,Webcam HD,Virginia,8
2025-10-19,Webcam HD,Virginia,12
2025-10-20,Webcam HD,Virginia,17
2025-10-21,Webcam HD,Virginia,14
2025-10-22,Webcam HD,Virginia,15
2025-10-23,Webcam HD,Virginia,13
2025-10-24,Webcam HD,Virginia,13
2025-10-25,Webcam HD,Virginia,9
2025-10-26,Webcam HD,Virginia,10
2025-10-27,Webcam HD,Virginia,14
2025-10-28,Webcam HD,Virginia,14
2025-10-29,Webcam HD,Virginia,16
2025-10-30,Webcam HD,Virginia,13
2025-10-31,Webcam HD,Virginia,11
2025-11-01,Webcam HD,Virginia,14
2025-11-02,Webcam HD,Virginia,10
2025-11-03,Webcam HD,Virginia,15
2025-11-04,Webcam HD,Virginia,17
2025-11-05,Webcam HD,Virginia,17
2025-11-06,Webcam HD,Virginia,13
2025-11-07,Webcam HD,Virginia,15
2025-11-08,Webcam HD,Virginia,10
2025-11-09,Webcam HD,Virginia,13
2025-11-10,Webcam HD,Virginia,18
2025-11-11,Webcam HD,Virginia,14
2025-11-12,Webcam HD,Virginia,18
2025-11-13,Webcam HD,Virginia,18
2025-11-14,Webcam HD,Virginia,15
2025-11-15,Webcam HD,Virginia,9
2025-11-16,Webcam HD,Virginia,10
2025-11-17,Webcam HD,Virginia,15
2025-11-18,Webcam HD,Virginia,19
2025-11-19,Webcam HD,Virginia,16
2025-11-20,Webcam HD,Virginia,14
2025-11-21,Webcam HD,Virginia,16
2025-11-22,Webcam HD,Virginia,10
2025-11-23,Webcam HD,Virginia,12
2025-11-24,Webcam HD,Virginia,14
2025-11-25,Webcam HD,Virginia,14
2025-11-26,Webcam HD,Virginia,17
2025-11-27,Webcam HD,Virginia,19
2025-11-28,Webcam HD,Virginia,20
2025-11-29,Webcam HD,Virginia,10
2025-11-30,Webcam HD,Virginia,11
2025-12-01,Webcam HD,Virginia,18
2025-12-02,Webcam HD,Virginia,19
2025-12-03,Webcam HD,Virginia,12
2025-12-04,Webcam HD,Virginia,17
2025-12-05,Webcam HD,Virginia,16
2025-12-06,Webcam HD,Virginia,9
2025-12-07,Webcam HD,Virginia,10
2025-12-08,Webcam HD,Virginia,16
2025-12-09,Webcam HD,Virginia,17
2025-12-10,Webcam HD,Virginia,19
2025-12-11,Webcam HD,Virginia,17
2025-12-12,Webcam HD,Virginia,19
2025-12-13,Webcam HD,Virginia,12
2025-12-14,Webcam HD,Virginia,11
2025-12-15,Webcam HD,Virginia,16
2025-12-16,Webcam HD,Virginia,18
2025-12-17,Webcam HD,Virginia,19
2025-12-18,Webcam HD,Virginia,16
2025-12-19,Webcam HD,Virginia,15
2025-12-20,Webcam HD,Virginia,13
2025-12-21,Webcam HD,Virginia,13
2025-12-22,Webcam HD,Virginia,19
2025-12-23,Webcam HD,Virginia,15
2025-12-24,Webcam HD,Virginia,15
2025-12-25,Webcam HD,Virginia,18
2025-12-26,Webcam HD,Virginia,16
2025-12-27,Webcam HD,Virginia,12
2025-12-28,Webcam HD,Virginia,14
2025-12-29,Webcam HD,Virginia,14
2025-12-30,Webcam HD,Virginia,21
2025-12-31,Webcam HD,Virginia,16
2026-01-01,Webcam HD,Virginia,17
2026-01-02,Webcam HD,Virginia,15
2026-01-03,Webcam HD,Virginia,11
2026-01-04,Webcam HD,Virginia,11
2026-01-05,Webcam HD,Virginia,17
2026-01-06,Webcam HD,Virginia,14
2026-01-07,Webcam HD,Virginia,14
2026-01-08,Webcam HD,Virginia,18
2026-01-09,Webcam HD,Virginia,15
2026-01-10,Webcam HD,Virginia,10
2026-01-11,Webcam HD,Virginia,9
2026-01-12,Webcam HD,Virginia,19
2026-01-13,Webcam HD,Virginia,14
2026-01-14,Webcam HD,Virginia,19
2026-01-15,Webcam HD,Virginia,16
2026-01-16,Webcam HD,Virginia,15
2026-01-17,Webcam HD,Virginia,11
2026-01-18,Webcam HD,Virginia,14
2026-01-19,Webcam HD,Virginia,11
2026-01-20,Webcam HD,Virginia,16
2026-01-21,Webcam HD,Virginia,15
2026-01-22,Webcam HD,Virginia,15
2026-01-23,Webcam HD,Virginia,15
2026-01-24,Webcam HD,Virginia,11
2026-01-25,Webcam HD,Virginia,11
2026-01-26,Webcam HD,Virginia,15
2026-01-27,Webcam HD,Virginia,13
2026-01-28,Webcam HD,Virginia,16
2026-01-29,Webcam HD,Virginia,16
2026-01-30,Webcam HD,Virginia,14
2026-01-31,Webcam HD,Virginia,14
2026-02-01,Webcam HD,Virginia,14
2026-02-02,Webcam HD,Virginia,18
2026-02-03,Webcam HD,Virginia,18
2026-02-04,Webcam HD,Virginia,16
2026-02-05,Webcam HD,Virginia,18
2026-02-06,Webcam HD,Virginia,19
2026-02-07,Webcam HD,Virginia,13
2026-02-08,Webcam HD,Virginia,11
2026-02-09,Webcam HD,Virginia,16
2026-02-10,Webcam HD,Virginia,17
2026-02-11,Webcam HD,Virginia,18
2026-02-12,Webcam HD,Virginia,16
2026-02-13,Webcam HD,Virginia,15
2026-02-14,Webcam HD,Virginia,14
2026-02-15,Webcam HD,Virginia,10
2026-02-16,Webcam HD,Virginia,14
2026-02-17,Webcam HD,Virginia,13
2026-02-18,Webcam HD,Virginia,14
2026-02-19,Webcam HD,Virginia,18
2026-02-20,Webcam HD,Virginia,18
2026-02-21,Webcam HD,Virginia,12
2026-02-22,Webcam HD,Virginia,12
2026-02-23,Webcam HD,Virginia,16
2026-02-24,Webcam HD,Virginia,14
2026-02-25,Webcam HD,Virginia,20
2026-02-26,Webcam HD,Virginia,19
2026-02-27,Webcam HD,Virginia,17
2026-02-28,Webcam HD,Virginia,11
2026-03-01,Webcam HD,Virginia,12
2026-03-02,Webcam HD,Virginia,15
2026-03-03,Webcam HD,Virginia,17
2026-03-04,Webcam HD,Virginia,17
2026-03-05,Webcam HD,Virginia,16
2026-03-06,Webcam HD,Virginia,14
2026-03-07,Webcam HD,Virginia,15
2026-03-08,Webcam HD,Virginia,13
2026-03-09,Webcam HD,Virginia,18
2026-03-10,Webcam HD,Virginia,16
2026-03-11,Webcam HD,Virginia,14
2026-03-12,Webcam HD,Virginia,17
2026-03-13,Webcam HD,Virginia,16
2026-03-14,Webcam HD,Virginia,13
2026-03-15,Webcam HD,Virginia,14
2026-03-16,Webcam HD,Virginia,18
2026-03-17,Webcam HD,Virginia,19
2026-03-18,Webcam HD,Virginia,20
2026-03-19,Webcam HD,Virginia,17
2026-03-20,Webcam HD,Virginia,19
2026-03-21,Webcam HD,Virginia,13
2026-03-22,Webcam HD,Virginia,9
2026-03-23,Webcam HD,Virginia,16
2026-03-24,Webcam HD,Virginia,15
2026-03-25,Webcam HD,Virginia,17
2026-03-26,Webcam HD,Virginia,15
2026-03-27,Webcam HD,Virginia,18
2026-03-28,Webcam HD,Virginia,14
2026-03-29,Webcam HD,Virginia,14
2026-03-30,Webcam HD,Virginia,20
2026-03-31,Webcam HD,Virginia,13
2026-04-01,Webcam HD,Virginia,14
2026-04-02,Webcam HD,Virginia,23
2026-04-03,Webcam HD,Virginia,19
2026-04-04,Webcam HD,Virginia,13
2026-04-05,Webcam HD,Virginia,12
2026-04-06,Webcam HD,Virginia,17
2026-04-07,Webcam HD,Virginia,13
2026-04-08,Webcam HD,Virginia,15
2026-04-09,Webcam HD,Virginia,17
2026-04-10,Webcam HD,Virginia,15
2026-04-11,Webcam HD,Virginia,12
2026-04-12,Webcam HD,Virginia,16
2026-04-13,Webcam HD,Virginia,16
2026-04-14,Webcam HD,Virginia,17
2026-04-15,Webcam HD,Virginia,17
2026-04-16,Webcam HD,Virginia,18
2026-04-17,Webcam HD,Virginia,16
2026-04-18,Webcam HD,Virginia,14
2026-04-19,Webcam HD,Virginia,13
2026-04-20,Webcam HD,Virginia,14
2026-04-21,Webcam HD,Virginia,17
2026-04-22,Webcam HD,Virginia,17
2026-04-23,Webcam HD,Virginia,16
2026-04-24,Webcam HD,Virginia,18
2026-04-25,Webcam HD,Virginia,13
2026-04-26,Webcam HD,Virginia,13
2026-04-27,Webcam HD,Virginia,18
2026-04-28,Webcam HD,Virginia,17
2026-04-29,Webcam HD,Virginia,13
2026-04-30,Webcam HD,Virginia,19
2026-05-01,Webcam HD,Virginia,18
2026-05-02,Webcam HD,Virginia,11
2026-05-03,Webcam HD,Virginia,13
2026-05-04,Webcam HD,Virginia,18
2026-05-05,Webcam HD,Virginia,19
2026-05-06,Webcam HD,Virginia,18
2026-05-07,Webcam HD,Virginia,17
2026-05-08,Webcam HD,Virginia,19
2026-05-09,Webcam HD,Virginia,12
2026-05-10,Webcam HD,Virginia,13
2026-05-11,Webcam HD,Virginia,15
2026-05-12,Webcam HD,Virginia,19
2026-05-13,Webcam HD,Virginia,13
2026-05-14,Webcam HD,Virginia,18
2026-05-15,Webcam HD,Virginia,17
2026-05-16,Webcam HD,Virginia,14
2026-05-17,Webcam HD,Virginia,11
2026-05-18,Webcam HD,Virginia,17
2026-05-19,Webcam HD,Virginia,17
2026-05-20,Webcam HD,Virginia,18
2026-05-21,Webcam HD,Virginia,15
2026-05-22,Webcam HD,Virginia,18
2026-05-23,Webcam HD,Virginia,10
2026-05-24,Webcam HD,Virginia,11
2026-05-25,Webcam HD,Virginia,14
2026-05-26,Webcam HD,Virginia,18
2026-05-27,Webcam HD,Virginia,17
2026-05-28,Webcam HD,Virginia,18
2026-05-29,Webcam HD,Virginia,20
2026-05-30,Webcam HD,Virginia,12
2026-05-31,Webcam HD,Virginia,13
2026-06-01,Webcam HD,Virginia,16
2026-06-02,Webcam HD,Virginia,16
2026-06-03,Webcam HD,Virginia,19
2026-06-04,Webcam HD,Virginia,20
2026-06-05,Webcam HD,Virginia,15
2026-06-06,Webcam HD,Virginia,13
2026-06-07,Webcam HD,Virginia,12
2026-06-08,Webcam HD,Virginia,17
2026-06-09,Webcam HD,Virginia,17
2026-06-10,Webcam HD,Virginia,15
2026-06-11,Webcam HD,Virginia,9
2026-06-12,Webcam HD,Virginia,19
2026-06-13,Webcam HD,Virginia,11
2026-06-14,Webcam HD,Virginia,11
2026-06-15,Webcam HD,Virginia,16
2026-06-16,Webcam HD,Virginia,15
2026-06-17,Webcam HD,Virginia,16
2026-06-18,Webcam HD,Virginia,16
2026-06-19,Webcam HD,Virginia,15
2026-06-20,Webcam HD,Virginia,12
2026-06-21,Webcam HD,Virginia,12
2026-06-22,Webcam HD,Virginia,18
2026-06-23,Webcam HD,Virginia,13
2026-06-24,Webcam HD,Virginia,14
2026-06-25,Webcam HD,Virginia,17
2026-06-26,Webcam HD,Virginia,15
2026-06-27,Webcam HD,Virginia,10
2026-06-28,Webcam HD,Virginia,11
2026-06-29,Webcam HD,Virginia,16
2026-06-30,Webcam HD,Virginia,16
2026-07-01,Webcam HD,Virginia,15
2026-07-02,Webcam HD,Virginia,13
2026-07-03,Webcam HD,Virginia,17
2026-07-04,Webcam HD,Virginia,13
2026-07-05,Webcam HD,Virginia,9
2026-07-06,Webcam HD,Virginia,12
2026-07-07,Webcam HD,Virginia,17
2026-07-08,Webcam HD,Virginia,18
2026-07-09,Webcam HD,Virginia,11
2026-07-10,Webcam HD,Virginia,17
2026-07-11,Webcam HD,Virginia,13
2026-07-12,Webcam HD,Virginia,10
2026-07-13,Webcam HD,Virginia,18
2026-07-14,Webcam HD,Virginia,15
2026-07-15,Webcam HD,Virginia,16
2026-07-16,Webcam HD,Virginia,14
2026-07-17,Webcam HD,Virginia,17
2026-07-18,Webcam HD,Virginia,12
2026-07-19,Webcam HD,Virginia,13
2026-07-20,Webcam HD,Virginia,18
2026-07-21,Webcam HD,Virginia,15
2026-07-22,Webcam HD,Virginia,21
2026-07-23,Webcam HD,Virginia,18
2026-07-24,Webcam HD,Virginia,16
2026-07-25,Webcam HD,Virginia,10
2026-07-26,Webcam HD,Virginia,9
2026-07-27,Webcam HD,Virginia,12
2026-07-28,Webcam HD,Virginia,13
2026-07-29,Webcam HD,Virginia,18
2026-07-30,Webcam HD,Virginia,16
2026-07-31,Webcam HD,Virginia,14
2026-08-01,Webcam HD,Virginia,10
2026-08-02,Webcam HD,Virginia,10
2026-08-03,Webcam HD,Virginia,16
2026-08-04,Webcam HD,Virginia,13
2026-08-05,Webcam HD,Virginia,15
2026-08-06,Webcam HD,Virginia,15
2026-08-07,Webcam HD,Virginia,13
2026-08-08,Webcam HD,Virginia,12
2026-08-09,Webcam HD,Virginia,10
2026-08-10,Webcam HD,Virginia,13
2026-08-11,Webcam HD,Virginia,16
2026-08-12,Webcam HD,Virginia,14
2026-08-13,Webcam HD,Virginia,15
2026-08-14,Webcam HD,Virginia,12
2026-08-15,Webcam HD,Virginia,11
2026-08-16,Webcam HD,Virginia,13
2026-08-17,Webcam HD,Virginia,12
2026-08-18,Webcam HD,Virginia,15
2026-08-19,Webcam HD,Virginia,13
2026-08-20,Webcam HD,Virginia,19
2026-08-21,Webcam HD,Virginia,16
2026-08-22,Webcam HD,Virginia,11
2026-08-23,Webcam HD,Virginia,9
2026-08-24,Webcam HD,Virginia,13
2026-08-25,Webcam HD,Virginia,15
2026-08-26,Webcam HD,Virginia,12
2026-08-27,Webcam HD,Virginia,12
2026-08-28,Webcam HD,Virginia,14
2026-08-29,Webcam HD,Virginia,11
2026-08-30,Webcam HD,Virginia,11
2026-08-31,Webcam HD,Virginia,13
2026-09-01,Webcam HD,Virginia,15
2026-09-02,Webcam HD,Virginia,12
2026-09-03,Webcam HD,Virginia,15
2026-09-04,Webcam HD,Virginia,14
2026-09-05,Webcam HD,Virginia,11
2026-09-06,Webcam HD,Virginia,11
2026-09-07,Webcam HD,Virginia,13
2026-09-08,Webcam HD,Virginia,12
2026-09-09,Webcam HD,Virginia,11
2026-09-10,Webcam HD,Virginia,10
2026-09-11,Webcam HD,Virginia,13
2026-09-12,Webcam HD,Virginia,10
2026-09-13,Webcam HD,Virginia,9
2026-09-14,Webcam HD,Virginia,12
2026-09-15,Webcam HD,Virginia,16
2026-09-16,Webcam HD,Virginia,15
2026-09-17,Webcam HD,Virginia,11
2026-09-18,Webcam HD,Virginia,13
2026-09-19,Webcam HD,Virginia,10
2026-09-20,Webcam HD,Virginia,9
2026-09-21,Webcam HD,Virginia,12
2026-09-22,Webcam HD,Virginia,13
2026-09-23,Webcam HD,Virginia,15
2026-09-24,Webcam HD,Virginia,15
2026-09-25,Webcam HD,Virginia,12
2026-09-26,Webcam HD,Virginia,10
2026-09-27,Webcam HD,Virginia,10
2026-09-28,Webcam HD,Virginia,12
2025-01-01,Monitor 24-inch,Florida,19
2025-01-02,Monitor 24-inch,Florida,16
2025-01-03,Monitor 24-inch,Florida,22
2025-01-04,Monitor 24-inch,Florida,17
2025-01-05,Monitor 24-inch,Florida,13
2025-01-06,Monitor 24-inch,Florida,18
2025-01-07,Monitor 24-inch,Florida,22
2025-01-08,Monitor 24-inch,Florida,22
2025-01-09,Monitor 24-inch,Florida,17
2025-01-10,Monitor 24-inch,Florida,19
2025-01-11,Monitor 24-inch,Florida,14
2025-01-12,Monitor 24-inch,Florida,13
2025-01-13,Monitor 24-inch,Florida,20
2025-01-14,Monitor 24-inch,Florida,18
2025-01-15,Monitor 24-inch,Florida,18
2025-01-16,Monitor 24-inch,Florida,19
2025-01-17,Monitor 24-inch,Florida,16
2025-01-18,Monitor 24-inch,Florida,11
2025-01-19,Monitor 24-inch,Florida,16
2025-01-20,Monitor 24-inch,Florida,18
2025-01-21,Monitor 24-inch,Florida,24
2025-01-22,Monitor 24-inch,Florida,24
2025-01-23,Monitor 24-inch,Florida,18
2025-01-24,Monitor 24-inch,Florida,25
2025-01-25,Monitor 24-inch,Florida,16
2025-01-26,Monitor 24-inch,Florida,13
2025-01-27,Monitor 24-inch,Florida,13
2025-01-28,Monitor 24-inch,Florida,21
2025-01-29,Monitor 24-inch,Florida,19
2025-01-30,Monitor 24-inch,Florida,20
2025-01-31,Monitor 24-inch,Florida,19
2025-02-01,Monitor 24-inch,Florida,13
2025-02-02,Monitor 24-inch,Florida,14
2025-02-03,Monitor 24-inch,Florida,22
2025-02-04,Monitor 24-inch,Florida,20
2025-02-05,Monitor 24-inch,Florida,20
2025-02-06,Monitor 24-inch,Florida,17
2025-02-07,Monitor 24-inch,Florida,21
2025-02-08,Monitor 24-inch,Florida,13
2025-02-09,Monitor 24-inch,Florida,17
2025-02-10,Monitor 24-inch,Florida,19
2025-02-11,Monitor 24-inch,Florida,20
2025-02-12,Monitor 24-inch,Florida,26
2025-02-13,Monitor 24-inch,Florida,20
2025-02-14,Monitor 24-inch,Florida,19
2025-02-15,Monitor 24-inch,Florida,16
2025-02-16,Monitor 24-inch,Florida,12
2025-02-17,Monitor 24-inch,Florida,24
2025-02-18,Monitor 24-inch,Florida,23
2025-02-19,Monitor 24-inch,Florida,22
2025-02-20,Monitor 24-inch,Florida,12
2025-02-21,Monitor 24-inch,Florida,20
2025-02-22,Monitor 24-inch,Florida,13
2025-02-23,Monitor 24-inch,Florida,17
2025-02-24,Monitor 24-inch,Florida,23
2025-02-25,Monitor 24-inch,Florida,21
2025-02-26,Monitor 24-inch,Florida,18
2025-02-27,Monitor 24-inch,Florida,24
2025-02-28,Monitor 24-inch,Florida,20
2025-03-01,Monitor 24-inch,Florida,19
2025-03-02,Monitor 24-inch,Florida,16
2025-03-03,Monitor 24-inch,Florida,23
2025-03-04,Monitor 24-inch,Florida,20
2025-03-05,Monitor 24-inch,Florida,25
2025-03-06,Monitor 24-inch,Florida,23
2025-03-07,Monitor 24-inch,Florida,25
2025-03-08,Monitor 24-inch,Florida,16
2025-03-09,Monitor 24-inch,Florida,16
2025-03-10,Monitor 24-inch,Florida,23
2025-03-11,Monitor 24-inch,Florida,25
2025-03-12,Monitor 24-inch,Florida,24
2025-03-13,Monitor 24-inch,Florida,22
2025-03-14,Monitor 24-inch,Florida,17
2025-03-15,Monitor 24-inch,Florida,17
2025-03-16,Monitor 24-inch,Florida,13
2025-03-17,Monitor 24-inch,Florida,21
2025-03-18,Monitor 24-inch,Florida,21
2025-03-19,Monitor 24-inch,Florida,18
2025-03-20,Monitor 24-inch,Florida,22
2025-03-21,Monitor 24-inch,Florida,27
2025-03-22,Monitor 24-inch,Florida,15
2025-03-23,Monitor 24-inch,Florida,17
2025-03-24,Monitor 24-inch,Florida,27
2025-03-25,Monitor 24-inch,Florida,24
2025-03-26,Monitor 24-inch,Florida,20
2025-03-27,Monitor 24-inch,Florida,22
2025-03-28,Monitor 24-inch,Florida,23
2025-03-29,Monitor 24-inch,Florida,18
2025-03-30,Monitor 24-inch,Florida,18
2025-03-31,Monitor 24-inch,Florida,14
2025-04-01,Monitor 24-inch,Florida,19
2025-04-02,Monitor 24-inch,Florida,21
2025-04-03,Monitor 24-inch,Florida,19
2025-04-04,Monitor 24-inch,Florida,12
2025-04-05,Monitor 24-inch,Florida,14
2025-04-06,Monitor 24-inch,Florida,16
2025-04-07,Monitor 24-inch,Florida,20
2025-04-08,Monitor 24-inch,Florida,19
2025-04-09,Monitor 24-inch,Florida,22
2025-04-10,Monitor 24-inch,Florida,23
2025-04-11,Monitor 24-inch,Florida,20
2025-04-12,Monitor 24-inch,Florida,18
2025-04-13,Monitor 24-inch,Florida,16
2025-04-14,Monitor 24-inch,Florida,19
2025-04-15,Monitor 24-inch,Florida,19
2025-04-16,Monitor 24-inch,Florida,21
2025-04-17,Monitor 24-inch,Florida,25
2025-04-18,Monitor 24-inch,Florida,19
2025-04-19,Monitor 24-inch,Florida,17
2025-04-20,Monitor 24-inch,Florida,16
2025-04-21,Monitor 24-inch,Florida,27
2025-04-22,Monitor 24-inch,Florida,23
2025-04-23,Monitor 24-inch,Florida,20
2025-04-24,Monitor 24-inch,Florida,24
2025-04-25,Monitor 24-inch,Florida,24
2025-04-26,Monitor 24-inch,Florida,15
2025-04-27,Monitor 24-inch,Florida,14
2025-04-28,Monitor 24-inch,Florida,23
2025-04-29,Monitor 24-inch,Florida,22
2025-04-30,Monitor 24-inch,Florida,18
2025-05-01,Monitor 24-inch,Florida,22
2025-05-02,Monitor 24-inch,Florida,20
2025-05-03,Monitor 24-inch,Florida,13
2025-05-04,Monitor 24-inch,Florida,15
2025-05-05,Monitor 24-inch,Florida,25
2025-05-06,Monitor 24-inch,Florida,24
2025-05-07,Monitor 24-inch,Florida,24
2025-05-08,Monitor 24-inch,Florida,22
2025-05-09,Monitor 24-inch,Florida,23
2025-05-10,Monitor 24-inch,Florida,16
2025-05-11,Monitor 24-inch,Florida,14
2025-05-12,Monitor 24-inch,Florida,19
2025-05-13,Monitor 24-inch,Florida,20
2025-05-14,Monitor 24-inch,Florida,25
2025-05-15,Monitor 24-inch,Florida,24
2025-05-16,Monitor 24-inch,Florida,19
2025-05-17,Monitor 24-inch,Florida,16
2025-05-18,Monitor 24-inch,Florida,15
2025-05-19,Monitor 24-inch,Florida,21
2025-05-20,Monitor 24-inch,Florida,20
2025-05-21,Monitor 24-inch,Florida,25
2025-05-22,Monitor 24-inch,Florida,21
2025-05-23,Monitor 24-inch,Florida,22
2025-05-24,Monitor 24-inch,Florida,16
2025-05-25,Monitor 24-inch,Florida,14
2025-05-26,Monitor 24-inch,Florida,22
2025-05-27,Monitor 24-inch,Florida,24
2025-05-28,Monitor 24-inch,Florida,25
2025-05-29,Monitor 24-inch,Florida,18
2025-05-30,Monitor 24-inch,Florida,17
2025-05-31,Monitor 24-inch,Florida,16
2025-06-01,Monitor 24-inch,Florida,17
2025-06-02,Monitor 24-inch,Florida,21
2025-06-03,Monitor 24-inch,Florida,22
2025-06-04,Monitor 24-inch,Florida,17
2025-06-05,Monitor 24-inch,Florida,19
2025-06-06,Monitor 24-inch,Florida,15
2025-06-07,Monitor 24-inch,Florida,15
2025-06-08,Monitor 24-inch,Florida,11
2025-06-09,Monitor 24-inch,Florida,24
2025-06-10,Monitor 24-inch,Florida,24
2025-06-11,Monitor 24-inch,Florida,21
2025-06-12,Monitor 24-inch,Florida,17
2025-06-13,Monitor 24-inch,Florida,21
2025-06-14,Monitor 24-inch,Florida,18
2025-06-15,Monitor 24-inch,Florida,16
2025-06-16,Monitor 24-inch,Florida,23
2025-06-17,Monitor 24-inch,Florida,19
2025-06-18,Monitor 24-inch,Florida,18
2025-06-19,Monitor 24-inch,Florida,20
2025-06-20,Monitor 24-inch,Florida,16
2025-06-21,Monitor 24-inch,Florida,19
2025-06-22,Monitor 24-inch,Florida,15
2025-06-23,Monitor 24-inch,Florida,23
2025-06-24,Monitor 24-inch,Florida,19
2025-06-25,Monitor 24-inch,Florida,17
2025-06-26,Monitor 24-inch,Florida,24
2025-06-27,Monitor 24-inch,Florida,18
2025-06-28,Monitor 24-inch,Florida,16
2025-06-29,Monitor 24-inch,Florida,16
2025-06-30,Monitor 24-inch,Florida,21
2025-07-01,Monitor 24-inch,Florida,18
2025-07-02,Monitor 24-inch,Florida,19
2025-07-03,Monitor 24-inch,Florida,17
2025-07-04,Monitor 24-inch,Florida,21
2025-07-05,Monitor 24-inch,Florida,15
2025-07-06,Monitor 24-inch,Florida,14
2025-07-07,Monitor 24-inch,Florida,18
2025-07-08,Monitor 24-inch,Florida,24
2025-07-09,Monitor 24-inch,Florida,16
2025-07-10,Monitor 24-inch,Florida,16
2025-07-11,Monitor 24-inch,Florida,19
2025-07-12,Monitor 24-inch,Florida,14
2025-07-13,Monitor 24-inch,Florida,16
2025-07-14,Monitor 24-inch,Florida,21
2025-07-15,Monitor 24-inch,Florida,19
2025-07-16,Monitor 24-inch,Florida,20
2025-07-17,Monitor 24-inch,Florida,20
2025-07-18,Monitor 24-inch,Florida,24
2025-07-19,Monitor 24-inch,Florida,15
2025-07-20,Monitor 24-inch,Florida,13
2025-07-21,Monitor 24-inch,Florida,20
2025-07-22,Monitor 24-inch,Florida,13
2025-07-23,Monitor 24-inch,Florida,19
2025-07-24,Monitor 24-inch,Florida,22
2025-07-25,Monitor 24-inch,Florida,21
2025-07-26,Monitor 24-inch,Florida,15
2025-07-27,Monitor 24-inch,Florida,15
2025-07-28,Monitor 24-inch,Florida,22
2025-07-29,Monitor 24-inch,Florida,23
2025-07-30,Monitor 24-inch,Florida,20
2025-07-31,Monitor 24-inch,Florida,19
2025-08-01,Monitor 24-inch,Florida,13
2025-08-02,Monitor 24-inch,Florida,15
2025-08-03,Monitor 24-inch,Florida,14
2025-08-04,Monitor 24-inch,Florida,18
2025-08-05,Monitor 24-inch,Florida,17
2025-08-06,Monitor 24-inch,Florida,20
2025-08-07,Monitor 24-inch,Florida,18
2025-08-08,Monitor 24-inch,Florida,18
2025-08-09,Monitor 24-inch,Florida,13
2025-08-10,Monitor 24-inch,Florida,14
2025-08-11,Monitor 24-inch,Florida,16
2025-08-12,Monitor 24-inch,Florida,19
2025-08-13,Monitor 24-inch,Florida,17
2025-08-14,Monitor 24-inch,Florida,17
2025-08-15,Monitor 24-inch,Florida,20
2025-08-16,Monitor 24-inch,Florida,12
2025-08-17,Monitor 24-inch,Florida,15
2025-08-18,Monitor 24-inch,Florida,18
2025-08-19,Monitor 24-inch,Florida,15
2025-08-20,Monitor 24-inch,Florida,21
2025-08-21,Monitor 24-inch,Florida,19
2025-08-22,Monitor 24-inch,Florida,19
2025-08-23,Monitor 24-inch,Florida,15
2025-08-24,Monitor 24-inch,Florida,16
2025-08-25,Monitor 24-inch,Florida,19
2025-08-26,Monitor 24-inch,Florida,20
2025-08-27,Monitor 24-inch,Florida,19
2025-08-28,Monitor 24-inch,Florida,17
2025-08-29,Monitor 24-inch,Florida,15
2025-08-30,Monitor 24-inch,Florida,14
2025-08-31,Monitor 24-inch,Florida,15
2025-09-01,Monitor 24-inch,Florida,19
2025-09-02,Monitor 24-inch,Florida,15
2025-09-03,Monitor 24-inch,Florida,20
2025-09-04,Monitor 24-inch,Florida,17
2025-09-05,Monitor 24-inch,Florida,13
2025-09-06,Monitor 24-inch,Florida,14
2025-09-07,Monitor 24-inch,Florida,11
2025-09-08,Monitor 24-inch,Florida,21
2025-09-09,Monitor 24-inch,Florida,20
2025-09-10,Monitor 24-inch,Florida,17
2025-09-11,Monitor 24-inch,Florida,18
2025-09-12,Monitor 24-inch,Florida,22
2025-09-13,Monitor 24-inch,Florida,14
2025-09-14,Monitor 24-inch,Florida,13
2025-09-15,Monitor 24-inch,Florida,23
2025-09-16,Monitor 24-inch,Florida,18
2025-09-17,Monitor 24-inch,Florida,19
2025-09-18,Monitor 24-inch,Florida,15
2025-09-19,Monitor 24-inch,Florida,14
2025-09-20,Monitor 24-inch,Florida,12
2025-09-21,Monitor 24-inch,Florida,13
2025-09-22,Monitor 24-inch,Florida,18
2025-09-23,Monitor 24-inch,Florida,14
2025-09-24,Monitor 24-inch,Florida,19
2025-09-25,Monitor 24-inch,Florida,16
2025-09-26,Monitor 24-inch,Florida,19
2025-09-27,Monitor 24-inch,Florida,14
2025-09-28,Monitor 24-inch,Florida,12
2025-09-29,Monitor 24-inch,Florida,15
2025-09-30,Monitor 24-inch,Florida,21
2025-10-01,Monitor 24-inch,Florida,19
2025-10-02,Monitor 24-inch,Florida,17
2025-10-03,Monitor 24-inch,Florida,20
2025-10-04,Monitor 24-inch,Florida,13
2025-10-05,Monitor 24-inch,Florida,12
2025-10-06,Monitor 24-inch,Florida,15
2025-10-07,Monitor 24-inch,Florida,17
2025-10-08,Monitor 24-inch,Florida,19
2025-10-09,Monitor 24-inch,Florida,20
2025-10-10,Monitor 24-inch,Florida,17
2025-10-11,Monitor 24-inch,Florida,14
2025-10-12,Monitor 24-inch,Florida,12
2025-10-13,Monitor 24-inch,Florida,15
2025-10-14,Monitor 24-inch,Florida,14
2025-10-15,Monitor 24-inch,Florida,16
2025-10-16,Monitor 24-inch,Florida,14
2025-10-17,Monitor 24-inch,Florida,21
2025-10-18,Monitor 24-inch,Florida,13
2025-10-19,Monitor 24-inch,Florida,12
2025-10-20,Monitor 24-inch,Florida,21
2025-10-21,Monitor 24-inch,Florida,14
2025-10-22,Monitor 24-inch,Florida,17
2025-10-23,Monitor 24-inch,Florida,21
2025-10-24,Monitor 24-inch,Florida,17
2025-10-25,Monitor 24-inch,Florida,16
2025-10-26,Monitor 24-inch,Florida,14
2025-10-27,Monitor 24-inch,Florida,20
2025-10-28,Monitor 24-inch,Florida,20
2025-10-29,Monitor 24-inch,Florida,17
2025-10-30,Monitor 24-inch,Florida,16
2025-10-31,Monitor 24-inch,Florida,17
2025-11-01,Monitor 24-inch,Florida,13
2025-11-02,Monitor 24-inch,Florida,15
2025-11-03,Monitor 24-inch,Florida,20
2025-11-04,Monitor 24-inch,Florida,25
2025-11-05,Monitor 24-inch,Florida,22
2025-11-06,Monitor 24-inch,Florida,26
2025-11-07,Monitor 24-inch,Florida,15
2025-11-08,Monitor 24-inch,Florida,13
2025-11-09,Monitor 24-inch,Florida,14
2025-11-10,Monitor 24-inch,Florida,24
2025-11-11,Monitor 24-inch,Florida,20
2025-11-12,Monitor 24-inch,Florida,17
2025-11-13,Monitor 24-inch,Florida,20
2025-11-14,Monitor 24-inch,Florida,17
2025-11-15,Monitor 24-inch,Florida,12
2025-11-16,Monitor 24-inch,Florida,19
2025-11-17,Monitor 24-inch,Florida,20
2025-11-18,Monitor 24-inch,Florida,21
2025-11-19,Monitor 24-inch,Florida,20
2025-11-20,Monitor 24-inch,Florida,20
2025-11-21,Monitor 24-inch,Florida,18
2025-11-22,Monitor 24-inch,Florida,14
2025-11-23,Monitor 24-inch,Florida,16
2025-11-24,Monitor 24-inch,Florida,24
2025-11-25,Monitor 24-inch,Florida,23
2025-11-26,Monitor 24-inch,Florida,17
2025-11-27,Monitor 24-inch,Florida,23
2025-11-28,Monitor 24-inch,Florida,22
2025-11-29,Monitor 24-inch,Florida,14
2025-11-30,Monitor 24-inch,Florida,15
2025-12-01,Monitor 24-inch,Florida,23
2025-12-02,Monitor 24-inch,Florida,22
2025-12-03,Monitor 24-inch,Florida,23
2025-12-04,Monitor 24-inch,Florida,19
2025-12-05,Monitor 24-inch,Florida,27
2025-12-06,Monitor 24-inch,Florida,12
2025-12-07,Monitor 24-inch,Florida,17
2025-12-08,Monitor 24-inch,Florida,22
2025-12-09,Monitor 24-inch,Florida,23
2025-12-10,Monitor 24-inch,Florida,20
2025-12-11,Monitor 24-inch,Florida,24
2025-12-12,Monitor 24-inch,Florida,21
2025-12-13,Monitor 24-inch,Florida,13
2025-12-14,Monitor 24-inch,Florida,14
2025-12-15,Monitor 24-inch,Florida,22
2025-12-16,Monitor 24-inch,Florida,17
2025-12-17,Monitor 24-inch,Florida,26
2025-12-18,Monitor 24-inch,Florida,24
2025-12-19,Monitor 24-inch,Florida,26
2025-12-20,Monitor 24-inch,Florida,19
2025-12-21,Monitor 24-inch,Florida,15
2025-12-22,Monitor 24-inch,Florida,19
2025-12-23,Monitor 24-inch,Florida,15
2025-12-24,Monitor 24-inch,Florida,20
2025-12-25,Monitor 24-inch,Florida,26
2025-12-26,Monitor 24-inch,Florida,19
2025-12-27,Monitor 24-inch,Florida,15
2025-12-28,Monitor 24-inch,Florida,15
2025-12-29,Monitor 24-inch,Florida,22
2025-12-30,Monitor 24-inch,Florida,25
2025-12-31,Monitor 24-inch,Florida,17
2026-01-01,Monitor 24-inch,Florida,16
2026-01-02,Monitor 24-inch,Florida,23
2026-01-03,Monitor 24-inch,Florida,15
2026-01-04,Monitor 24-inch,Florida,14
2026-01-05,Monitor 24-inch,Florida,23
2026-01-06,Monitor 24-inch,Florida,16
2026-01-07,Monitor 24-inch,Florida,21
2026-01-08,Monitor 24-inch,Florida,19
2026-01-09,Monitor 24-inch,Florida,21
2026-01-10,Monitor 24-inch,Florida,10
2026-01-11,Monitor 24-inch,Florida,14
2026-01-12,Monitor 24-inch,Florida,21
2026-01-13,Monitor 24-inch,Florida,19
2026-01-14,Monitor 24-inch,Florida,22
2026-01-15,Monitor 24-inch,Florida,22
2026-01-16,Monitor 24-inch,Florida,17
2026-01-17,Monitor 24-inch,Florida,16
2026-01-18,Monitor 24-inch,Florida,12
2026-01-19,Monitor 24-inch,Florida,19
2026-01-20,Monitor 24-inch,Florida,21
2026-01-21,Monitor 24-inch,Florida,17
2026-01-22,Monitor 24-inch,Florida,21
2026-01-23,Monitor 24-inch,Florida,18
2026-01-24,Monitor 24-inch,Florida,13
2026-01-25,Monitor 24-inch,Florida,15
2026-01-26,Monitor 24-inch,Florida,17
2026-01-27,Monitor 24-inch,Florida,17
2026-01-28,Monitor 24-inch,Florida,22
2026-01-29,Monitor 24-inch,Florida,20
2026-01-30,Monitor 24-inch,Florida,16
2026-01-31,Monitor 24-inch,Florida,16
2026-02-01,Monitor 24-inch,Florida,14
2026-02-02,Monitor 24-inch,Florida,17
2026-02-03,Monitor 24-inch,Florida,14
2026-02-04,Monitor 24-inch,Florida,23
2026-02-05,Monitor 24-inch,Florida,18
2026-02-06,Monitor 24-inch,Florida,17
2026-02-07,Monitor 24-inch,Florida,16
2026-02-08,Monitor 24-inch,Florida,16
2026-02-09,Monitor 24-inch,Florida,19
2026-02-10,Monitor 24-inch,Florida,23
2026-02-11,Monitor 24-inch,Florida,26
2026-02-12,Monitor 24-inch,Florida,24
2026-02-13,Monitor 24-inch,Florida,23
2026-02-14,Monitor 24-inch,Florida,16
2026-02-15,Monitor 24-inch,Florida,14
2026-02-16,Monitor 24-inch,Florida,20
2026-02-17,Monitor 24-inch,Florida,22
2026-02-18,Monitor 24-inch,Florida,17
2026-02-19,Monitor 24-inch,Florida,19
2026-02-20,Monitor 24-inch,Florida,17
2026-02-21,Monitor 24-inch,Florida,15
2026-02-22,Monitor 24-inch,Florida,15
2026-02-23,Monitor 24-inch,Florida,19
2026-02-24,Monitor 24-inch,Florida,22
2026-02-25,Monitor 24-inch,Florida,18
2026-02-26,Monitor 24-inch,Florida,19
2026-02-27,Monitor 24-inch,Florida,22
2026-02-28,Monitor 24-inch,Florida,17
2026-03-01,Monitor 24-inch,Florida,14
2026-03-02,Monitor 24-inch,Florida,22
2026-03-03,Monitor 24-inch,Florida,19
2026-03-04,Monitor 24-inch,Florida,21
2026-03-05,Monitor 24-inch,Florida,22
2026-03-06,Monitor 24-inch,Florida,23
2026-03-07,Monitor 24-inch,Florida,16
2026-03-08,Monitor 24-inch,Florida,16
2026-03-09,Monitor 24-inch,Florida,19
2026-03-10,Monitor 24-inch,Florida,22
2026-03-11,Monitor 24-inch,Florida,23
2026-03-12,Monitor 24-inch,Florida,23
2026-03-13,Monitor 24-inch,Florida,19
2026-03-14,Monitor 24-inch,Florida,17
2026-03-15,Monitor 24-inch,Florida,13
2026-03-16,Monitor 24-inch,Florida,20
2026-03-17,Monitor 24-inch,Florida,21
2026-03-18,Monitor 24-inch,Florida,18
2026-03-19,Monitor 24-inch,Florida,21
2026-03-20,Monitor 24-inch,Florida,22
2026-03-21,Monitor 24-inch,Florida,12
2026-03-22,Monitor 24-inch,Florida,15
2026-03-23,Monitor 24-inch,Florida,17
2026-03-24,Monitor 24-inch,Florida,27
2026-03-25,Monitor 24-inch,Florida,22
2026-03-26,Monitor 24-inch,Florida,22
2026-03-27,Monitor 24-inch,Florida,22
2026-03-28,Monitor 24-inch,Florida,17
2026-03-29,Monitor 24-inch,Florida,17
2026-03-30,Monitor 24-inch,Florida,17
2026-03-31,Monitor 24-inch,Florida,25
2026-04-01,Monitor 24-inch,Florida,25
2026-04-02,Monitor 24-inch,Florida,21
2026-04-03,Monitor 24-inch,Florida,21
2026-04-04,Monitor 24-inch,Florida,10
2026-04-05,Monitor 24-inch,Florida,13
2026-04-06,Monitor 24-inch,Florida,23
2026-04-07,Monitor 24-inch,Florida,25
2026-04-08,Monitor 24-inch,Florida,24
2026-04-09,Monitor 24-inch,Florida,21
2026-04-10,Monitor 24-inch,Florida,27
2026-04-11,Monitor 24-inch,Florida,18
2026-04-12,Monitor 24-inch,Florida,15
2026-04-13,Monitor 24-inch,Florida,27
2026-04-14,Monitor 24-inch,Florida,19
2026-04-15,Monitor 24-inch,Florida,18
2026-04-16,Monitor 24-inch,Florida,21
2026-04-17,Monitor 24-inch,Florida,20
2026-04-18,Monitor 24-inch,Florida,15
2026-04-19,Monitor 24-inch,Florida,17
2026-04-20,Monitor 24-inch,Florida,22
2026-04-21,Monitor 24-inch,Florida,22
2026-04-22,Monitor 24-inch,Florida,22
2026-04-23,Monitor 24-inch,Florida,16
2026-04-24,Monitor 24-inch,Florida,18
2026-04-25,Monitor 24-inch,Florida,15
2026-04-26,Monitor 24-inch,Florida,14
2026-04-27,Monitor 24-inch,Florida,21
2026-04-28,Monitor 24-inch,Florida,25
2026-04-29,Monitor 24-inch,Florida,21
2026-04-30,Monitor 24-inch,Florida,18
2026-05-01,Monitor 24-inch,Florida,19
2026-05-02,Monitor 24-inch,Florida,19
2026-05-03,Monitor 24-inch,Florida,18
2026-05-04,Monitor 24-inch,Florida,23
2026-05-05,Monitor 24-inch,Florida,17
2026-05-06,Monitor 24-inch,Florida,22
2026-05-07,Monitor 24-inch,Florida,22
2026-05-08,Monitor 24-inch,Florida,21
2026-05-09,Monitor 24-inch,Florida,15
2026-05-10,Monitor 24-inch,Florida,15
2026-05-11,Monitor 24-inch,Florida,20
2026-05-12,Monitor 24-inch,Florida,18
2026-05-13,Monitor 24-inch,Florida,25
2026-05-14,Monitor 24-inch,Florida,24
2026-05-15,Monitor 24-inch,Florida,21
2026-05-16,Monitor 24-inch,Florida,16
2026-05-17,Monitor 24-inch,Florida,16
2026-05-18,Monitor 24-inch,Florida,27
2026-05-19,Monitor 24-inch,Florida,24
2026-05-20,Monitor 24-inch,Florida,23
2026-05-21,Monitor 24-inch,Florida,21
2026-05-22,Monitor 24-inch,Florida,20
2026-05-23,Monitor 24-inch,Florida,18
2026-05-24,Monitor 24-inch,Florida,17
2026-05-25,Monitor 24-inch,Florida,19
2026-05-26,Monitor 24-inch,Florida,22
2026-05-27,Monitor 24-inch,Florida,23
2026-05-28,Monitor 24-inch,Florida,16
2026-05-29,Monitor 24-inch,Florida,19
2026-05-30,Monitor 24-inch,Florida,16
2026-05-31,Monitor 24-inch,Florida,12
2026-06-01,Monitor 24-inch,Florida,16
2026-06-02,Monitor 24-inch,Florida,20
2026-06-03,Monitor 24-inch,Florida,22
2026-06-04,Monitor 24-inch,Florida,22
2026-06-05,Monitor 24-inch,Florida,24
2026-06-06,Monitor 24-inch,Florida,15
2026-06-07,Monitor 24-inch,Florida,14
2026-06-08,Monitor 24-inch,Florida,17
2026-06-09,Monitor 24-inch,Florida,20
2026-06-10,Monitor 24-inch,Florida,22
2026-06-11,Monitor 24-inch,Florida,22
2026-06-12,Monitor 24-inch,Florida,21
2026-06-13,Monitor 24-inch,Florida,16
2026-06-14,Monitor 24-inch,Florida,17
2026-06-15,Monitor 24-inch,Florida,21
2026-06-16,Monitor 24-inch,Florida,24
2026-06-17,Monitor 24-inch,Florida,19
2026-06-18,Monitor 24-inch,Florida,20
2026-06-19,Monitor 24-inch,Florida,19
2026-06-20,Monitor 24-inch,Florida,16
2026-06-21,Monitor 24-inch,Florida,13
2026-06-22,Monitor 24-inch,Florida,20
2026-06-23,Monitor 24-inch,Florida,16
2026-06-24,Monitor 24-inch,Florida,22
2026-06-25,Monitor 24-inch,Florida,24
2026-06-26,Monitor 24-inch,Florida,23
2026-06-27,Monitor 24-inch,Florida,16
2026-06-28,Monitor 24-inch,Florida,17
2026-06-29,Monitor 24-inch,Florida,22
2026-06-30,Monitor 24-inch,Florida,22
2026-07-01,Monitor 24-inch,Florida,21
2026-07-02,Monitor 24-inch,Florida,18
2026-07-03,Monitor 24-inch,Florida,19
2026-07-04,Monitor 24-inch,Florida,14
2026-07-05,Monitor 24-inch,Florida,14
2026-07-06,Monitor 24-inch,Florida,16
2026-07-07,Monitor 24-inch,Florida,16
2026-07-08,Monitor 24-inch,Florida,20
2026-07-09,Monitor 24-inch,Florida,21
2026-07-10,Monitor 24-inch,Florida,19
2026-07-11,Monitor 24-inch,Florida,19
2026-07-12,Monitor 24-inch,Florida,13
2026-07-13,Monitor 24-inch,Florida,20
2026-07-14,Monitor 24-inch,Florida,22
2026-07-15,Monitor 24-inch,Florida,22
2026-07-16,Monitor 24-inch,Florida,21
2026-07-17,Monitor 24-inch,Florida,22
2026-07-18,Monitor 24-inch,Florida,14
2026-07-19,Monitor 24-inch,Florida,17
2026-07-20,Monitor 24-inch,Florida,22
2026-07-21,Monitor 24-inch,Florida,17
2026-07-22,Monitor 24-inch,Florida,20
2026-07-23,Monitor 24-inch,Florida,16
2026-07-24,Monitor 24-inch,Florida,23
2026-07-25,Monitor 24-inch,Florida,15
2026-07-26,Monitor 24-inch,Florida,16
2026-07-27,Monitor 24-inch,Florida,19
2026-07-28,Monitor 24-inch,Florida,15
2026-07-29,Monitor 24-inch,Florida,25
2026-07-30,Monitor 24-inch,Florida,20
2026-07-31,Monitor 24-inch,Florida,17
2026-08-01,Monitor 24-inch,Florida,15
2026-08-02,Monitor 24-inch,Florida,17
2026-08-03,Monitor 24-inch,Florida,18
2026-08-04,Monitor 24-inch,Florida,18
2026-08-05,Monitor 24-inch,Florida,19
2026-08-06,Monitor 24-inch,Florida,16
2026-08-07,Monitor 24-inch,Florida,17
2026-08-08,Monitor 24-inch,Florida,16
2026-08-09,Monitor 24-inch,Florida,13
2026-08-10,Monitor 24-inch,Florida,16
2026-08-11,Monitor 24-inch,Florida,17
2026-08-12,Monitor 24-inch,Florida,20
2026-08-13,Monitor 24-inch,Florida,14
2026-08-14,Monitor 24-inch,Florida,19
2026-08-15,Monitor 24-inch,Florida,17
2026-08-16,Monitor 24-inch,Florida,17
2026-08-17,Monitor 24-inch,Florida,19
2026-08-18,Monitor 24-inch,Florida,21
2026-08-19,Monitor 24-inch,Florida,21
2026-08-20,Monitor 24-inch,Florida,18
2026-08-21,Monitor 24-inch,Florida,20
2026-08-22,Monitor 24-inch,Florida,16
2026-08-23,Monitor 24-inch,Florida,11
2026-08-24,Monitor 24-inch,Florida,19
2026-08-25,Monitor 24-inch,Florida,19
2026-08-26,Monitor 24-inch,Florida,18
2026-08-27,Monitor 24-inch,Florida,18
2026-08-28,Monitor 24-inch,Florida,19
2026-08-29,Monitor 24-inch,Florida,14
2026-08-30,Monitor 24-inch,Florida,15
2026-08-31,Monitor 24-inch,Florida,19
2026-09-01,Monitor 24-inch,Florida,17
2026-09-02,Monitor 24-inch,Florida,16
2026-09-03,Monitor 24-inch,Florida,16
2026-09-04,Monitor 24-inch,Florida,18
2026-09-05,Monitor 24-inch,Florida,12
2026-09-06,Monitor 24-inch,Florida,14
2026-09-07,Monitor 24-inch,Florida,18
2026-09-08,Monitor 24-inch,Florida,20
2026-09-09,Monitor 24-inch,Florida,16
2026-09-10,Monitor 24-inch,Florida,16
2026-09-11,Monitor 24-inch,Florida,20
2026-09-12,Monitor 24-inch,Florida,13
2026-09-13,Monitor 24-inch,Florida,12
2026-09-14,Monitor 24-inch,Florida,19
2026-09-15,Monitor 24-inch,Florida,19
2026-09-16,Monitor 24-inch,Florida,15
2026-09-17,Monitor 24-inch,Florida,20
2026-09-18,Monitor 24-inch,Florida,16
2026-09-19,Monitor 24-inch,Florida,15
2026-09-20,Monitor 24-inch,Florida,11
2026-09-21,Monitor 24-inch,Florida,18
2026-09-22,Monitor 24-inch,Florida,17
2026-09-23,Monitor 24-inch,Florida,13
2026-09-24,Monitor 24-inch,Florida,19
2026-09-25,Monitor 24-inch,Florida,13
2026-09-26,Monitor 24-inch,Florida,12
2026-09-27,Monitor 24-inch,Florida,14
2026-09-28,Monitor 24-inch,Florida,16
2025-01-01,Monitor 24-inch,Georgia,13
2025-01-02,Monitor 24-inch,Georgia,17
2025-01-03,Monitor 24-inch,Georgia,15
2025-01-04,Monitor 24-inch,Georgia,11
2025-01-05,Monitor 24-inch,Georgia,13
2025-01-06,Monitor 24-inch,Georgia,13
2025-01-07,Monitor 24-inch,Georgia,14
2025-01-08,Monitor 24-inch,Georgia,17
2025-01-09,Monitor 24-inch,Georgia,13
2025-01-10,Monitor 24-inch,Georgia,18
2025-01-11,Monitor 24-inch,Georgia,11
2025-01-12,Monitor 24-inch,Georgia,12
2025-01-13,Monitor 24-inch,Georgia,17
2025-01-14,Monitor 24-inch,Georgia,15
2025-01-15,Monitor 24-inch,Georgia,14
2025-01-16,Monitor 24-inch,Georgia,15
2025-01-17,Monitor 24-inch,Georgia,16
2025-01-18,Monitor 24-inch,Georgia,10
2025-01-19,Monitor 24-inch,Georgia,9
2025-01-20,Monitor 24-inch,Georgia,18
2025-01-21,Monitor 24-inch,Georgia,14
2025-01-22,Monitor 24-inch,Georgia,16
2025-01-23,Monitor 24-inch,Georgia,15
2025-01-24,Monitor 24-inch,Georgia,15
2025-01-25,Monitor 24-inch,Georgia,13
2025-01-26,Monitor 24-inch,Georgia,11
2025-01-27,Monitor 24-inch,Georgia,14
2025-01-28,Monitor 24-inch,Georgia,15
2025-01-29,Monitor 24-inch,Georgia,14
2025-01-30,Monitor 24-inch,Georgia,14
2025-01-31,Monitor 24-inch,Georgia,14
2025-02-01,Monitor 24-inch,Georgia,14
2025-02-02,Monitor 24-inch,Georgia,13
2025-02-03,Monitor 24-inch,Georgia,15
2025-02-04,Monitor 24-inch,Georgia,18
2025-02-05,Monitor 24-inch,Georgia,13
2025-02-06,Monitor 24-inch,Georgia,19
2025-02-07,Monitor 24-inch,Georgia,19
2025-02-08,Monitor 24-inch,Georgia,15
2025-02-09,Monitor 24-inch,Georgia,13
2025-02-10,Monitor 24-inch,Georgia,17
2025-02-11,Monitor 24-inch,Georgia,19
2025-02-12,Monitor 24-inch,Georgia,15
2025-02-13,Monitor 24-inch,Georgia,15
2025-02-14,Monitor 24-inch,Georgia,16
2025-02-15,Monitor 24-inch,Georgia,14
2025-02-16,Monitor 24-inch,Georgia,11
2025-02-17,Monitor 24-inch,Georgia,14
2025-02-18,Monitor 24-inch,Georgia,16
2025-02-19,Monitor 24-inch,Georgia,17
2025-02-20,Monitor 24-inch,Georgia,15
2025-02-21,Monitor 24-inch,Georgia,17
2025-02-22,Monitor 24-inch,Georgia,14
2025-02-23,Monitor 24-inch,Georgia,13
2025-02-24,Monitor 24-inch,Georgia,17
2025-02-25,Monitor 24-inch,Georgia,16
2025-02-26,Monitor 24-inch,Georgia,19
2025-02-27,Monitor 24-inch,Georgia,16
2025-02-28,Monitor 24-inch,Georgia,18
2025-03-01,Monitor 24-inch,Georgia,15
2025-03-02,Monitor 24-inch,Georgia,13
2025-03-03,Monitor 24-inch,Georgia,15
2025-03-04,Monitor 24-inch,Georgia,14
2025-03-05,Monitor 24-inch,Georgia,16
2025-03-06,Monitor 24-inch,Georgia,18
2025-03-07,Monitor 24-inch,Georgia,18
2025-03-08,Monitor 24-inch,Georgia,15
2025-03-09,Monitor 24-inch,Georgia,13
2025-03-10,Monitor 24-inch,Georgia,16
2025-03-11,Monitor 24-inch,Georgia,14
2025-03-12,Monitor 24-inch,Georgia,19
2025-03-13,Monitor 24-inch,Georgia,17
2025-03-14,Monitor 24-inch,Georgia,14
2025-03-15,Monitor 24-inch,Georgia,12
2025-03-16,Monitor 24-inch,Georgia,11
2025-03-17,Monitor 24-inch,Georgia,16
2025-03-18,Monitor 24-inch,Georgia,17
2025-03-19,Monitor 24-inch,Georgia,15
2025-03-20,Monitor 24-inch,Georgia,16
2025-03-21,Monitor 24-inch,Georgia,15
2025-03-22,Monitor 24-inch,Georgia,11
2025-03-23,Monitor 24-inch,Georgia,11
2025-03-24,Monitor 24-inch,Georgia,16
2025-03-25,Monitor 24-inch,Georgia,15
2025-03-26,Monitor 24-inch,Georgia,18
2025-03-27,Monitor 24-inch,Georgia,17
2025-03-28,Monitor 24-inch,Georgia,19
2025-03-29,Monitor 24-inch,Georgia,15
2025-03-30,Monitor 24-inch,Georgia,13
2025-03-31,Monitor 24-inch,Georgia,18
2025-04-01,Monitor 24-inch,Georgia,18
2025-04-02,Monitor 24-inch,Georgia,18
2025-04-03,Monitor 24-inch,Georgia,17
2025-04-04,Monitor 24-inch,Georgia,17
2025-04-05,Monitor 24-inch,Georgia,11
2025-04-06,Monitor 24-inch,Georgia,14
2025-04-07,Monitor 24-inch,Georgia,17
2025-04-08,Monitor 24-inch,Georgia,20
2025-04-09,Monitor 24-inch,Georgia,19
2025-04-10,Monitor 24-inch,Georgia,16
2025-04-11,Monitor 24-inch,Georgia,19
2025-04-12,Monitor 24-inch,Georgia,9
2025-04-13,Monitor 24-inch,Georgia,15
2025-04-14,Monitor 24-inch,Georgia,14
2025-04-15,Monitor 24-inch,Georgia,18
2025-04-16,Monitor 24-inch,Georgia,18
2025-04-17,Monitor 24-inch,Georgia,19
2025-04-18,Monitor 24-inch,Georgia,16
2025-04-19,Monitor 24-inch,Georgia,9
2025-04-20,Monitor 24-inch,Georgia,12
2025-04-21,Monitor 24-inch,Georgia,16
2025-04-22,Monitor 24-inch,Georgia,13
2025-04-23,Monitor 24-inch,Georgia,17
2025-04-24,Monitor 24-inch,Georgia,15
2025-04-25,Monitor 24-inch,Georgia,18
2025-04-26,Monitor 24-inch,Georgia,12
2025-04-27,Monitor 24-inch,Georgia,15
2025-04-28,Monitor 24-inch,Georgia,16
2025-04-29,Monitor 24-inch,Georgia,18
2025-04-30,Monitor 24-inch,Georgia,17
2025-05-01,Monitor 24-inch,Georgia,13
2025-05-02,Monitor 24-inch,Georgia,16
2025-05-03,Monitor 24-inch,Georgia,13
2025-05-04,Monitor 24-inch,Georgia,13
2025-05-05,Monitor 24-inch,Georgia,16
2025-05-06,Monitor 24-inch,Georgia,14
2025-05-07,Monitor 24-inch,Georgia,18
2025-05-08,Monitor 24-inch,Georgia,18
2025-05-09,Monitor 24-inch,Georgia,18
2025-05-10,Monitor 24-inch,Georgia,12
2025-05-11,Monitor 24-inch,Georgia,10
2025-05-12,Monitor 24-inch,Georgia,18
2025-05-13,Monitor 24-inch,Georgia,17
2025-05-14,Monitor 24-inch,Georgia,19
2025-05-15,Monitor 24-inch,Georgia,17
2025-05-16,Monitor 24-inch,Georgia,17
2025-05-17,Monitor 24-inch,Georgia,13
2025-05-18,Monitor 24-inch,Georgia,11
2025-05-19,Monitor 24-inch,Georgia,15
2025-05-20,Monitor 24-inch,Georgia,16
2025-05-21,Monitor 24-inch,Georgia,15
2025-05-22,Monitor 24-inch,Georgia,16
2025-05-23,Monitor 24-inch,Georgia,21
2025-05-24,Monitor 24-inch,Georgia,14
2025-05-25,Monitor 24-inch,Georgia,13
2025-05-26,Monitor 24-inch,Georgia,20
2025-05-27,Monitor 24-inch,Georgia,15
2025-05-28,Monitor 24-inch,Georgia,22
2025-05-29,Monitor 24-inch,Georgia,16
2025-05-30,Monitor 24-inch,Georgia,21
2025-05-31,Monitor 24-inch,Georgia,15
2025-06-01,Monitor 24-inch,Georgia,9
2025-06-02,Monitor 24-inch,Georgia,19
2025-06-03,Monitor 24-inch,Georgia,15
2025-06-04,Monitor 24-inch,Georgia,15
2025-06-05,Monitor 24-inch,Georgia,17
2025-06-06,Monitor 24-inch,Georgia,14
2025-06-07,Monitor 24-inch,Georgia,12
2025-06-08,Monitor 24-inch,Georgia,10
2025-06-09,Monitor 24-inch,Georgia,16
2025-06-10,Monitor 24-inch,Georgia,19
2025-06-11,Monitor 24-inch,Georgia,17
2025-06-12,Monitor 24-inch,Georgia,15
2025-06-13,Monitor 24-inch,Georgia,17
2025-06-14,Monitor 24-inch,Georgia,10
2025-06-15,Monitor 24-inch,Georgia,11
2025-06-16,Monitor 24-inch,Georgia,15
2025-06-17,Monitor 24-inch,Georgia,18
2025-06-18,Monitor 24-inch,Georgia,17
2025-06-19,Monitor 24-inch,Georgia,17
2025-06-20,Monitor 24-inch,Georgia,16
2025-06-21,Monitor 24-inch,Georgia,11
2025-06-22,Monitor 24-inch,Georgia,14
2025-06-23,Monitor 24-inch,Georgia,15
2025-06-24,Monitor 24-inch,Georgia,17
2025-06-25,Monitor 24-inch,Georgia,16
2025-06-26,Monitor 24-inch,Georgia,17
2025-06-27,Monitor 24-inch,Georgia,15
2025-06-28,Monitor 24-inch,Georgia,13
2025-06-29,Monitor 24-inch,Georgia,14
2025-06-30,Monitor 24-inch,Georgia,18
2025-07-01,Monitor 24-inch,Georgia,15
2025-07-02,Monitor 24-inch,Georgia,14
2025-07-03,Monitor 24-inch,Georgia,20
2025-07-04,Monitor 24-inch,Georgia,13
2025-07-05,Monitor 24-inch,Georgia,12
2025-07-06,Monitor 24-inch,Georgia,12
2025-07-07,Monitor 24-inch,Georgia,15
2025-07-08,Monitor 24-inch,Georgia,15
2025-07-09,Monitor 24-inch,Georgia,14
2025-07-10,Monitor 24-inch,Georgia,16
2025-07-11,Monitor 24-inch,Georgia,16
2025-07-12,Monitor 24-inch,Georgia,15
2025-07-13,Monitor 24-inch,Georgia,12
2025-07-14,Monitor 24-inch,Georgia,16
2025-07-15,Monitor 24-inch,Georgia,16
2025-07-16,Monitor 24-inch,Georgia,18
2025-07-17,Monitor 24-inch,Georgia,13
2025-07-18,Monitor 24-inch,Georgia,15
2025-07-19,Monitor 24-inch,Georgia,9
2025-07-20,Monitor 24-inch,Georgia,12
2025-07-21,Monitor 24-inch,Georgia,17
2025-07-22,Monitor 24-inch,Georgia,13
2025-07-23,Monitor 24-inch,Georgia,18
2025-07-24,Monitor 24-inch,Georgia,14
2025-07-25,Monitor 24-inch,Georgia,14
2025-07-26,Monitor 24-inch,Georgia,11
2025-07-27,Monitor 24-inch,Georgia,13
2025-07-28,Monitor 24-inch,Georgia,14
2025-07-29,Monitor 24-inch,Georgia,16
2025-07-30,Monitor 24-inch,Georgia,17
2025-07-31,Monitor 24-inch,Georgia,16
2025-08-01,Monitor 24-inch,Georgia,15
2025-08-02,Monitor 24-inch,Georgia,11
2025-08-03,Monitor 24-inch,Georgia,10
2025-08-04,Monitor 24-inch,Georgia,17
2025-08-05,Monitor 24-inch,Georgia,14
2025-08-06,Monitor 24-inch,Georgia,14
2025-08-07,Monitor 24-inch,Georgia,17
2025-08-08,Monitor 24-inch,Georgia,13
2025-08-09,Monitor 24-inch,Georgia,11
2025-08-10,Monitor 24-inch,Georgia,10
2025-08-11,Monitor 24-inch,Georgia,19
2025-08-12,Monitor 24-inch,Georgia,18
2025-08-13,Monitor 24-inch,Georgia,14
2025-08-14,Monitor 24-inch,Georgia,15
2025-08-15,Monitor 24-inch,Georgia,14
2025-08-16,Monitor 24-inch,Georgia,10
2025-08-17,Monitor 24-inch,Georgia,11
2025-08-18,Monitor 24-inch,Georgia,14
2025-08-19,Monitor 24-inch,Georgia,12
2025-08-20,Monitor 24-inch,Georgia,15
2025-08-21,Monitor 24-inch,Georgia,14
2025-08-22,Monitor 24-inch,Georgia,15
2025-08-23,Monitor 24-inch,Georgia,10
2025-08-24,Monitor 24-inch,Georgia,10
2025-08-25,Monitor 24-inch,Georgia,16
2025-08-26,Monitor 24-inch,Georgia,15
2025-08-27,Monitor 24-inch,Georgia,17
2025-08-28,Monitor 24-inch,Georgia,15
2025-08-29,Monitor 24-inch,Georgia,14
2025-08-30,Monitor 24-inch,Georgia,11
2025-08-31,Monitor 24-inch,Georgia,8
2025-09-01,Monitor 24-inch,Georgia,17
2025-09-02,Monitor 24-inch,Georgia,14
2025-09-03,Monitor 24-inch,Georgia,17
2025-09-04,Monitor 24-inch,Georgia,12
2025-09-05,Monitor 24-inch,Georgia,12
2025-09-06,Monitor 24-inch,Georgia,10
2025-09-07,Monitor 24-inch,Georgia,10
2025-09-08,Monitor 24-inch,Georgia,14
2025-09-09,Monitor 24-inch,Georgia,14
2025-09-10,Monitor 24-inch,Georgia,13
2025-09-11,Monitor 24-inch,Georgia,11
2025-09-12,Monitor 24-inch,Georgia,14
2025-09-13,Monitor 24-inch,Georgia,8
2025-09-14,Monitor 24-inch,Georgia,8
2025-09-15,Monitor 24-inch,Georgia,13
2025-09-16,Monitor 24-inch,Georgia,14
2025-09-17,Monitor 24-inch,Georgia,17
2025-09-18,Monitor 24-inch,Georgia,15
2025-09-19,Monitor 24-inch,Georgia,16
2025-09-20,Monitor 24-inch,Georgia,11
2025-09-21,Monitor 24-inch,Georgia,10
2025-09-22,Monitor 24-inch,Georgia,18
2025-09-23,Monitor 24-inch,Georgia,11
2025-09-24,Monitor 24-inch,Georgia,13
2025-09-25,Monitor 24-inch,Georgia,13
2025-09-26,Monitor 24-inch,Georgia,15
2025-09-27,Monitor 24-inch,Georgia,9
2025-09-28,Monitor 24-inch,Georgia,11
2025-09-29,Monitor 24-inch,Georgia,14
2025-09-30,Monitor 24-inch,Georgia,15
2025-10-01,Monitor 24-inch,Georgia,15
2025-10-02,Monitor 24-inch,Georgia,16
2025-10-03,Monitor 24-inch,Georgia,13
2025-10-04,Monitor 24-inch,Georgia,10
2025-10-05,Monitor 24-inch,Georgia,9
2025-10-06,Monitor 24-inch,Georgia,12
2025-10-07,Monitor 24-inch,Georgia,16
2025-10-08,Monitor 24-inch,Georgia,12
2025-10-09,Monitor 24-inch,Georgia,14
2025-10-10,Monitor 24-inch,Georgia,14
2025-10-11,Monitor 24-inch,Georgia,11
2025-10-12,Monitor 24-inch,Georgia,8
2025-10-13,Monitor 24-inch,Georgia,15
2025-10-14,Monitor 24-inch,Georgia,13
2025-10-15,Monitor 24-inch,Georgia,12
2025-10-16,Monitor 24-inch,Georgia,13
2025-10-17,Monitor 24-inch,Georgia,15
2025-10-18,Monitor 24-inch,Georgia,11
2025-10-19,Monitor 24-inch,Georgia,10
2025-10-20,Monitor 24-inch,Georgia,11
2025-10-21,Monitor 24-inch,Georgia,12
2025-10-22,Monitor 24-inch,Georgia,15
2025-10-23,Monitor 24-inch,Georgia,11
2025-10-24,Monitor 24-inch,Georgia,13
2025-10-25,Monitor 24-inch,Georgia,13
2025-10-26,Monitor 24-inch,Georgia,10
2025-10-27,Monitor 24-inch,Georgia,14
2025-10-28,Monitor 24-inch,Georgia,12
2025-10-29,Monitor 24-inch,Georgia,11
2025-10-30,Monitor 24-inch,Georgia,15
2025-10-31,Monitor 24-inch,Georgia,13
2025-11-01,Monitor 24-inch,Georgia,13
2025-11-02,Monitor 24-inch,Georgia,12
2025-11-03,Monitor 24-inch,Georgia,23
2025-11-04,Monitor 24-inch,Georgia,15
2025-11-05,Monitor 24-inch,Georgia,17
2025-11-06,Monitor 24-inch,Georgia,14
2025-11-07,Monitor 24-inch,Georgia,18
2025-11-08,Monitor 24-inch,Georgia,12
2025-11-09,Monitor 24-inch,Georgia,10
2025-11-10,Monitor 24-inch,Georgia,16
2025-11-11,Monitor 24-inch,Georgia,19
2025-11-12,Monitor 24-inch,Georgia,19
2025-11-13,Monitor 24-inch,Georgia,13
2025-11-14,Monitor 24-inch,Georgia,15
2025-11-15,Monitor 24-inch,Georgia,14
2025-11-16,Monitor 24-inch,Georgia,12
2025-11-17,Monitor 24-inch,Georgia,17
2025-11-18,Monitor 24-inch,Georgia,18
2025-11-19,Monitor 24-inch,Georgia,14
2025-11-20,Monitor 24-inch,Georgia,14
2025-11-21,Monitor 24-inch,Georgia,16
2025-11-22,Monitor 24-inch,Georgia,14
2025-11-23,Monitor 24-inch,Georgia,13
2025-11-24,Monitor 24-inch,Georgia,18
2025-11-25,Monitor 24-inch,Georgia,16
2025-11-26,Monitor 24-inch,Georgia,18
2025-11-27,Monitor 24-inch,Georgia,16
2025-11-28,Monitor 24-inch,Georgia,17
2025-11-29,Monitor 24-inch,Georgia,13
2025-11-30,Monitor 24-inch,Georgia,14
2025-12-01,Monitor 24-inch,Georgia,17
2025-12-02,Monitor 24-inch,Georgia,16
2025-12-03,Monitor 24-inch,Georgia,20
2025-12-04,Monitor 24-inch,Georgia,20
2025-12-05,Monitor 24-inch,Georgia,16
2025-12-06,Monitor 24-inch,Georgia,11
2025-12-07,Monitor 24-inch,Georgia,14
2025-12-08,Monitor 24-inch,Georgia,14
2025-12-09,Monitor 24-inch,Georgia,14
2025-12-10,Monitor 24-inch,Georgia,16
2025-12-11,Monitor 24-inch,Georgia,17
2025-12-12,Monitor 24-inch,Georgia,15
2025-12-13,Monitor 24-inch,Georgia,13
2025-12-14,Monitor 24-inch,Georgia,13
2025-12-15,Monitor 24-inch,Georgia,16
2025-12-16,Monitor 24-inch,Georgia,21
2025-12-17,Monitor 24-inch,Georgia,18
2025-12-18,Monitor 24-inch,Georgia,19
2025-12-19,Monitor 24-inch,Georgia,14
2025-12-20,Monitor 24-inch,Georgia,10
2025-12-21,Monitor 24-inch,Georgia,13
2025-12-22,Monitor 24-inch,Georgia,21
2025-12-23,Monitor 24-inch,Georgia,15
2025-12-24,Monitor 24-inch,Georgia,17
2025-12-25,Monitor 24-inch,Georgia,14
2025-12-26,Monitor 24-inch,Georgia,15
2025-12-27,Monitor 24-inch,Georgia,13
2025-12-28,Monitor 24-inch,Georgia,12
2025-12-29,Monitor 24-inch,Georgia,14
2025-12-30,Monitor 24-inch,Georgia,14
2025-12-31,Monitor 24-inch,Georgia,13
2026-01-01,Monitor 24-inch,Georgia,16
2026-01-02,Monitor 24-inch,Georgia,16
2026-01-03,Monitor 24-inch,Georgia,12
2026-01-04,Monitor 24-inch,Georgia,10
2026-01-05,Monitor 24-inch,Georgia,17
2026-01-06,Monitor 24-inch,Georgia,16
2026-01-07,Monitor 24-inch,Georgia,15
2026-01-08,Monitor 24-inch,Georgia,15
2026-01-09,Monitor 24-inch,Georgia,14
2026-01-10,Monitor 24-inch,Georgia,11
2026-01-11,Monitor 24-inch,Georgia,13
2026-01-12,Monitor 24-inch,Georgia,17
2026-01-13,Monitor 24-inch,Georgia,15
2026-01-14,Monitor 24-inch,Georgia,16
2026-01-15,Monitor 24-inch,Georgia,13
2026-01-16,Monitor 24-inch,Georgia,16
2026-01-17,Monitor 24-inch,Georgia,10
2026-01-18,Monitor 24-inch,Georgia,12
2026-01-19,Monitor 24-inch,Georgia,21
2026-01-20,Monitor 24-inch,Georgia,14
2026-01-21,Monitor 24-inch,Georgia,20
2026-01-22,Monitor 24-inch,Georgia,16
2026-01-23,Monitor 24-inch,Georgia,14
2026-01-24,Monitor 24-inch,Georgia,10
2026-01-25,Monitor 24-inch,Georgia,14
2026-01-26,Monitor 24-inch,Georgia,16
2026-01-27,Monitor 24-inch,Georgia,14
2026-01-28,Monitor 24-inch,Georgia,15
2026-01-29,Monitor 24-inch,Georgia,16
2026-01-30,Monitor 24-inch,Georgia,15
2026-01-31,Monitor 24-inch,Georgia,12
2026-02-01,Monitor 24-inch,Georgia,14
2026-02-02,Monitor 24-inch,Georgia,14
2026-02-03,Monitor 24-inch,Georgia,17
2026-02-04,Monitor 24-inch,Georgia,16
2026-02-05,Monitor 24-inch,Georgia,15
2026-02-06,Monitor 24-inch,Georgia,18
2026-02-07,Monitor 24-inch,Georgia,10
2026-02-08,Monitor 24-inch,Georgia,8
2026-02-09,Monitor 24-inch,Georgia,16
2026-02-10,Monitor 24-inch,Georgia,16
2026-02-11,Monitor 24-inch,Georgia,13
2026-02-12,Monitor 24-inch,Georgia,13
2026-02-13,Monitor 24-inch,Georgia,20
2026-02-14,Monitor 24-inch,Georgia,12
2026-02-15,Monitor 24-inch,Georgia,12
2026-02-16,Monitor 24-inch,Georgia,20
2026-02-17,Monitor 24-inch,Georgia,18
2026-02-18,Monitor 24-inch,Georgia,19
2026-02-19,Monitor 24-inch,Georgia,14
2026-02-20,Monitor 24-inch,Georgia,14
2026-02-21,Monitor 24-inch,Georgia,13
2026-02-22,Monitor 24-inch,Georgia,12
2026-02-23,Monitor 24-inch,Georgia,18
2026-02-24,Monitor 24-inch,Georgia,13
2026-02-25,Monitor 24-inch,Georgia,17
2026-02-26,Monitor 24-inch,Georgia,18
2026-02-27,Monitor 24-inch,Georgia,18
2026-02-28,Monitor 24-inch,Georgia,11
2026-03-01,Monitor 24-inch,Georgia,13
2026-03-02,Monitor 24-inch,Georgia,15
2026-03-03,Monitor 24-inch,Georgia,16
2026-03-04,Monitor 24-inch,Georgia,15
2026-03-05,Monitor 24-inch,Georgia,15
2026-03-06,Monitor 24-inch,Georgia,16
2026-03-07,Monitor 24-inch,Georgia,12
2026-03-08,Monitor 24-inch,Georgia,11
2026-03-09,Monitor 24-inch,Georgia,14
2026-03-10,Monitor 24-inch,Georgia,21
2026-03-11,Monitor 24-inch,Georgia,16
2026-03-12,Monitor 24-inch,Georgia,17
2026-03-13,Monitor 24-inch,Georgia,13
2026-03-14,Monitor 24-inch,Georgia,14
2026-03-15,Monitor 24-inch,Georgia,12
2026-03-16,Monitor 24-inch,Georgia,16
2026-03-17,Monitor 24-inch,Georgia,16
2026-03-18,Monitor 24-inch,Georgia,18
2026-03-19,Monitor 24-inch,Georgia,11
2026-03-20,Monitor 24-inch,Georgia,15
2026-03-21,Monitor 24-inch,Georgia,12
2026-03-22,Monitor 24-inch,Georgia,12
2026-03-23,Monitor 24-inch,Georgia,22
2026-03-24,Monitor 24-inch,Georgia,16
2026-03-25,Monitor 24-inch,Georgia,19
2026-03-26,Monitor 24-inch,Georgia,20
2026-03-27,Monitor 24-inch,Georgia,18
2026-03-28,Monitor 24-inch,Georgia,11
2026-03-29,Monitor 24-inch,Georgia,10
2026-03-30,Monitor 24-inch,Georgia,18
2026-03-31,Monitor 24-inch,Georgia,20
2026-04-01,Monitor 24-inch,Georgia,18
2026-04-02,Monitor 24-inch,Georgia,19
2026-04-03,Monitor 24-inch,Georgia,22
2026-04-04,Monitor 24-inch,Georgia,14
2026-04-05,Monitor 24-inch,Georgia,11
2026-04-06,Monitor 24-inch,Georgia,17
2026-04-07,Monitor 24-inch,Georgia,20
2026-04-08,Monitor 24-inch,Georgia,16
2026-04-09,Monitor 24-inch,Georgia,20
2026-04-10,Monitor 24-inch,Georgia,17
2026-04-11,Monitor 24-inch,Georgia,13
2026-04-12,Monitor 24-inch,Georgia,12
2026-04-13,Monitor 24-inch,Georgia,17
2026-04-14,Monitor 24-inch,Georgia,17
2026-04-15,Monitor 24-inch,Georgia,14
2026-04-16,Monitor 24-inch,Georgia,16
2026-04-17,Monitor 24-inch,Georgia,14
2026-04-18,Monitor 24-inch,Georgia,12
2026-04-19,Monitor 24-inch,Georgia,11
2026-04-20,Monitor 24-inch,Georgia,19
2026-04-21,Monitor 24-inch,Georgia,19
2026-04-22,Monitor 24-inch,Georgia,18
2026-04-23,Monitor 24-inch,Georgia,14
2026-04-24,Monitor 24-inch,Georgia,17
2026-04-25,Monitor 24-inch,Georgia,10
2026-04-26,Monitor 24-inch,Georgia,12
2026-04-27,Monitor 24-inch,Georgia,18
2026-04-28,Monitor 24-inch,Georgia,19
2026-04-29,Monitor 24-inch,Georgia,18
2026-04-30,Monitor 24-inch,Georgia,19
2026-05-01,Monitor 24-inch,Georgia,17
2026-05-02,Monitor 24-inch,Georgia,12
2026-05-03,Monitor 24-inch,Georgia,14
2026-05-04,Monitor 24-inch,Georgia,19
2026-05-05,Monitor 24-inch,Georgia,16
2026-05-06,Monitor 24-inch,Georgia,17
2026-05-07,Monitor 24-inch,Georgia,16
2026-05-08,Monitor 24-inch,Georgia,13
2026-05-09,Monitor 24-inch,Georgia,13
2026-05-10,Monitor 24-inch,Georgia,10
2026-05-11,Monitor 24-inch,Georgia,17
2026-05-12,Monitor 24-inch,Georgia,14
2026-05-13,Monitor 24-inch,Georgia,15
2026-05-14,Monitor 24-inch,Georgia,16
2026-05-15,Monitor 24-inch,Georgia,19
2026-05-16,Monitor 24-inch,Georgia,11
2026-05-17,Monitor 24-inch,Georgia,11
2026-05-18,Monitor 24-inch,Georgia,17
2026-05-19,Monitor 24-inch,Georgia,16
2026-05-20,Monitor 24-inch,Georgia,18
2026-05-21,Monitor 24-inch,Georgia,15
2026-05-22,Monitor 24-inch,Georgia,17
2026-05-23,Monitor 24-inch,Georgia,16
2026-05-24,Monitor 24-inch,Georgia,12
2026-05-25,Monitor 24-inch,Georgia,17
2026-05-26,Monitor 24-inch,Georgia,13
2026-05-27,Monitor 24-inch,Georgia,15
2026-05-28,Monitor 24-inch,Georgia,18
2026-05-29,Monitor 24-inch,Georgia,16
2026-05-30,Monitor 24-inch,Georgia,13
2026-05-31,Monitor 24-inch,Georgia,13
2026-06-01,Monitor 24-inch,Georgia,13
2026-06-02,Monitor 24-inch,Georgia,18
2026-06-03,Monitor 24-inch,Georgia,14
2026-06-04,Monitor 24-inch,Georgia,15
2026-06-05,Monitor 24-inch,Georgia,16
2026-06-06,Monitor 24-inch,Georgia,14
2026-06-07,Monitor 24-inch,Georgia,10
2026-06-08,Monitor 24-inch,Georgia,16
2026-06-09,Monitor 24-inch,Georgia,16
2026-06-10,Monitor 24-inch,Georgia,17
2026-06-11,Monitor 24-inch,Georgia,18
2026-06-12,Monitor 24-inch,Georgia,15
2026-06-13,Monitor 24-inch,Georgia,13
2026-06-14,Monitor 24-inch,Georgia,14
2026-06-15,Monitor 24-inch,Georgia,19
2026-06-16,Monitor 24-inch,Georgia,17
2026-06-17,Monitor 24-inch,Georgia,16
2026-06-18,Monitor 24-inch,Georgia,15
2026-06-19,Monitor 24-inch,Georgia,13
2026-06-20,Monitor 24-inch,Georgia,11
2026-06-21,Monitor 24-inch,Georgia,12
2026-06-22,Monitor 24-inch,Georgia,16
2026-06-23,Monitor 24-inch,Georgia,17
2026-06-24,Monitor 24-inch,Georgia,13
2026-06-25,Monitor 24-inch,Georgia,16
2026-06-26,Monitor 24-inch,Georgia,20
2026-06-27,Monitor 24-inch,Georgia,13
2026-06-28,Monitor 24-inch,Georgia,13
2026-06-29,Monitor 24-inch,Georgia,17
2026-06-30,Monitor 24-inch,Georgia,15
2026-07-01,Monitor 24-inch,Georgia,12
2026-07-02,Monitor 24-inch,Georgia,16
2026-07-03,Monitor 24-inch,Georgia,11
2026-07-04,Monitor 24-inch,Georgia,11
2026-07-05,Monitor 24-inch,Georgia,11
2026-07-06,Monitor 24-inch,Georgia,14
2026-07-07,Monitor 24-inch,Georgia,19
2026-07-08,Monitor 24-inch,Georgia,18
2026-07-09,Monitor 24-inch,Georgia,17
2026-07-10,Monitor 24-inch,Georgia,13
2026-07-11,Monitor 24-inch,Georgia,14
2026-07-12,Monitor 24-inch,Georgia,12
2026-07-13,Monitor 24-inch,Georgia,13
2026-07-14,Monitor 24-inch,Georgia,15
2026-07-15,Monitor 24-inch,Georgia,17
2026-07-16,Monitor 24-inch,Georgia,14
2026-07-17,Monitor 24-inch,Georgia,15
2026-07-18,Monitor 24-inch,Georgia,11
2026-07-19,Monitor 24-inch,Georgia,10
2026-07-20,Monitor 24-inch,Georgia,15
2026-07-21,Monitor 24-inch,Georgia,13
2026-07-22,Monitor 24-inch,Georgia,17
2026-07-23,Monitor 24-inch,Georgia,13
2026-07-24,Monitor 24-inch,Georgia,16
2026-07-25,Monitor 24-inch,Georgia,9
2026-07-26,Monitor 24-inch,Georgia,10
2026-07-27,Monitor 24-inch,Georgia,13
2026-07-28,Monitor 24-inch,Georgia,15
2026-07-29,Monitor 24-inch,Georgia,15
2026-07-30,Monitor 24-inch,Georgia,16
2026-07-31,Monitor 24-inch,Georgia,12
2026-08-01,Monitor 24-inch,Georgia,10
2026-08-02,Monitor 24-inch,Georgia,9
2026-08-03,Monitor 24-inch,Georgia,15
2026-08-04,Monitor 24-inch,Georgia,14
2026-08-05,Monitor 24-inch,Georgia,14
2026-08-06,Monitor 24-inch,Georgia,13
2026-08-07,Monitor 24-inch,Georgia,17
2026-08-08,Monitor 24-inch,Georgia,9
2026-08-09,Monitor 24-inch,Georgia,10
2026-08-10,Monitor 24-inch,Georgia,14
2026-08-11,Monitor 24-inch,Georgia,14
2026-08-12,Monitor 24-inch,Georgia,13
2026-08-13,Monitor 24-inch,Georgia,11
2026-08-14,Monitor 24-inch,Georgia,13
2026-08-15,Monitor 24-inch,Georgia,9
2026-08-16,Monitor 24-inch,Georgia,13
2026-08-17,Monitor 24-inch,Georgia,18
2026-08-18,Monitor 24-inch,Georgia,14
2026-08-19,Monitor 24-inch,Georgia,12
2026-08-20,Monitor 24-inch,Georgia,15
2026-08-21,Monitor 24-inch,Georgia,13
2026-08-22,Monitor 24-inch,Georgia,10
2026-08-23,Monitor 24-inch,Georgia,10
2026-08-24,Monitor 24-inch,Georgia,13
2026-08-25,Monitor 24-inch,Georgia,14
2026-08-26,Monitor 24-inch,Georgia,12
2026-08-27,Monitor 24-inch,Georgia,13
2026-08-28,Monitor 24-inch,Georgia,16
2026-08-29,Monitor 24-inch,Georgia,10
2026-08-30,Monitor 24-inch,Georgia,11
2026-08-31,Monitor 24-inch,Georgia,10
2026-09-01,Monitor 24-inch,Georgia,15
2026-09-02,Monitor 24-inch,Georgia,12
2026-09-03,Monitor 24-inch,Georgia,15
2026-09-04,Monitor 24-inch,Georgia,14
2026-09-05,Monitor 24-inch,Georgia,9
2026-09-06,Monitor 24-inch,Georgia,8
2026-09-07,Monitor 24-inch,Georgia,17
2026-09-08,Monitor 24-inch,Georgia,15
2026-09-09,Monitor 24-inch,Georgia,15
2026-09-10,Monitor 24-inch,Georgia,17
2026-09-11,Monitor 24-inch,Georgia,14
2026-09-12,Monitor 24-inch,Georgia,12
2026-09-13,Monitor 24-inch,Georgia,9
2026-09-14,Monitor 24-inch,Georgia,15
2026-09-15,Monitor 24-inch,Georgia,13
2026-09-16,Monitor 24-inch,Georgia,13
2026-09-17,Monitor 24-inch,Georgia,14
2026-09-18,Monitor 24-inch,Georgia,11
2026-09-19,Monitor 24-inch,Georgia,10
2026-09-20,Monitor 24-inch,Georgia,10
2026-09-21,Monitor 24-inch,Georgia,10
2026-09-22,Monitor 24-inch,Georgia,13
2026-09-23,Monitor 24-inch,Georgia,13
2026-09-24,Monitor 24-inch,Georgia,15
2026-09-25,Monitor 24-inch,Georgia,14
2026-09-26,Monitor 24-inch,Georgia,12
2026-09-27,Monitor 24-inch,Georgia,11
2026-09-28,Monitor 24-inch,Georgia,13
2025-01-01,Monitor 24-inch,Texas,18
2025-01-02,Monitor 24-inch,Texas,17
2025-01-03,Monitor 24-inch,Texas,19
2025-01-04,Monitor 24-inch,Texas,13
2025-01-05,Monitor 24-inch,Texas,12
2025-01-06,Monitor 24-inch,Texas,18
2025-01-07,Monitor 24-inch,Texas,19
2025-01-08,Monitor 24-inch,Texas,16
2025-01-09,Monitor 24-inch,Texas,18
2025-01-10,Monitor 24-inch,Texas,14
2025-01-11,Monitor 24-inch,Texas,15
2025-01-12,Monitor 24-inch,Texas,14
2025-01-13,Monitor 24-inch,Texas,21
2025-01-14,Monitor 24-inch,Texas,15
2025-01-15,Monitor 24-inch,Texas,20
2025-01-16,Monitor 24-inch,Texas,20
2025-01-17,Monitor 24-inch,Texas,17
2025-01-18,Monitor 24-inch,Texas,12
2025-01-19,Monitor 24-inch,Texas,11
2025-01-20,Monitor 24-inch,Texas,15
2025-01-21,Monitor 24-inch,Texas,16
2025-01-22,Monitor 24-inch,Texas,15
2025-01-23,Monitor 24-inch,Texas,21
2025-01-24,Monitor 24-inch,Texas,14
2025-01-25,Monitor 24-inch,Texas,13
2025-01-26,Monitor 24-inch,Texas,14
2025-01-27,Monitor 24-inch,Texas,18
2025-01-28,Monitor 24-inch,Texas,19
2025-01-29,Monitor 24-inch,Texas,20
2025-01-30,Monitor 24-inch,Texas,17
2025-01-31,Monitor 24-inch,Texas,18
2025-02-01,Monitor 24-inch,Texas,13
2025-02-02,Monitor 24-inch,Texas,16
2025-02-03,Monitor 24-inch,Texas,23
2025-02-04,Monitor 24-inch,Texas,16
2025-02-05,Monitor 24-inch,Texas,14
2025-02-06,Monitor 24-inch,Texas,20
2025-02-07,Monitor 24-inch,Texas,21
2025-02-08,Monitor 24-inch,Texas,17
2025-02-09,Monitor 24-inch,Texas,15
2025-02-10,Monitor 24-inch,Texas,22
2025-02-11,Monitor 24-inch,Texas,22
2025-02-12,Monitor 24-inch,Texas,22
2025-02-13,Monitor 24-inch,Texas,21
2025-02-14,Monitor 24-inch,Texas,16
2025-02-15,Monitor 24-inch,Texas,14
2025-02-16,Monitor 24-inch,Texas,14
2025-02-17,Monitor 24-inch,Texas,18
2025-02-18,Monitor 24-inch,Texas,19
2025-02-19,Monitor 24-inch,Texas,22
2025-02-20,Monitor 24-inch,Texas,17
2025-02-21,Monitor 24-inch,Texas,20
2025-02-22,Monitor 24-inch,Texas,14
2025-02-23,Monitor 24-inch,Texas,12
2025-02-24,Monitor 24-inch,Texas,16
2025-02-25,Monitor 24-inch,Texas,15
2025-02-26,Monitor 24-inch,Texas,20
2025-02-27,Monitor 24-inch,Texas,19
2025-02-28,Monitor 24-inch,Texas,17
2025-03-01,Monitor 24-inch,Texas,11
2025-03-02,Monitor 24-inch,Texas,15
2025-03-03,Monitor 24-inch,Texas,19
2025-03-04,Monitor 24-inch,Texas,18
2025-03-05,Monitor 24-inch,Texas,17
2025-03-06,Monitor 24-inch,Texas,19
2025-03-07,Monitor 24-inch,Texas,21
2025-03-08,Monitor 24-inch,Texas,14
2025-03-09,Monitor 24-inch,Texas,12
2025-03-10,Monitor 24-inch,Texas,19
2025-03-11,Monitor 24-inch,Texas,22
2025-03-12,Monitor 24-inch,Texas,20
2025-03-13,Monitor 24-inch,Texas,20
2025-03-14,Monitor 24-inch,Texas,19
2025-03-15,Monitor 24-inch,Texas,13
2025-03-16,Monitor 24-inch,Texas,13
2025-03-17,Monitor 24-inch,Texas,16
2025-03-18,Monitor 24-inch,Texas,22
2025-03-19,Monitor 24-inch,Texas,21
2025-03-20,Monitor 24-inch,Texas,20
2025-03-21,Monitor 24-inch,Texas,20
2025-03-22,Monitor 24-inch,Texas,15
2025-03-23,Monitor 24-inch,Texas,13
2025-03-24,Monitor 24-inch,Texas,19
2025-03-25,Monitor 24-inch,Texas,18
2025-03-26,Monitor 24-inch,Texas,25
2025-03-27,Monitor 24-inch,Texas,22
2025-03-28,Monitor 24-inch,Texas,20
2025-03-29,Monitor 24-inch,Texas,17
2025-03-30,Monitor 24-inch,Texas,16
2025-03-31,Monitor 24-inch,Texas,16
2025-04-01,Monitor 24-inch,Texas,19
2025-04-02,Monitor 24-inch,Texas,20
2025-04-03,Monitor 24-inch,Texas,21
2025-04-04,Monitor 24-inch,Texas,19
2025-04-05,Monitor 24-inch,Texas,14
2025-04-06,Monitor 24-inch,Texas,14
2025-04-07,Monitor 24-inch,Texas,22
2025-04-08,Monitor 24-inch,Texas,16
2025-04-09,Monitor 24-inch,Texas,19
2025-04-10,Monitor 24-inch,Texas,15
2025-04-11,Monitor 24-inch,Texas,17
2025-04-12,Monitor 24-inch,Texas,15
2025-04-13,Monitor 24-inch,Texas,15
2025-04-14,Monitor 24-inch,Texas,19
2025-04-15,Monitor 24-inch,Texas,22
2025-04-16,Monitor 24-inch,Texas,23
2025-04-17,Monitor 24-inch,Texas,20
2025-04-18,Monitor 24-inch,Texas,20
2025-04-19,Monitor 24-inch,Texas,14
2025-04-20,Monitor 24-inch,Texas,16
2025-04-21,Monitor 24-inch,Texas,17
2025-04-22,Monitor 24-inch,Texas,24
2025-04-23,Monitor 24-inch,Texas,22
2025-04-24,Monitor 24-inch,Texas,17
2025-04-25,Monitor 24-inch,Texas,18
2025-04-26,Monitor 24-inch,Texas,15
2025-04-27,Monitor 24-inch,Texas,14
2025-04-28,Monitor 24-inch,Texas,21
2025-04-29,Monitor 24-inch,Texas,19
2025-04-30,Monitor 24-inch,Texas,23
2025-05-01,Monitor 24-inch,Texas,19
2025-05-02,Monitor 24-inch,Texas,25
2025-05-03,Monitor 24-inch,Texas,15
2025-05-04,Monitor 24-inch,Texas,12
2025-05-05,Monitor 24-inch,Texas,24
2025-05-06,Monitor 24-inch,Texas,22
2025-05-07,Monitor 24-inch,Texas,20
2025-05-08,Monitor 24-inch,Texas,21
2025-05-09,Monitor 24-inch,Texas,17
2025-05-10,Monitor 24-inch,Texas,11
2025-05-11,Monitor 24-inch,Texas,14
2025-05-12,Monitor 24-inch,Texas,23
2025-05-13,Monitor 24-inch,Texas,20
2025-05-14,Monitor 24-inch,Texas,23
2025-05-15,Monitor 24-inch,Texas,23
2025-05-16,Monitor 24-inch,Texas,20
2025-05-17,Monitor 24-inch,Texas,16
2025-05-18,Monitor 24-inch,Texas,17
2025-05-19,Monitor 24-inch,Texas,19
2025-05-20,Monitor 24-inch,Texas,19
2025-05-21,Monitor 24-inch,Texas,20
2025-05-22,Monitor 24-inch,Texas,14
2025-05-23,Monitor 24-inch,Texas,20
2025-05-24,Monitor 24-inch,Texas,15
2025-05-25,Monitor 24-inch,Texas,15
2025-05-26,Monitor 24-inch,Texas,20
2025-05-27,Monitor 24-inch,Texas,19
2025-05-28,Monitor 24-inch,Texas,15
2025-05-29,Monitor 24-inch,Texas,23
2025-05-30,Monitor 24-inch,Texas,19
2025-05-31,Monitor 24-inch,Texas,13
2025-06-01,Monitor 24-inch,Texas,16
2025-06-02,Monitor 24-inch,Texas,21
2025-06-03,Monitor 24-inch,Texas,19
2025-06-04,Monitor 24-inch,Texas,20
2025-06-05,Monitor 24-inch,Texas,16
2025-06-06,Monitor 24-inch,Texas,19
2025-06-07,Monitor 24-inch,Texas,16
2025-06-08,Monitor 24-inch,Texas,13
2025-06-09,Monitor 24-inch,Texas,16
2025-06-10,Monitor 24-inch,Texas,19
2025-06-11,Monitor 24-inch,Texas,19
2025-06-12,Monitor 24-inch,Texas,20
2025-06-13,Monitor 24-inch,Texas,16
2025-06-14,Monitor 24-inch,Texas,10
2025-06-15,Monitor 24-inch,Texas,15
2025-06-16,Monitor 24-inch,Texas,16
2025-06-17,Monitor 24-inch,Texas,17
2025-06-18,Monitor 24-inch,Texas,14
2025-06-19,Monitor 24-inch,Texas,21
2025-06-20,Monitor 24-inch,Texas,19
2025-06-21,Monitor 24-inch,Texas,14
2025-06-22,Monitor 24-inch,Texas,14
2025-06-23,Monitor 24-inch,Texas,14
2025-06-24,Monitor 24-inch,Texas,16
2025-06-25,Monitor 24-inch,Texas,18
2025-06-26,Monitor 24-inch,Texas,17
2025-06-27,Monitor 24-inch,Texas,18
2025-06-28,Monitor 24-inch,Texas,14
2025-06-29,Monitor 24-inch,Texas,15
2025-06-30,Monitor 24-inch,Texas,15
2025-07-01,Monitor 24-inch,Texas,18
2025-07-02,Monitor 24-inch,Texas,19
2025-07-03,Monitor 24-inch,Texas,16
2025-07-04,Monitor 24-inch,Texas,17
2025-07-05,Monitor 24-inch,Texas,14
2025-07-06,Monitor 24-inch,Texas,13
2025-07-07,Monitor 24-inch,Texas,19
2025-07-08,Monitor 24-inch,Texas,18
2025-07-09,Monitor 24-inch,Texas,17
2025-07-10,Monitor 24-inch,Texas,15
2025-07-11,Monitor 24-inch,Texas,18
2025-07-12,Monitor 24-inch,Texas,13
2025-07-13,Monitor 24-inch,Texas,11
2025-07-14,Monitor 24-inch,Texas,19
2025-07-15,Monitor 24-inch,Texas,20
2025-07-16,Monitor 24-inch,Texas,16
2025-07-17,Monitor 24-inch,Texas,16
2025-07-18,Monitor 24-inch,Texas,16
2025-07-19,Monitor 24-inch,Texas,10
2025-07-20,Monitor 24-inch,Texas,16
2025-07-21,Monitor 24-inch,Texas,17
2025-07-22,Monitor 24-inch,Texas,16
2025-07-23,Monitor 24-inch,Texas,15
2025-07-24,Monitor 24-inch,Texas,17
2025-07-25,Monitor 24-inch,Texas,16
2025-07-26,Monitor 24-inch,Texas,15
2025-07-27,Monitor 24-inch,Texas,11
2025-07-28,Monitor 24-inch,Texas,14
2025-07-29,Monitor 24-inch,Texas,19
2025-07-30,Monitor 24-inch,Texas,17
2025-07-31,Monitor 24-inch,Texas,17
2025-08-01,Monitor 24-inch,Texas,18
2025-08-02,Monitor 24-inch,Texas,12
2025-08-03,Monitor 24-inch,Texas,12
2025-08-04,Monitor 24-inch,Texas,14
2025-08-05,Monitor 24-inch,Texas,13
2025-08-06,Monitor 24-inch,Texas,15
2025-08-07,Monitor 24-inch,Texas,14
2025-08-08,Monitor 24-inch,Texas,17
2025-08-09,Monitor 24-inch,Texas,10
2025-08-10,Monitor 24-inch,Texas,11
2025-08-11,Monitor 24-inch,Texas,16
2025-08-12,Monitor 24-inch,Texas,17
2025-08-13,Monitor 24-inch,Texas,17
2025-08-14,Monitor 24-inch,Texas,16
2025-08-15,Monitor 24-inch,Texas,15
2025-08-16,Monitor 24-inch,Texas,14
2025-08-17,Monitor 24-inch,Texas,12
2025-08-18,Monitor 24-inch,Texas,19
2025-08-19,Monitor 24-inch,Texas,16
2025-08-20,Monitor 24-inch,Texas,17
2025-08-21,Monitor 24-inch,Texas,16
2025-08-22,Monitor 24-inch,Texas,17
2025-08-23,Monitor 24-inch,Texas,12
2025-08-24,Monitor 24-inch,Texas,12
2025-08-25,Monitor 24-inch,Texas,20
2025-08-26,Monitor 24-inch,Texas,19
2025-08-27,Monitor 24-inch,Texas,19
2025-08-28,Monitor 24-inch,Texas,14
2025-08-29,Monitor 24-inch,Texas,14
2025-08-30,Monitor 24-inch,Texas,12
2025-08-31,Monitor 24-inch,Texas,13
2025-09-01,Monitor 24-inch,Texas,15
2025-09-02,Monitor 24-inch,Texas,14
2025-09-03,Monitor 24-inch,Texas,18
2025-09-04,Monitor 24-inch,Texas,17
2025-09-05,Monitor 24-inch,Texas,18
2025-09-06,Monitor 24-inch,Texas,11
2025-09-07,Monitor 24-inch,Texas,11
2025-09-08,Monitor 24-inch,Texas,18
2025-09-09,Monitor 24-inch,Texas,15
2025-09-10,Monitor 24-inch,Texas,15
2025-09-11,Monitor 24-inch,Texas,14
2025-09-12,Monitor 24-inch,Texas,15
2025-09-13,Monitor 24-inch,Texas,13
2025-09-14,Monitor 24-inch,Texas,9
2025-09-15,Monitor 24-inch,Texas,17
2025-09-16,Monitor 24-inch,Texas,14
2025-09-17,Monitor 24-inch,Texas,15
2025-09-18,Monitor 24-inch,Texas,16
2025-09-19,Monitor 24-inch,Texas,15
2025-09-20,Monitor 24-inch,Texas,11
2025-09-21,Monitor 24-inch,Texas,11
2025-09-22,Monitor 24-inch,Texas,15
2025-09-23,Monitor 24-inch,Texas,18
2025-09-24,Monitor 24-inch,Texas,16
2025-09-25,Monitor 24-inch,Texas,16
2025-09-26,Monitor 24-inch,Texas,15
2025-09-27,Monitor 24-inch,Texas,11
2025-09-28,Monitor 24-inch,Texas,11
2025-09-29,Monitor 24-inch,Texas,17
2025-09-30,Monitor 24-inch,Texas,14
2025-10-01,Monitor 24-inch,Texas,11
2025-10-02,Monitor 24-inch,Texas,16
2025-10-03,Monitor 24-inch,Texas,15
2025-10-04,Monitor 24-inch,Texas,11
2025-10-05,Monitor 24-inch,Texas,13
2025-10-06,Monitor 24-inch,Texas,10
2025-10-07,Monitor 24-inch,Texas,18
2025-10-08,Monitor 24-inch,Texas,17
2025-10-09,Monitor 24-inch,Texas,14
2025-10-10,Monitor 24-inch,Texas,15
2025-10-11,Monitor 24-inch,Texas,12
2025-10-12,Monitor 24-inch,Texas,12
2025-10-13,Monitor 24-inch,Texas,14
2025-10-14,Monitor 24-inch,Texas,13
2025-10-15,Monitor 24-inch,Texas,19
2025-10-16,Monitor 24-inch,Texas,17
2025-10-17,Monitor 24-inch,Texas,16
2025-10-18,Monitor 24-inch,Texas,12
2025-10-19,Monitor 24-inch,Texas,12
2025-10-20,Monitor 24-inch,Texas,17
2025-10-21,Monitor 24-inch,Texas,12
2025-10-22,Monitor 24-inch,Texas,15
2025-10-23,Monitor 24-inch,Texas,15
2025-10-24,Monitor 24-inch,Texas,15
2025-10-25,Monitor 24-inch,Texas,12
2025-10-26,Monitor 24-inch,Texas,9
2025-10-27,Monitor 24-inch,Texas,13
2025-10-28,Monitor 24-inch,Texas,14
2025-10-29,Monitor 24-inch,Texas,16
2025-10-30,Monitor 24-inch,Texas,17
2025-10-31,Monitor 24-inch,Texas,19
2025-11-01,Monitor 24-inch,Texas,13
2025-11-02,Monitor 24-inch,Texas,15
2025-11-03,Monitor 24-inch,Texas,20
2025-11-04,Monitor 24-inch,Texas,20
2025-11-05,Monitor 24-inch,Texas,19
2025-11-06,Monitor 24-inch,Texas,18
2025-11-07,Monitor 24-inch,Texas,16
2025-11-08,Monitor 24-inch,Texas,12
2025-11-09,Monitor 24-inch,Texas,14
2025-11-10,Monitor 24-inch,Texas,19
2025-11-11,Monitor 24-inch,Texas,18
2025-11-12,Monitor 24-inch,Texas,20
2025-11-13,Monitor 24-inch,Texas,18
2025-11-14,Monitor 24-inch,Texas,17
2025-11-15,Monitor 24-inch,Texas,13
2025-11-16,Monitor 24-inch,Texas,15
2025-11-17,Monitor 24-inch,Texas,16
2025-11-18,Monitor 24-inch,Texas,19
2025-11-19,Monitor 24-inch,Texas,19
2025-11-20,Monitor 24-inch,Texas,17
2025-11-21,Monitor 24-inch,Texas,18
2025-11-22,Monitor 24-inch,Texas,11
2025-11-23,Monitor 24-inch,Texas,14
2025-11-24,Monitor 24-inch,Texas,16
2025-11-25,Monitor 24-inch,Texas,21
2025-11-26,Monitor 24-inch,Texas,18
2025-11-27,Monitor 24-inch,Texas,17
2025-11-28,Monitor 24-inch,Texas,21
2025-11-29,Monitor 24-inch,Texas,12
2025-11-30,Monitor 24-inch,Texas,12
2025-12-01,Monitor 24-inch,Texas,15
2025-12-02,Monitor 24-inch,Texas,23
2025-12-03,Monitor 24-inch,Texas,24
2025-12-04,Monitor 24-inch,Texas,16
2025-12-05,Monitor 24-inch,Texas,18
2025-12-06,Monitor 24-inch,Texas,14
2025-12-07,Monitor 24-inch,Texas,13
2025-12-08,Monitor 24-inch,Texas,19
2025-12-09,Monitor 24-inch,Texas,19
2025-12-10,Monitor 24-inch,Texas,21
2025-12-11,Monitor 24-inch,Texas,17
2025-12-12,Monitor 24-inch,Texas,20
2025-12-13,Monitor 24-inch,Texas,12
2025-12-14,Monitor 24-inch,Texas,14
2025-12-15,Monitor 24-inch,Texas,15
2025-12-16,Monitor 24-inch,Texas,19
2025-12-17,Monitor 24-inch,Texas,18
2025-12-18,Monitor 24-inch,Texas,22
2025-12-19,Monitor 24-inch,Texas,19
2025-12-20,Monitor 24-inch,Texas,15
2025-12-21,Monitor 24-inch,Texas,14
2025-12-22,Monitor 24-inch,Texas,15
2025-12-23,Monitor 24-inch,Texas,15
2025-12-24,Monitor 24-inch,Texas,19
2025-12-25,Monitor 24-inch,Texas,20
2025-12-26,Monitor 24-inch,Texas,19
2025-12-27,Monitor 24-inch,Texas,13
2025-12-28,Monitor 24-inch,Texas,14
2025-12-29,Monitor 24-inch,Texas,19
2025-12-30,Monitor 24-inch,Texas,21
2025-12-31,Monitor 24-inch,Texas,21
2026-01-01,Monitor 24-inch,Texas,16
2026-01-02,Monitor 24-inch,Texas,18
2026-01-03,Monitor 24-inch,Texas,13
2026-01-04,Monitor 24-inch,Texas,14
2026-01-05,Monitor 24-inch,Texas,21
2026-01-06,Monitor 24-inch,Texas,18
2026-01-07,Monitor 24-inch,Texas,20
2026-01-08,Monitor 24-inch,Texas,15
2026-01-09,Monitor 24-inch,Texas,16
2026-01-10,Monitor 24-inch,Texas,10
2026-01-11,Monitor 24-inch,Texas,13
2026-01-12,Monitor 24-inch,Texas,19
2026-01-13,Monitor 24-inch,Texas,12
2026-01-14,Monitor 24-inch,Texas,18
2026-01-15,Monitor 24-inch,Texas,19
2026-01-16,Monitor 24-inch,Texas,19
2026-01-17,Monitor 24-inch,Texas,11
2026-01-18,Monitor 24-inch,Texas,14
2026-01-19,Monitor 24-inch,Texas,18
2026-01-20,Monitor 24-inch,Texas,19
2026-01-21,Monitor 24-inch,Texas,17
2026-01-22,Monitor 24-inch,Texas,18
2026-01-23,Monitor 24-inch,Texas,20
2026-01-24,Monitor 24-inch,Texas,13
2026-01-25,Monitor 24-inch,Texas,13
2026-01-26,Monitor 24-inch,Texas,20
2026-01-27,Monitor 24-inch,Texas,17
2026-01-28,Monitor 24-inch,Texas,15
2026-01-29,Monitor 24-inch,Texas,19
2026-01-30,Monitor 24-inch,Texas,21
2026-01-31,Monitor 24-inch,Texas,15
2026-02-01,Monitor 24-inch,Texas,15
2026-02-02,Monitor 24-inch,Texas,13
2026-02-03,Monitor 24-inch,Texas,17
2026-02-04,Monitor 24-inch,Texas,17
2026-02-05,Monitor 24-inch,Texas,19
2026-02-06,Monitor 24-inch,Texas,22
2026-02-07,Monitor 24-inch,Texas,12
2026-02-08,Monitor 24-inch,Texas,17
2026-02-09,Monitor 24-inch,Texas,18
2026-02-10,Monitor 24-inch,Texas,17
2026-02-11,Monitor 24-inch,Texas,21
2026-02-12,Monitor 24-inch,Texas,21
2026-02-13,Monitor 24-inch,Texas,20
2026-02-14,Monitor 24-inch,Texas,12
2026-02-15,Monitor 24-inch,Texas,15
2026-02-16,Monitor 24-inch,Texas,16
2026-02-17,Monitor 24-inch,Texas,17
2026-02-18,Monitor 24-inch,Texas,18
2026-02-19,Monitor 24-inch,Texas,17
2026-02-20,Monitor 24-inch,Texas,21
2026-02-21,Monitor 24-inch,Texas,13
2026-02-22,Monitor 24-inch,Texas,13
2026-02-23,Monitor 24-inch,Texas,17
2026-02-24,Monitor 24-inch,Texas,21
2026-02-25,Monitor 24-inch,Texas,17
2026-02-26,Monitor 24-inch,Texas,21
2026-02-27,Monitor 24-inch,Texas,21
2026-02-28,Monitor 24-inch,Texas,13
2026-03-01,Monitor 24-inch,Texas,14
2026-03-02,Monitor 24-inch,Texas,18
2026-03-03,Monitor 24-inch,Texas,21
2026-03-04,Monitor 24-inch,Texas,19
2026-03-05,Monitor 24-inch,Texas,18
2026-03-06,Monitor 24-inch,Texas,20
2026-03-07,Monitor 24-inch,Texas,12
2026-03-08,Monitor 24-inch,Texas,14
2026-03-09,Monitor 24-inch,Texas,21
2026-03-10,Monitor 24-inch,Texas,20
2026-03-11,Monitor 24-inch,Texas,22
2026-03-12,Monitor 24-inch,Texas,19
2026-03-13,Monitor 24-inch,Texas,18
2026-03-14,Monitor 24-inch,Texas,12
2026-03-15,Monitor 24-inch,Texas,14
2026-03-16,Monitor 24-inch,Texas,24
2026-03-17,Monitor 24-inch,Texas,20
2026-03-18,Monitor 24-inch,Texas,18
2026-03-19,Monitor 24-inch,Texas,17
2026-03-20,Monitor 24-inch,Texas,16
2026-03-21,Monitor 24-inch,Texas,13
2026-03-22,Monitor 24-inch,Texas,16
2026-03-23,Monitor 24-inch,Texas,18
2026-03-24,Monitor 24-inch,Texas,17
2026-03-25,Monitor 24-inch,Texas,17
2026-03-26,Monitor 24-inch,Texas,21
2026-03-27,Monitor 24-inch,Texas,19
2026-03-28,Monitor 24-inch,Texas,13
2026-03-29,Monitor 24-inch,Texas,14
2026-03-30,Monitor 24-inch,Texas,25
2026-03-31,Monitor 24-inch,Texas,22
2026-04-01,Monitor 24-inch,Texas,23
2026-04-02,Monitor 24-inch,Texas,16
2026-04-03,Monitor 24-inch,Texas,19
2026-04-04,Monitor 24-inch,Texas,13
2026-04-05,Monitor 24-inch,Texas,15
2026-04-06,Monitor 24-inch,Texas,22
2026-04-07,Monitor 24-inch,Texas,21
2026-04-08,Monitor 24-inch,Texas,18
2026-04-09,Monitor 24-inch,Texas,18
2026-04-10,Monitor 24-inch,Texas,21
2026-04-11,Monitor 24-inch,Texas,16
2026-04-12,Monitor 24-inch,Texas,15
2026-04-13,Monitor 24-inch,Texas,20
2026-04-14,Monitor 24-inch,Texas,20
2026-04-15,Monitor 24-inch,Texas,20
2026-04-16,Monitor 24-inch,Texas,21
2026-04-17,Monitor 24-inch,Texas,21
2026-04-18,Monitor 24-inch,Texas,15
2026-04-19,Monitor 24-inch,Texas,14
2026-04-20,Monitor 24-inch,Texas,20
2026-04-21,Monitor 24-inch,Texas,18
2026-04-22,Monitor 24-inch,Texas,18
2026-04-23,Monitor 24-inch,Texas,21
2026-04-24,Monitor 24-inch,Texas,18
2026-04-25,Monitor 24-inch,Texas,16
2026-04-26,Monitor 24-inch,Texas,14
2026-04-27,Monitor 24-inch,Texas,22
2026-04-28,Monitor 24-inch,Texas,21
2026-04-29,Monitor 24-inch,Texas,22
2026-04-30,Monitor 24-inch,Texas,19
2026-05-01,Monitor 24-inch,Texas,20
2026-05-02,Monitor 24-inch,Texas,16
2026-05-03,Monitor 24-inch,Texas,12
2026-05-04,Monitor 24-inch,Texas,23
2026-05-05,Monitor 24-inch,Texas,25
2026-05-06,Monitor 24-inch,Texas,22
2026-05-07,Monitor 24-inch,Texas,21
2026-05-08,Monitor 24-inch,Texas,21
2026-05-09,Monitor 24-inch,Texas,14
2026-05-10,Monitor 24-inch,Texas,14
2026-05-11,Monitor 24-inch,Texas,22
2026-05-12,Monitor 24-inch,Texas,17
2026-05-13,Monitor 24-inch,Texas,17
2026-05-14,Monitor 24-inch,Texas,19
2026-05-15,Monitor 24-inch,Texas,21
2026-05-16,Monitor 24-inch,Texas,13
2026-05-17,Monitor 24-inch,Texas,14
2026-05-18,Monitor 24-inch,Texas,19
2026-05-19,Monitor 24-inch,Texas,17
2026-05-20,Monitor 24-inch,Texas,14
2026-05-21,Monitor 24-inch,Texas,17
2026-05-22,Monitor 24-inch,Texas,20
2026-05-23,Monitor 24-inch,Texas,15
2026-05-24,Monitor 24-inch,Texas,15
2026-05-25,Monitor 24-inch,Texas,21
2026-05-26,Monitor 24-inch,Texas,18
2026-05-27,Monitor 24-inch,Texas,18
2026-05-28,Monitor 24-inch,Texas,20
2026-05-29,Monitor 24-inch,Texas,19
2026-05-30,Monitor 24-inch,Texas,16
2026-05-31,Monitor 24-inch,Texas,15
2026-06-01,Monitor 24-inch,Texas,22
2026-06-02,Monitor 24-inch,Texas,18
2026-06-03,Monitor 24-inch,Texas,21
2026-06-04,Monitor 24-inch,Texas,23
2026-06-05,Monitor 24-inch,Texas,19
2026-06-06,Monitor 24-inch,Texas,15
2026-06-07,Monitor 24-inch,Texas,12
2026-06-08,Monitor 24-inch,Texas,21
2026-06-09,Monitor 24-inch,Texas,21
2026-06-10,Monitor 24-inch,Texas,18
2026-06-11,Monitor 24-inch,Texas,20
2026-06-12,Monitor 24-inch,Texas,19
2026-06-13,Monitor 24-inch,Texas,14
2026-06-14,Monitor 24-inch,Texas,15
2026-06-15,Monitor 24-inch,Texas,20
2026-06-16,Monitor 24-inch,Texas,18
2026-06-17,Monitor 24-inch,Texas,21
2026-06-18,Monitor 24-inch,Texas,21
2026-06-19,Monitor 24-inch,Texas,17
2026-06-20,Monitor 24-inch,Texas,14
2026-06-21,Monitor 24-inch,Texas,11
2026-06-22,Monitor 24-inch,Texas,20
2026-06-23,Monitor 24-inch,Texas,21
2026-06-24,Monitor 24-inch,Texas,18
2026-06-25,Monitor 24-inch,Texas,19
2026-06-26,Monitor 24-inch,Texas,18
2026-06-27,Monitor 24-inch,Texas,13
2026-06-28,Monitor 24-inch,Texas,14
2026-06-29,Monitor 24-inch,Texas,17
2026-06-30,Monitor 24-inch,Texas,18
2026-07-01,Monitor 24-inch,Texas,16
2026-07-02,Monitor 24-inch,Texas,19
2026-07-03,Monitor 24-inch,Texas,18
2026-07-04,Monitor 24-inch,Texas,12
2026-07-05,Monitor 24-inch,Texas,13
2026-07-06,Monitor 24-inch,Texas,17
2026-07-07,Monitor 24-inch,Texas,20
2026-07-08,Monitor 24-inch,Texas,17
2026-07-09,Monitor 24-inch,Texas,19
2026-07-10,Monitor 24-inch,Texas,16
2026-07-11,Monitor 24-inch,Texas,14
2026-07-12,Monitor 24-inch,Texas,15
2026-07-13,Monitor 24-inch,Texas,20
2026-07-14,Monitor 24-inch,Texas,21
2026-07-15,Monitor 24-inch,Texas,18
2026-07-16,Monitor 24-inch,Texas,20
2026-07-17,Monitor 24-inch,Texas,21
2026-07-18,Monitor 24-inch,Texas,11
2026-07-19,Monitor 24-inch,Texas,12
2026-07-20,Monitor 24-inch,Texas,14
2026-07-21,Monitor 24-inch,Texas,20
2026-07-22,Monitor 24-inch,Texas,14
2026-07-23,Monitor 24-inch,Texas,14
2026-07-24,Monitor 24-inch,Texas,15
2026-07-25,Monitor 24-inch,Texas,10
2026-07-26,Monitor 24-inch,Texas,13
2026-07-27,Monitor 24-inch,Texas,15
2026-07-28,Monitor 24-inch,Texas,14
2026-07-29,Monitor 24-inch,Texas,18
2026-07-30,Monitor 24-inch,Texas,18
2026-07-31,Monitor 24-inch,Texas,14
2026-08-01,Monitor 24-inch,Texas,11
2026-08-02,Monitor 24-inch,Texas,12
2026-08-03,Monitor 24-inch,Texas,16
2026-08-04,Monitor 24-inch,Texas,16
2026-08-05,Monitor 24-inch,Texas,19
2026-08-06,Monitor 24-inch,Texas,21
2026-08-07,Monitor 24-inch,Texas,16
2026-08-08,Monitor 24-inch,Texas,10
2026-08-09,Monitor 24-inch,Texas,12
2026-08-10,Monitor 24-inch,Texas,17
2026-08-11,Monitor 24-inch,Texas,16
2026-08-12,Monitor 24-inch,Texas,18
2026-08-13,Monitor 24-inch,Texas,21
2026-08-14,Monitor 24-inch,Texas,13
2026-08-15,Monitor 24-inch,Texas,11
2026-08-16,Monitor 24-inch,Texas,14
2026-08-17,Monitor 24-inch,Texas,16
2026-08-18,Monitor 24-inch,Texas,18
2026-08-19,Monitor 24-inch,Texas,18
2026-08-20,Monitor 24-inch,Texas,19
2026-08-21,Monitor 24-inch,Texas,20
2026-08-22,Monitor 24-inch,Texas,13
2026-08-23,Monitor 24-inch,Texas,10
2026-08-24,Monitor 24-inch,Texas,15
2026-08-25,Monitor 24-inch,Texas,21
2026-08-26,Monitor 24-inch,Texas,14
2026-08-27,Monitor 24-inch,Texas,18
2026-08-28,Monitor 24-inch,Texas,12
2026-08-29,Monitor 24-inch,Texas,10
2026-08-30,Monitor 24-inch,Texas,13
2026-08-31,Monitor 24-inch,Texas,17
2026-09-01,Monitor 24-inch,Texas,15
2026-09-02,Monitor 24-inch,Texas,14
2026-09-03,Monitor 24-inch,Texas,12
2026-09-04,Monitor 24-inch,Texas,17
2026-09-05,Monitor 24-inch,Texas,11
2026-09-06,Monitor 24-inch,Texas,9
2026-09-07,Monitor 24-inch,Texas,16
2026-09-08,Monitor 24-inch,Texas,17
2026-09-09,Monitor 24-inch,Texas,15
2026-09-10,Monitor 24-inch,Texas,16
2026-09-11,Monitor 24-inch,Texas,16
2026-09-12,Monitor 24-inch,Texas,11
2026-09-13,Monitor 24-inch,Texas,12
2026-09-14,Monitor 24-inch,Texas,17
2026-09-15,Monitor 24-inch,Texas,18
2026-09-16,Monitor 24-inch,Texas,17
2026-09-17,Monitor 24-inch,Texas,15
2026-09-18,Monitor 24-inch,Texas,17
2026-09-19,Monitor 24-inch,Texas,12
2026-09-20,Monitor 24-inch,Texas,11
2026-09-21,Monitor 24-inch,Texas,15
2026-09-22,Monitor 24-inch,Texas,17
2026-09-23,Monitor 24-inch,Texas,18
2026-09-24,Monitor 24-inch,Texas,12
2026-09-25,Monitor 24-inch,Texas,19
2026-09-26,Monitor 24-inch,Texas,13
2026-09-27,Monitor 24-inch,Texas,12
2026-09-28,Monitor 24-inch,Texas,15
2025-01-01,Monitor 24-inch,North Carolina,15
2025-01-02,Monitor 24-inch,North Carolina,13
2025-01-03,Monitor 24-inch,North Carolina,14
2025-01-04,Monitor 24-inch,North Carolina,9
2025-01-05,Monitor 24-inch,North Carolina,8
2025-01-06,Monitor 24-inch,North Carolina,18
2025-01-07,Monitor 24-inch,North Carolina,14
2025-01-08,Monitor 24-inch,North Carolina,15
2025-01-09,Monitor 24-inch,North Carolina,14
2025-01-10,Monitor 24-inch,North Carolina,13
2025-01-11,Monitor 24-inch,North Carolina,10
2025-01-12,Monitor 24-inch,North Carolina,11
2025-01-13,Monitor 24-inch,North Carolina,14
2025-01-14,Monitor 24-inch,North Carolina,13
2025-01-15,Monitor 24-inch,North Carolina,15
2025-01-16,Monitor 24-inch,North Carolina,15
2025-01-17,Monitor 24-inch,North Carolina,15
2025-01-18,Monitor 24-inch,North Carolina,11
2025-01-19,Monitor 24-inch,North Carolina,10
2025-01-20,Monitor 24-inch,North Carolina,14
2025-01-21,Monitor 24-inch,North Carolina,17
2025-01-22,Monitor 24-inch,North Carolina,13
2025-01-23,Monitor 24-inch,North Carolina,11
2025-01-24,Monitor 24-inch,North Carolina,15
2025-01-25,Monitor 24-inch,North Carolina,10
2025-01-26,Monitor 24-inch,North Carolina,9
2025-01-27,Monitor 24-inch,North Carolina,16
2025-01-28,Monitor 24-inch,North Carolina,14
2025-01-29,Monitor 24-inch,North Carolina,12
2025-01-30,Monitor 24-inch,North Carolina,18
2025-01-31,Monitor 24-inch,North Carolina,12
2025-02-01,Monitor 24-inch,North Carolina,11
2025-02-02,Monitor 24-inch,North Carolina,9
2025-02-03,Monitor 24-inch,North Carolina,16
2025-02-04,Monitor 24-inch,North Carolina,14
2025-02-05,Monitor 24-inch,North Carolina,17
2025-02-06,Monitor 24-inch,North Carolina,15
2025-02-07,Monitor 24-inch,North Carolina,18
2025-02-08,Monitor 24-inch,North Carolina,11
2025-02-09,Monitor 24-inch,North Carolina,9
2025-02-10,Monitor 24-inch,North Carolina,16
2025-02-11,Monitor 24-inch,North Carolina,15
2025-02-12,Monitor 24-inch,North Carolina,12
2025-02-13,Monitor 24-inch,North Carolina,13
2025-02-14,Monitor 24-inch,North Carolina,14
2025-02-15,Monitor 24-inch,North Carolina,13
2025-02-16,Monitor 24-inch,North Carolina,12
2025-02-17,Monitor 24-inch,North Carolina,15
2025-02-18,Monitor 24-inch,North Carolina,16
2025-02-19,Monitor 24-inch,North Carolina,11
2025-02-20,Monitor 24-inch,North Carolina,14
2025-02-21,Monitor 24-inch,North Carolina,16
2025-02-22,Monitor 24-inch,North Carolina,11
2025-02-23,Monitor 24-inch,North Carolina,10
2025-02-24,Monitor 24-inch,North Carolina,15
2025-02-25,Monitor 24-inch,North Carolina,16
2025-02-26,Monitor 24-inch,North Carolina,15
2025-02-27,Monitor 24-inch,North Carolina,17
2025-02-28,Monitor 24-inch,North Carolina,16
2025-03-01,Monitor 24-inch,North Carolina,12
2025-03-02,Monitor 24-inch,North Carolina,14
2025-03-03,Monitor 24-inch,North Carolina,17
2025-03-04,Monitor 24-inch,North Carolina,19
2025-03-05,Monitor 24-inch,North Carolina,14
2025-03-06,Monitor 24-inch,North Carolina,13
2025-03-07,Monitor 24-inch,North Carolina,15
2025-03-08,Monitor 24-inch,North Carolina,11
2025-03-09,Monitor 24-inch,North Carolina,14
2025-03-10,Monitor 24-inch,North Carolina,14
2025-03-11,Monitor 24-inch,North Carolina,16
2025-03-12,Monitor 24-inch,North Carolina,17
2025-03-13,Monitor 24-inch,North Carolina,16
2025-03-14,Monitor 24-inch,North Carolina,15
2025-03-15,Monitor 24-inch,North Carolina,12
2025-03-16,Monitor 24-inch,North Carolina,13
2025-03-17,Monitor 24-inch,North Carolina,19
2025-03-18,Monitor 24-inch,North Carolina,16
2025-03-19,Monitor 24-inch,North Carolina,14
2025-03-20,Monitor 24-inch,North Carolina,19
2025-03-21,Monitor 24-inch,North Carolina,14
2025-03-22,Monitor 24-inch,North Carolina,14
2025-03-23,Monitor 24-inch,North Carolina,13
2025-03-24,Monitor 24-inch,North Carolina,19
2025-03-25,Monitor 24-inch,North Carolina,17
2025-03-26,Monitor 24-inch,North Carolina,12
2025-03-27,Monitor 24-inch,North Carolina,14
2025-03-28,Monitor 24-inch,North Carolina,16
2025-03-29,Monitor 24-inch,North Carolina,11
2025-03-30,Monitor 24-inch,North Carolina,11
2025-03-31,Monitor 24-inch,North Carolina,17
2025-04-01,Monitor 24-inch,North Carolina,16
2025-04-02,Monitor 24-inch,North Carolina,14
2025-04-03,Monitor 24-inch,North Carolina,18
2025-04-04,Monitor 24-inch,North Carolina,17
2025-04-05,Monitor 24-inch,North Carolina,11
2025-04-06,Monitor 24-inch,North Carolina,13
2025-04-07,Monitor 24-inch,North Carolina,16
2025-04-08,Monitor 24-inch,North Carolina,19
2025-04-09,Monitor 24-inch,North Carolina,16
2025-04-10,Monitor 24-inch,North Carolina,19
2025-04-11,Monitor 24-inch,North Carolina,12
2025-04-12,Monitor 24-inch,North Carolina,12
2025-04-13,Monitor 24-inch,North Carolina,11
2025-04-14,Monitor 24-inch,North Carolina,14
2025-04-15,Monitor 24-inch,North Carolina,18
2025-04-16,Monitor 24-inch,North Carolina,18
2025-04-17,Monitor 24-inch,North Carolina,12
2025-04-18,Monitor 24-inch,North Carolina,17
2025-04-19,Monitor 24-inch,North Carolina,13
2025-04-20,Monitor 24-inch,North Carolina,11
2025-04-21,Monitor 24-inch,North Carolina,14
2025-04-22,Monitor 24-inch,North Carolina,13
2025-04-23,Monitor 24-inch,North Carolina,15
2025-04-24,Monitor 24-inch,North Carolina,16
2025-04-25,Monitor 24-inch,North Carolina,18
2025-04-26,Monitor 24-inch,North Carolina,12
2025-04-27,Monitor 24-inch,North Carolina,10
2025-04-28,Monitor 24-inch,North Carolina,16
2025-04-29,Monitor 24-inch,North Carolina,16
2025-04-30,Monitor 24-inch,North Carolina,14
2025-05-01,Monitor 24-inch,North Carolina,13
2025-05-02,Monitor 24-inch,North Carolina,17
2025-05-03,Monitor 24-inch,North Carolina,12
2025-05-04,Monitor 24-inch,North Carolina,12
2025-05-05,Monitor 24-inch,North Carolina,14
2025-05-06,Monitor 24-inch,North Carolina,16
2025-05-07,Monitor 24-inch,North Carolina,13
2025-05-08,Monitor 24-inch,North Carolina,14
2025-05-09,Monitor 24-inch,North Carolina,16
2025-05-10,Monitor 24-inch,North Carolina,12
2025-05-11,Monitor 24-inch,North Carolina,9
2025-05-12,Monitor 24-inch,North Carolina,14
2025-05-13,Monitor 24-inch,North Carolina,15
2025-05-14,Monitor 24-inch,North Carolina,18
2025-05-15,Monitor 24-inch,North Carolina,14
2025-05-16,Monitor 24-inch,North Carolina,16
2025-05-17,Monitor 24-inch,North Carolina,12
2025-05-18,Monitor 24-inch,North Carolina,11
2025-05-19,Monitor 24-inch,North Carolina,16
2025-05-20,Monitor 24-inch,North Carolina,13
2025-05-21,Monitor 24-inch,North Carolina,15
2025-05-22,Monitor 24-inch,North Carolina,18
2025-05-23,Monitor 24-inch,North Carolina,19
2025-05-24,Monitor 24-inch,North Carolina,13
2025-05-25,Monitor 24-inch,North Carolina,13
2025-05-26,Monitor 24-inch,North Carolina,12
2025-05-27,Monitor 24-inch,North Carolina,14
2025-05-28,Monitor 24-inch,North Carolina,15
2025-05-29,Monitor 24-inch,North Carolina,20
2025-05-30,Monitor 24-inch,North Carolina,15
2025-05-31,Monitor 24-inch,North Carolina,13
2025-06-01,Monitor 24-inch,North Carolina,12
2025-06-02,Monitor 24-inch,North Carolina,16
2025-06-03,Monitor 24-inch,North Carolina,15
2025-06-04,Monitor 24-inch,North Carolina,13
2025-06-05,Monitor 24-inch,North Carolina,10
2025-06-06,Monitor 24-inch,North Carolina,17
2025-06-07,Monitor 24-inch,North Carolina,10
2025-06-08,Monitor 24-inch,North Carolina,9
2025-06-09,Monitor 24-inch,North Carolina,16
2025-06-10,Monitor 24-inch,North Carolina,16
2025-06-11,Monitor 24-inch,North Carolina,17
2025-06-12,Monitor 24-inch,North Carolina,17
2025-06-13,Monitor 24-inch,North Carolina,13
2025-06-14,Monitor 24-inch,North Carolina,10
2025-06-15,Monitor 24-inch,North Carolina,11
2025-06-16,Monitor 24-inch,North Carolina,17
2025-06-17,Monitor 24-inch,North Carolina,11
2025-06-18,Monitor 24-inch,North Carolina,15
2025-06-19,Monitor 24-inch,North Carolina,17
2025-06-20,Monitor 24-inch,North Carolina,17
2025-06-21,Monitor 24-inch,North Carolina,12
2025-06-22,Monitor 24-inch,North Carolina,12
2025-06-23,Monitor 24-inch,North Carolina,10
2025-06-24,Monitor 24-inch,North Carolina,18
2025-06-25,Monitor 24-inch,North Carolina,16
2025-06-26,Monitor 24-inch,North Carolina,18
2025-06-27,Monitor 24-inch,North Carolina,13
2025-06-28,Monitor 24-inch,North Carolina,9
2025-06-29,Monitor 24-inch,North Carolina,13
2025-06-30,Monitor 24-inch,North Carolina,13
2025-07-01,Monitor 24-inch,North Carolina,14
2025-07-02,Monitor 24-inch,North Carolina,15
2025-07-03,Monitor 24-inch,North Carolina,16
2025-07-04,Monitor 24-inch,North Carolina,16
2025-07-05,Monitor 24-inch,North Carolina,11
2025-07-06,Monitor 24-inch,North Carolina,9
2025-07-07,Monitor 24-inch,North Carolina,15
2025-07-08,Monitor 24-inch,North Carolina,16
2025-07-09,Monitor 24-inch,North Carolina,11
2025-07-10,Monitor 24-inch,North Carolina,17
2025-07-11,Monitor 24-inch,North Carolina,10
2025-07-12,Monitor 24-inch,North Carolina,12
2025-07-13,Monitor 24-inch,North Carolina,10
2025-07-14,Monitor 24-inch,North Carolina,15
2025-07-15,Monitor 24-inch,North Carolina,15
2025-07-16,Monitor 24-inch,North Carolina,14
2025-07-17,Monitor 24-inch,North Carolina,15
2025-07-18,Monitor 24-inch,North Carolina,14
2025-07-19,Monitor 24-inch,North Carolina,11
2025-07-20,Monitor 24-inch,North Carolina,13
2025-07-21,Monitor 24-inch,North Carolina,12
2025-07-22,Monitor 24-inch,North Carolina,9
2025-07-23,Monitor 24-inch,North Carolina,14
2025-07-24,Monitor 24-inch,North Carolina,13
2025-07-25,Monitor 24-inch,North Carolina,14
2025-07-26,Monitor 24-inch,North Carolina,9
2025-07-27,Monitor 24-inch,North Carolina,12
2025-07-28,Monitor 24-inch,North Carolina,12
2025-07-29,Monitor 24-inch,North Carolina,15
2025-07-30,Monitor 24-inch,North Carolina,15
2025-07-31,Monitor 24-inch,North Carolina,15
2025-08-01,Monitor 24-inch,North Carolina,14
2025-08-02,Monitor 24-inch,North Carolina,11
2025-08-03,Monitor 24-inch,North Carolina,10
2025-08-04,Monitor 24-inch,North Carolina,13
2025-08-05,Monitor 24-inch,North Carolina,14
2025-08-06,Monitor 24-inch,North Carolina,14
2025-08-07,Monitor 24-inch,North Carolina,15
2025-08-08,Monitor 24-inch,North Carolina,11
2025-08-09,Monitor 24-inch,North Carolina,10
2025-08-10,Monitor 24-inch,North Carolina,9
2025-08-11,Monitor 24-inch,North Carolina,14
2025-08-12,Monitor 24-inch,North Carolina,15
2025-08-13,Monitor 24-inch,North Carolina,13
2025-08-14,Monitor 24-inch,North Carolina,12
2025-08-15,Monitor 24-inch,North Carolina,14
2025-08-16,Monitor 24-inch,North Carolina,10
2025-08-17,Monitor 24-inch,North Carolina,12
2025-08-18,Monitor 24-inch,North Carolina,16
2025-08-19,Monitor 24-inch,North Carolina,15
2025-08-20,Monitor 24-inch,North Carolina,14
2025-08-21,Monitor 24-inch,North Carolina,16
2025-08-22,Monitor 24-inch,North Carolina,14
2025-08-23,Monitor 24-inch,North Carolina,9
2025-08-24,Monitor 24-inch,North Carolina,9
2025-08-25,Monitor 24-inch,North Carolina,12
2025-08-26,Monitor 24-inch,North Carolina,13
2025-08-27,Monitor 24-inch,North Carolina,14
2025-08-28,Monitor 24-inch,North Carolina,11
2025-08-29,Monitor 24-inch,North Carolina,13
2025-08-30,Monitor 24-inch,North Carolina,10
2025-08-31,Monitor 24-inch,North Carolina,11
2025-09-01,Monitor 24-inch,North Carolina,13
2025-09-02,Monitor 24-inch,North Carolina,13
2025-09-03,Monitor 24-inch,North Carolina,11
2025-09-04,Monitor 24-inch,North Carolina,11
2025-09-05,Monitor 24-inch,North Carolina,13
2025-09-06,Monitor 24-inch,North Carolina,10
2025-09-07,Monitor 24-inch,North Carolina,10
2025-09-08,Monitor 24-inch,North Carolina,11
2025-09-09,Monitor 24-inch,North Carolina,12
2025-09-10,Monitor 24-inch,North Carolina,15
2025-09-11,Monitor 24-inch,North Carolina,14
2025-09-12,Monitor 24-inch,North Carolina,13
2025-09-13,Monitor 24-inch,North Carolina,8
2025-09-14,Monitor 24-inch,North Carolina,9
2025-09-15,Monitor 24-inch,North Carolina,13
2025-09-16,Monitor 24-inch,North Carolina,13
2025-09-17,Monitor 24-inch,North Carolina,14
2025-09-18,Monitor 24-inch,North Carolina,13
2025-09-19,Monitor 24-inch,North Carolina,12
2025-09-20,Monitor 24-inch,North Carolina,9
2025-09-21,Monitor 24-inch,North Carolina,12
2025-09-22,Monitor 24-inch,North Carolina,12
2025-09-23,Monitor 24-inch,North Carolina,11
2025-09-24,Monitor 24-inch,North Carolina,10
2025-09-25,Monitor 24-inch,North Carolina,12
2025-09-26,Monitor 24-inch,North Carolina,14
2025-09-27,Monitor 24-inch,North Carolina,9
2025-09-28,Monitor 24-inch,North Carolina,11
2025-09-29,Monitor 24-inch,North Carolina,13
2025-09-30,Monitor 24-inch,North Carolina,14
2025-10-01,Monitor 24-inch,North Carolina,11
2025-10-02,Monitor 24-inch,North Carolina,11
2025-10-03,Monitor 24-inch,North Carolina,13
2025-10-04,Monitor 24-inch,North Carolina,10
2025-10-05,Monitor 24-inch,North Carolina,9
2025-10-06,Monitor 24-inch,North Carolina,13
2025-10-07,Monitor 24-inch,North Carolina,13
2025-10-08,Monitor 24-inch,North Carolina,10
2025-10-09,Monitor 24-inch,North Carolina,12
2025-10-10,Monitor 24-inch,North Carolina,12
2025-10-11,Monitor 24-inch,North Carolina,9
2025-10-12,Monitor 24-inch,North Carolina,10
2025-10-13,Monitor 24-inch,North Carolina,12
2025-10-14,Monitor 24-inch,North Carolina,10
2025-10-15,Monitor 24-inch,North Carolina,12
2025-10-16,Monitor 24-inch,North Carolina,11
2025-10-17,Monitor 24-inch,North Carolina,13
2025-10-18,Monitor 24-inch,North Carolina,10
2025-10-19,Monitor 24-inch,North Carolina,7
2025-10-20,Monitor 24-inch,North Carolina,11
2025-10-21,Monitor 24-inch,North Carolina,13
2025-10-22,Monitor 24-inch,North Carolina,10
2025-10-23,Monitor 24-inch,North Carolina,14
2025-10-24,Monitor 24-inch,North Carolina,14
2025-10-25,Monitor 24-inch,North Carolina,9
2025-10-26,Monitor 24-inch,North Carolina,8
2025-10-27,Monitor 24-inch,North Carolina,9
2025-10-28,Monitor 24-inch,North Carolina,14
2025-10-29,Monitor 24-inch,North Carolina,16
2025-10-30,Monitor 24-inch,North Carolina,15
2025-10-31,Monitor 24-inch,North Carolina,12
2025-11-01,Monitor 24-inch,North Carolina,10
2025-11-02,Monitor 24-inch,North Carolina,12
2025-11-03,Monitor 24-inch,North Carolina,15
2025-11-04,Monitor 24-inch,North Carolina,16
2025-11-05,Monitor 24-inch,North Carolina,16
2025-11-06,Monitor 24-inch,North Carolina,15
2025-11-07,Monitor 24-inch,North Carolina,17
2025-11-08,Monitor 24-inch,North Carolina,12
2025-11-09,Monitor 24-inch,North Carolina,10
2025-11-10,Monitor 24-inch,North Carolina,13
2025-11-11,Monitor 24-inch,North Carolina,11
2025-11-12,Monitor 24-inch,North Carolina,14
2025-11-13,Monitor 24-inch,North Carolina,13
2025-11-14,Monitor 24-inch,North Carolina,16
2025-11-15,Monitor 24-inch,North Carolina,11
2025-11-16,Monitor 24-inch,North Carolina,11
2025-11-17,Monitor 24-inch,North Carolina,17
2025-11-18,Monitor 24-inch,North Carolina,16
2025-11-19,Monitor 24-inch,North Carolina,15
2025-11-20,Monitor 24-inch,North Carolina,18
2025-11-21,Monitor 24-inch,North Carolina,16
2025-11-22,Monitor 24-inch,North Carolina,11
2025-11-23,Monitor 24-inch,North Carolina,11
2025-11-24,Monitor 24-inch,North Carolina,17
2025-11-25,Monitor 24-inch,North Carolina,15
2025-11-26,Monitor 24-inch,North Carolina,13
2025-11-27,Monitor 24-inch,North Carolina,17
2025-11-28,Monitor 24-inch,North Carolina,17
2025-11-29,Monitor 24-inch,North Carolina,13
2025-11-30,Monitor 24-inch,North Carolina,13
2025-12-01,Monitor 24-inch,North Carolina,20
2025-12-02,Monitor 24-inch,North Carolina,19
2025-12-03,Monitor 24-inch,North Carolina,16
2025-12-04,Monitor 24-inch,North Carolina,15
2025-12-05,Monitor 24-inch,North Carolina,12
2025-12-06,Monitor 24-inch,North Carolina,12
2025-12-07,Monitor 24-inch,North Carolina,12
2025-12-08,Monitor 24-inch,North Carolina,16
2025-12-09,Monitor 24-inch,North Carolina,12
2025-12-10,Monitor 24-inch,North Carolina,15
2025-12-11,Monitor 24-inch,North Carolina,17
2025-12-12,Monitor 24-inch,North Carolina,14
2025-12-13,Monitor 24-inch,North Carolina,12
2025-12-14,Monitor 24-inch,North Carolina,12
2025-12-15,Monitor 24-inch,North Carolina,18
2025-12-16,Monitor 24-inch,North Carolina,19
2025-12-17,Monitor 24-inch,North Carolina,15
2025-12-18,Monitor 24-inch,North Carolina,16
2025-12-19,Monitor 24-inch,North Carolina,16
2025-12-20,Monitor 24-inch,North Carolina,13
2025-12-21,Monitor 24-inch,North Carolina,12
2025-12-22,Monitor 24-inch,North Carolina,19
2025-12-23,Monitor 24-inch,North Carolina,11
2025-12-24,Monitor 24-inch,North Carolina,17
2025-12-25,Monitor 24-inch,North Carolina,17
2025-12-26,Monitor 24-inch,North Carolina,15
2025-12-27,Monitor 24-inch,North Carolina,8
2025-12-28,Monitor 24-inch,North Carolina,12
2025-12-29,Monitor 24-inch,North Carolina,14
2025-12-30,Monitor 24-inch,North Carolina,19
2025-12-31,Monitor 24-inch,North Carolina,17
2026-01-01,Monitor 24-inch,North Carolina,13
2026-01-02,Monitor 24-inch,North Carolina,11
2026-01-03,Monitor 24-inch,North Carolina,11
2026-01-04,Monitor 24-inch,North Carolina,11
2026-01-05,Monitor 24-inch,North Carolina,14
2026-01-06,Monitor 24-inch,North Carolina,15
2026-01-07,Monitor 24-inch,North Carolina,14
2026-01-08,Monitor 24-inch,North Carolina,16
2026-01-09,Monitor 24-inch,North Carolina,16
2026-01-10,Monitor 24-inch,North Carolina,8
2026-01-11,Monitor 24-inch,North Carolina,9
2026-01-12,Monitor 24-inch,North Carolina,18
2026-01-13,Monitor 24-inch,North Carolina,16
2026-01-14,Monitor 24-inch,North Carolina,12
2026-01-15,Monitor 24-inch,North Carolina,12
2026-01-16,Monitor 24-inch,North Carolina,15
2026-01-17,Monitor 24-inch,North Carolina,9
2026-01-18,Monitor 24-inch,North Carolina,10
2026-01-19,Monitor 24-inch,North Carolina,14
2026-01-20,Monitor 24-inch,North Carolina,14
2026-01-21,Monitor 24-inch,North Carolina,16
2026-01-22,Monitor 24-inch,North Carolina,17
2026-01-23,Monitor 24-inch,North Carolina,13
2026-01-24,Monitor 24-inch,North Carolina,9
2026-01-25,Monitor 24-inch,North Carolina,11
2026-01-26,Monitor 24-inch,North Carolina,17
2026-01-27,Monitor 24-inch,North Carolina,14
2026-01-28,Monitor 24-inch,North Carolina,16
2026-01-29,Monitor 24-inch,North Carolina,13
2026-01-30,Monitor 24-inch,North Carolina,14
2026-01-31,Monitor 24-inch,North Carolina,9
2026-02-01,Monitor 24-inch,North Carolina,11
2026-02-02,Monitor 24-inch,North Carolina,15
2026-02-03,Monitor 24-inch,North Carolina,16
2026-02-04,Monitor 24-inch,North Carolina,18
2026-02-05,Monitor 24-inch,North Carolina,14
2026-02-06,Monitor 24-inch,North Carolina,12
2026-02-07,Monitor 24-inch,North Carolina,11
2026-02-08,Monitor 24-inch,North Carolina,11
2026-02-09,Monitor 24-inch,North Carolina,16
2026-02-10,Monitor 24-inch,North Carolina,15
2026-02-11,Monitor 24-inch,North Carolina,18
2026-02-12,Monitor 24-inch,North Carolina,15
2026-02-13,Monitor 24-inch,North Carolina,15
2026-02-14,Monitor 24-inch,North Carolina,10
2026-02-15,Monitor 24-inch,North Carolina,9
2026-02-16,Monitor 24-inch,North Carolina,16
2026-02-17,Monitor 24-inch,North Carolina,16
2026-02-18,Monitor 24-inch,North Carolina,13
2026-02-19,Monitor 24-inch,North Carolina,15
2026-02-20,Monitor 24-inch,North Carolina,15
2026-02-21,Monitor 24-inch,North Carolina,10
2026-02-22,Monitor 24-inch,North Carolina,10
2026-02-23,Monitor 24-inch,North Carolina,16
2026-02-24,Monitor 24-inch,North Carolina,15
2026-02-25,Monitor 24-inch,North Carolina,14
2026-02-26,Monitor 24-inch,North Carolina,14
2026-02-27,Monitor 24-inch,North Carolina,15
2026-02-28,Monitor 24-inch,North Carolina,12
2026-03-01,Monitor 24-inch,North Carolina,12
2026-03-02,Monitor 24-inch,North Carolina,15
2026-03-03,Monitor 24-inch,North Carolina,16
2026-03-04,Monitor 24-inch,North Carolina,18
2026-03-05,Monitor 24-inch,North Carolina,17
2026-03-06,Monitor 24-inch,North Carolina,16
2026-03-07,Monitor 24-inch,North Carolina,12
2026-03-08,Monitor 24-inch,North Carolina,11
2026-03-09,Monitor 24-inch,North Carolina,16
2026-03-10,Monitor 24-inch,North Carolina,15
2026-03-11,Monitor 24-inch,North Carolina,13
2026-03-12,Monitor 24-inch,North Carolina,16
2026-03-13,Monitor 24-inch,North Carolina,16
2026-03-14,Monitor 24-inch,North Carolina,11
2026-03-15,Monitor 24-inch,North Carolina,13
2026-03-16,Monitor 24-inch,North Carolina,14
2026-03-17,Monitor 24-inch,North Carolina,12
2026-03-18,Monitor 24-inch,North Carolina,14
2026-03-19,Monitor 24-inch,North Carolina,13
2026-03-20,Monitor 24-inch,North Carolina,16
2026-03-21,Monitor 24-inch,North Carolina,10
2026-03-22,Monitor 24-inch,North Carolina,13
2026-03-23,Monitor 24-inch,North Carolina,18
2026-03-24,Monitor 24-inch,North Carolina,14
2026-03-25,Monitor 24-inch,North Carolina,14
2026-03-26,Monitor 24-inch,North Carolina,17
2026-03-27,Monitor 24-inch,North Carolina,18
2026-03-28,Monitor 24-inch,North Carolina,9
2026-03-29,Monitor 24-inch,North Carolina,12
2026-03-30,Monitor 24-inch,North Carolina,12
2026-03-31,Monitor 24-inch,North Carolina,15
2026-04-01,Monitor 24-inch,North Carolina,18
2026-04-02,Monitor 24-inch,North Carolina,22
2026-04-03,Monitor 24-inch,North Carolina,16
2026-04-04,Monitor 24-inch,North Carolina,10
2026-04-05,Monitor 24-inch,North Carolina,11
2026-04-06,Monitor 24-inch,North Carolina,16
2026-04-07,Monitor 24-inch,North Carolina,15
2026-04-08,Monitor 24-inch,North Carolina,14
2026-04-09,Monitor 24-inch,North Carolina,15
2026-04-10,Monitor 24-inch,North Carolina,17
2026-04-11,Monitor 24-inch,North Carolina,11
2026-04-12,Monitor 24-inch,North Carolina,10
2026-04-13,Monitor 24-inch,North Carolina,15
2026-04-14,Monitor 24-inch,North Carolina,15
2026-04-15,Monitor 24-inch,North Carolina,14
2026-04-16,Monitor 24-inch,North Carolina,15
2026-04-17,Monitor 24-inch,North Carolina,17
2026-04-18,Monitor 24-inch,North Carolina,11
2026-04-19,Monitor 24-inch,North Carolina,9
2026-04-20,Monitor 24-inch,North Carolina,18
2026-04-21,Monitor 24-inch,North Carolina,17
2026-04-22,Monitor 24-inch,North Carolina,13
2026-04-23,Monitor 24-inch,North Carolina,15
2026-04-24,Monitor 24-inch,North Carolina,14
2026-04-25,Monitor 24-inch,North Carolina,13
2026-04-26,Monitor 24-inch,North Carolina,11
2026-04-27,Monitor 24-inch,North Carolina,16
2026-04-28,Monitor 24-inch,North Carolina,16
2026-04-29,Monitor 24-inch,North Carolina,13
2026-04-30,Monitor 24-inch,North Carolina,19
2026-05-01,Monitor 24-inch,North Carolina,17
2026-05-02,Monitor 24-inch,North Carolina,11
2026-05-03,Monitor 24-inch,North Carolina,12
2026-05-04,Monitor 24-inch,North Carolina,18
2026-05-05,Monitor 24-inch,North Carolina,16
2026-05-06,Monitor 24-inch,North Carolina,19
2026-05-07,Monitor 24-inch,North Carolina,21
2026-05-08,Monitor 24-inch,North Carolina,16
2026-05-09,Monitor 24-inch,North Carolina,11
2026-05-10,Monitor 24-inch,North Carolina,10
2026-05-11,Monitor 24-inch,North Carolina,12
2026-05-12,Monitor 24-inch,North Carolina,18
2026-05-13,Monitor 24-inch,North Carolina,15
2026-05-14,Monitor 24-inch,North Carolina,17
2026-05-15,Monitor 24-inch,North Carolina,18
2026-05-16,Monitor 24-inch,North Carolina,10
2026-05-17,Monitor 24-inch,North Carolina,10
2026-05-18,Monitor 24-inch,North Carolina,19
2026-05-19,Monitor 24-inch,North Carolina,16
2026-05-20,Monitor 24-inch,North Carolina,15
2026-05-21,Monitor 24-inch,North Carolina,14
2026-05-22,Monitor 24-inch,North Carolina,15
2026-05-23,Monitor 24-inch,North Carolina,14
2026-05-24,Monitor 24-inch,North Carolina,12
2026-05-25,Monitor 24-inch,North Carolina,16
2026-05-26,Monitor 24-inch,North Carolina,19
2026-05-27,Monitor 24-inch,North Carolina,18
2026-05-28,Monitor 24-inch,North Carolina,16
2026-05-29,Monitor 24-inch,North Carolina,21
2026-05-30,Monitor 24-inch,North Carolina,11
2026-05-31,Monitor 24-inch,North Carolina,13
2026-06-01,Monitor 24-inch,North Carolina,14
2026-06-02,Monitor 24-inch,North Carolina,17
2026-06-03,Monitor 24-inch,North Carolina,15
2026-06-04,Monitor 24-inch,North Carolina,16
2026-06-05,Monitor 24-inch,North Carolina,19
2026-06-06,Monitor 24-inch,North Carolina,12
2026-06-07,Monitor 24-inch,North Carolina,12
2026-06-08,Monitor 24-inch,North Carolina,14
2026-06-09,Monitor 24-inch,North Carolina,15
2026-06-10,Monitor 24-inch,North Carolina,13
2026-06-11,Monitor 24-inch,North Carolina,17
2026-06-12,Monitor 24-inch,North Carolina,17
2026-06-13,Monitor 24-inch,North Carolina,11
2026-06-14,Monitor 24-inch,North Carolina,13
2026-06-15,Monitor 24-inch,North Carolina,18
2026-06-16,Monitor 24-inch,North Carolina,15
2026-06-17,Monitor 24-inch,North Carolina,16
2026-06-18,Monitor 24-inch,North Carolina,14
2026-06-19,Monitor 24-inch,North Carolina,15
2026-06-20,Monitor 24-inch,North Carolina,10
2026-06-21,Monitor 24-inch,North Carolina,10
2026-06-22,Monitor 24-inch,North Carolina,15
2026-06-23,Monitor 24-inch,North Carolina,12
2026-06-24,Monitor 24-inch,North Carolina,16
2026-06-25,Monitor 24-inch,North Carolina,17
2026-06-26,Monitor 24-inch,North Carolina,15
2026-06-27,Monitor 24-inch,North Carolina,7
2026-06-28,Monitor 24-inch,North Carolina,11
2026-06-29,Monitor 24-inch,North Carolina,13
2026-06-30,Monitor 24-inch,North Carolina,14
2026-07-01,Monitor 24-inch,North Carolina,17
2026-07-02,Monitor 24-inch,North Carolina,10
2026-07-03,Monitor 24-inch,North Carolina,13
2026-07-04,Monitor 24-inch,North Carolina,11
2026-07-05,Monitor 24-inch,North Carolina,10
2026-07-06,Monitor 24-inch,North Carolina,13
2026-07-07,Monitor 24-inch,North Carolina,18
2026-07-08,Monitor 24-inch,North Carolina,15
2026-07-09,Monitor 24-inch,North Carolina,16
2026-07-10,Monitor 24-inch,North Carolina,15
2026-07-11,Monitor 24-inch,North Carolina,11
2026-07-12,Monitor 24-inch,North Carolina,12
2026-07-13,Monitor 24-inch,North Carolina,18
2026-07-14,Monitor 24-inch,North Carolina,11
2026-07-15,Monitor 24-inch,North Carolina,14
2026-07-16,Monitor 24-inch,North Carolina,14
2026-07-17,Monitor 24-inch,North Carolina,14
2026-07-18,Monitor 24-inch,North Carolina,12
2026-07-19,Monitor 24-inch,North Carolina,11
2026-07-20,Monitor 24-inch,North Carolina,18
2026-07-21,Monitor 24-inch,North Carolina,16
2026-07-22,Monitor 24-inch,North Carolina,17
2026-07-23,Monitor 24-inch,North Carolina,12
2026-07-24,Monitor 24-inch,North Carolina,13
2026-07-25,Monitor 24-inch,North Carolina,10
2026-07-26,Monitor 24-inch,North Carolina,12
2026-07-27,Monitor 24-inch,North Carolina,13
2026-07-28,Monitor 24-inch,North Carolina,13
2026-07-29,Monitor 24-inch,North Carolina,12
2026-07-30,Monitor 24-inch,North Carolina,19
2026-07-31,Monitor 24-inch,North Carolina,14
2026-08-01,Monitor 24-inch,North Carolina,10
2026-08-02,Monitor 24-inch,North Carolina,8
2026-08-03,Monitor 24-inch,North Carolina,15
2026-08-04,Monitor 24-inch,North Carolina,11
2026-08-05,Monitor 24-inch,North Carolina,12
2026-08-06,Monitor 24-inch,North Carolina,12
2026-08-07,Monitor 24-inch,North Carolina,14
2026-08-08,Monitor 24-inch,North Carolina,9
2026-08-09,Monitor 24-inch,North Carolina,12
2026-08-10,Monitor 24-inch,North Carolina,14
2026-08-11,Monitor 24-inch,North Carolina,12
2026-08-12,Monitor 24-inch,North Carolina,15
2026-08-13,Monitor 24-inch,North Carolina,13
2026-08-14,Monitor 24-inch,North Carolina,12
2026-08-15,Monitor 24-inch,North Carolina,11
2026-08-16,Monitor 24-inch,North Carolina,7
2026-08-17,Monitor 24-inch,North Carolina,15
2026-08-18,Monitor 24-inch,North Carolina,12
2026-08-19,Monitor 24-inch,North Carolina,12
2026-08-20,Monitor 24-inch,North Carolina,17
2026-08-21,Monitor 24-inch,North Carolina,13
2026-08-22,Monitor 24-inch,North Carolina,11
2026-08-23,Monitor 24-inch,North Carolina,10
2026-08-24,Monitor 24-inch,North Carolina,14
2026-08-25,Monitor 24-inch,North Carolina,13
2026-08-26,Monitor 24-inch,North Carolina,13
2026-08-27,Monitor 24-inch,North Carolina,16
2026-08-28,Monitor 24-inch,North Carolina,15
2026-08-29,Monitor 24-inch,North Carolina,9
2026-08-30,Monitor 24-inch,North Carolina,9
2026-08-31,Monitor 24-inch,North Carolina,12
2026-09-01,Monitor 24-inch,North Carolina,14
2026-09-02,Monitor 24-inch,North Carolina,15
2026-09-03,Monitor 24-inch,North Carolina,14
2026-09-04,Monitor 24-inch,North Carolina,10
2026-09-05,Monitor 24-inch,North Carolina,10
2026-09-06,Monitor 24-inch,North Carolina,11
2026-09-07,Monitor 24-inch,North Carolina,13
2026-09-08,Monitor 24-inch,North Carolina,16
2026-09-09,Monitor 24-inch,North Carolina,11
2026-09-10,Monitor 24-inch,North Carolina,14
2026-09-11,Monitor 24-inch,North Carolina,11
2026-09-12,Monitor 24-inch,North Carolina,11
2026-09-13,Monitor 24-inch,North Carolina,10
2026-09-14,Monitor 24-inch,North Carolina,16
2026-09-15,Monitor 24-inch,North Carolina,14
2026-09-16,Monitor 24-inch,North Carolina,12
2026-09-17,Monitor 24-inch,North Carolina,12
2026-09-18,Monitor 24-inch,North Carolina,12
2026-09-19,Monitor 24-inch,North Carolina,9
2026-09-20,Monitor 24-inch,North Carolina,11
2026-09-21,Monitor 24-inch,North Carolina,15
2026-09-22,Monitor 24-inch,North Carolina,10
2026-09-23,Monitor 24-inch,North Carolina,13
2026-09-24,Monitor 24-inch,North Carolina,13
2026-09-25,Monitor 24-inch,North Carolina,12
2026-09-26,Monitor 24-inch,North Carolina,10
2026-09-27,Monitor 24-inch,North Carolina,11
2026-09-28,Monitor 24-inch,North Carolina,14
2025-01-01,Monitor 24-inch,Virginia,15
2025-01-02,Monitor 24-inch,Virginia,12
2025-01-03,Monitor 24-inch,Virginia,13
2025-01-04,Monitor 24-inch,Virginia,8
2025-01-05,Monitor 24-inch,Virginia,9
2025-01-06,Monitor 24-inch,Virginia,13
2025-01-07,Monitor 24-inch,Virginia,14
2025-01-08,Monitor 24-inch,Virginia,15
2025-01-09,Monitor 24-inch,Virginia,14
2025-01-10,Monitor 24-inch,Virginia,11
2025-01-11,Monitor 24-inch,Virginia,8
2025-01-12,Monitor 24-inch,Virginia,10
2025-01-13,Monitor 24-inch,Virginia,15
2025-01-14,Monitor 24-inch,Virginia,13
2025-01-15,Monitor 24-inch,Virginia,10
2025-01-16,Monitor 24-inch,Virginia,16
2025-01-17,Monitor 24-inch,Virginia,13
2025-01-18,Monitor 24-inch,Virginia,9
2025-01-19,Monitor 24-inch,Virginia,8
2025-01-20,Monitor 24-inch,Virginia,13
2025-01-21,Monitor 24-inch,Virginia,14
2025-01-22,Monitor 24-inch,Virginia,13
2025-01-23,Monitor 24-inch,Virginia,12
2025-01-24,Monitor 24-inch,Virginia,13
2025-01-25,Monitor 24-inch,Virginia,9
2025-01-26,Monitor 24-inch,Virginia,11
2025-01-27,Monitor 24-inch,Virginia,14
2025-01-28,Monitor 24-inch,Virginia,12
2025-01-29,Monitor 24-inch,Virginia,11
2025-01-30,Monitor 24-inch,Virginia,13
2025-01-31,Monitor 24-inch,Virginia,12
2025-02-01,Monitor 24-inch,Virginia,9
2025-02-02,Monitor 24-inch,Virginia,8
2025-02-03,Monitor 24-inch,Virginia,12
2025-02-04,Monitor 24-inch,Virginia,14
2025-02-05,Monitor 24-inch,Virginia,13
2025-02-06,Monitor 24-inch,Virginia,17
2025-02-07,Monitor 24-inch,Virginia,14
2025-02-08,Monitor 24-inch,Virginia,8
2025-02-09,Monitor 24-inch,Virginia,8
2025-02-10,Monitor 24-inch,Virginia,14
2025-02-11,Monitor 24-inch,Virginia,13
2025-02-12,Monitor 24-inch,Virginia,15
2025-02-13,Monitor 24-inch,Virginia,14
2025-02-14,Monitor 24-inch,Virginia,10
2025-02-15,Monitor 24-inch,Virginia,9
2025-02-16,Monitor 24-inch,Virginia,9
2025-02-17,Monitor 24-inch,Virginia,14
2025-02-18,Monitor 24-inch,Virginia,12
2025-02-19,Monitor 24-inch,Virginia,14
2025-02-20,Monitor 24-inch,Virginia,11
2025-02-21,Monitor 24-inch,Virginia,13
2025-02-22,Monitor 24-inch,Virginia,10
2025-02-23,Monitor 24-inch,Virginia,11
2025-02-24,Monitor 24-inch,Virginia,14
2025-02-25,Monitor 24-inch,Virginia,12
2025-02-26,Monitor 24-inch,Virginia,16
2025-02-27,Monitor 24-inch,Virginia,13
2025-02-28,Monitor 24-inch,Virginia,15
2025-03-01,Monitor 24-inch,Virginia,9
2025-03-02,Monitor 24-inch,Virginia,10
2025-03-03,Monitor 24-inch,Virginia,13
2025-03-04,Monitor 24-inch,Virginia,14
2025-03-05,Monitor 24-inch,Virginia,15
2025-03-06,Monitor 24-inch,Virginia,13
2025-03-07,Monitor 24-inch,Virginia,13
2025-03-08,Monitor 24-inch,Virginia,11
2025-03-09,Monitor 24-inch,Virginia,9
2025-03-10,Monitor 24-inch,Virginia,11
2025-03-11,Monitor 24-inch,Virginia,14
2025-03-12,Monitor 24-inch,Virginia,14
2025-03-13,Monitor 24-inch,Virginia,14
2025-03-14,Monitor 24-inch,Virginia,15
2025-03-15,Monitor 24-inch,Virginia,11
2025-03-16,Monitor 24-inch,Virginia,10
2025-03-17,Monitor 24-inch,Virginia,12
2025-03-18,Monitor 24-inch,Virginia,13
2025-03-19,Monitor 24-inch,Virginia,15
2025-03-20,Monitor 24-inch,Virginia,14
2025-03-21,Monitor 24-inch,Virginia,13
2025-03-22,Monitor 24-inch,Virginia,9
2025-03-23,Monitor 24-inch,Virginia,11
2025-03-24,Monitor 24-inch,Virginia,14
2025-03-25,Monitor 24-inch,Virginia,15
2025-03-26,Monitor 24-inch,Virginia,15
2025-03-27,Monitor 24-inch,Virginia,13
2025-03-28,Monitor 24-inch,Virginia,15
2025-03-29,Monitor 24-inch,Virginia,10
2025-03-30,Monitor 24-inch,Virginia,11
2025-03-31,Monitor 24-inch,Virginia,10
2025-04-01,Monitor 24-inch,Virginia,12
2025-04-02,Monitor 24-inch,Virginia,13
2025-04-03,Monitor 24-inch,Virginia,14
2025-04-04,Monitor 24-inch,Virginia,14
2025-04-05,Monitor 24-inch,Virginia,11
2025-04-06,Monitor 24-inch,Virginia,11
2025-04-07,Monitor 24-inch,Virginia,13
2025-04-08,Monitor 24-inch,Virginia,15
2025-04-09,Monitor 24-inch,Virginia,17
2025-04-10,Monitor 24-inch,Virginia,14
2025-04-11,Monitor 24-inch,Virginia,13
2025-04-12,Monitor 24-inch,Virginia,9
2025-04-13,Monitor 24-inch,Virginia,10
2025-04-14,Monitor 24-inch,Virginia,13
2025-04-15,Monitor 24-inch,Virginia,11
2025-04-16,Monitor 24-inch,Virginia,12
2025-04-17,Monitor 24-inch,Virginia,16
2025-04-18,Monitor 24-inch,Virginia,16
2025-04-19,Monitor 24-inch,Virginia,12
2025-04-20,Monitor 24-inch,Virginia,11
2025-04-21,Monitor 24-inch,Virginia,12
2025-04-22,Monitor 24-inch,Virginia,13
2025-04-23,Monitor 24-inch,Virginia,12
2025-04-24,Monitor 24-inch,Virginia,12
2025-04-25,Monitor 24-inch,Virginia,15
2025-04-26,Monitor 24-inch,Virginia,11
2025-04-27,Monitor 24-inch,Virginia,13
2025-04-28,Monitor 24-inch,Virginia,14
2025-04-29,Monitor 24-inch,Virginia,12
2025-04-30,Monitor 24-inch,Virginia,14
2025-05-01,Monitor 24-inch,Virginia,13
2025-05-02,Monitor 24-inch,Virginia,13
2025-05-03,Monitor 24-inch,Virginia,11
2025-05-04,Monitor 24-inch,Virginia,9
2025-05-05,Monitor 24-inch,Virginia,14
2025-05-06,Monitor 24-inch,Virginia,15
2025-05-07,Monitor 24-inch,Virginia,16
2025-05-08,Monitor 24-inch,Virginia,14
2025-05-09,Monitor 24-inch,Virginia,16
2025-05-10,Monitor 24-inch,Virginia,10
2025-05-11,Monitor 24-inch,Virginia,10
2025-05-12,Monitor 24-inch,Virginia,16
2025-05-13,Monitor 24-inch,Virginia,12
2025-05-14,Monitor 24-inch,Virginia,13
2025-05-15,Monitor 24-inch,Virginia,16
2025-05-16,Monitor 24-inch,Virginia,14
2025-05-17,Monitor 24-inch,Virginia,10
2025-05-18,Monitor 24-inch,Virginia,10
2025-05-19,Monitor 24-inch,Virginia,14
2025-05-20,Monitor 24-inch,Virginia,16
2025-05-21,Monitor 24-inch,Virginia,15
2025-05-22,Monitor 24-inch,Virginia,14
2025-05-23,Monitor 24-inch,Virginia,16
2025-05-24,Monitor 24-inch,Virginia,11
2025-05-25,Monitor 24-inch,Virginia,11
2025-05-26,Monitor 24-inch,Virginia,12
2025-05-27,Monitor 24-inch,Virginia,17
2025-05-28,Monitor 24-inch,Virginia,14
2025-05-29,Monitor 24-inch,Virginia,9
2025-05-30,Monitor 24-inch,Virginia,17
2025-05-31,Monitor 24-inch,Virginia,10
2025-06-01,Monitor 24-inch,Virginia,9
2025-06-02,Monitor 24-inch,Virginia,12
2025-06-03,Monitor 24-inch,Virginia,14
2025-06-04,Monitor 24-inch,Virginia,12
2025-06-05,Monitor 24-inch,Virginia,12
2025-06-06,Monitor 24-inch,Virginia,12
2025-06-07,Monitor 24-inch,Virginia,9
2025-06-08,Monitor 24-inch,Virginia,9
2025-06-09,Monitor 24-inch,Virginia,15
2025-06-10,Monitor 24-inch,Virginia,14
2025-06-11,Monitor 24-inch,Virginia,14
2025-06-12,Monitor 24-inch,Virginia,14
2025-06-13,Monitor 24-inch,Virginia,13
2025-06-14,Monitor 24-inch,Virginia,9
2025-06-15,Monitor 24-inch,Virginia,12
2025-06-16,Monitor 24-inch,Virginia,15
2025-06-17,Monitor 24-inch,Virginia,16
2025-06-18,Monitor 24-inch,Virginia,15
2025-06-19,Monitor 24-inch,Virginia,13
2025-06-20,Monitor 24-inch,Virginia,10
2025-06-21,Monitor 24-inch,Virginia,8
2025-06-22,Monitor 24-inch,Virginia,11
2025-06-23,Monitor 24-inch,Virginia,13
2025-06-24,Monitor 24-inch,Virginia,13
2025-06-25,Monitor 24-inch,Virginia,9
2025-06-26,Monitor 24-inch,Virginia,13
2025-06-27,Monitor 24-inch,Virginia,12
2025-06-28,Monitor 24-inch,Virginia,9
2025-06-29,Monitor 24-inch,Virginia,11
2025-06-30,Monitor 24-inch,Virginia,12
2025-07-01,Monitor 24-inch,Virginia,11
2025-07-02,Monitor 24-inch,Virginia,13
2025-07-03,Monitor 24-inch,Virginia,14
2025-07-04,Monitor 24-inch,Virginia,12
2025-07-05,Monitor 24-inch,Virginia,11
2025-07-06,Monitor 24-inch,Virginia,8
2025-07-07,Monitor 24-inch,Virginia,10
2025-07-08,Monitor 24-inch,Virginia,10
2025-07-09,Monitor 24-inch,Virginia,10
2025-07-10,Monitor 24-inch,Virginia,13
2025-07-11,Monitor 24-inch,Virginia,11
2025-07-12,Monitor 24-inch,Virginia,8
2025-07-13,Monitor 24-inch,Virginia,10
2025-07-14,Monitor 24-inch,Virginia,14
2025-07-15,Monitor 24-inch,Virginia,14
2025-07-16,Monitor 24-inch,Virginia,14
2025-07-17,Monitor 24-inch,Virginia,11
2025-07-18,Monitor 24-inch,Virginia,13
2025-07-19,Monitor 24-inch,Virginia,10
2025-07-20,Monitor 24-inch,Virginia,9
2025-07-21,Monitor 24-inch,Virginia,13
2025-07-22,Monitor 24-inch,Virginia,11
2025-07-23,Monitor 24-inch,Virginia,12
2025-07-24,Monitor 24-inch,Virginia,13
2025-07-25,Monitor 24-inch,Virginia,15
2025-07-26,Monitor 24-inch,Virginia,10
2025-07-27,Monitor 24-inch,Virginia,10
2025-07-28,Monitor 24-inch,Virginia,13
2025-07-29,Monitor 24-inch,Virginia,12
2025-07-30,Monitor 24-inch,Virginia,10
2025-07-31,Monitor 24-inch,Virginia,11
2025-08-01,Monitor 24-inch,Virginia,11
2025-08-02,Monitor 24-inch,Virginia,9
2025-08-03,Monitor 24-inch,Virginia,10
2025-08-04,Monitor 24-inch,Virginia,13
2025-08-05,Monitor 24-inch,Virginia,14
2025-08-06,Monitor 24-inch,Virginia,12
2025-08-07,Monitor 24-inch,Virginia,10
2025-08-08,Monitor 24-inch,Virginia,12
2025-08-09,Monitor 24-inch,Virginia,8
2025-08-10,Monitor 24-inch,Virginia,9
2025-08-11,Monitor 24-inch,Virginia,11
2025-08-12,Monitor 24-inch,Virginia,12
2025-08-13,Monitor 24-inch,Virginia,13
2025-08-14,Monitor 24-inch,Virginia,11
2025-08-15,Monitor 24-inch,Virginia,13
2025-08-16,Monitor 24-inch,Virginia,7
2025-08-17,Monitor 24-inch,Virginia,9
2025-08-18,Monitor 24-inch,Virginia,12
2025-08-19,Monitor 24-inch,Virginia,13
2025-08-20,Monitor 24-inch,Virginia,10
2025-08-21,Monitor 24-inch,Virginia,10
2025-08-22,Monitor 24-inch,Virginia,13
2025-08-23,Monitor 24-inch,Virginia,8
2025-08-24,Monitor 24-inch,Virginia,9
2025-08-25,Monitor 24-inch,Virginia,11
2025-08-26,Monitor 24-inch,Virginia,13
2025-08-27,Monitor 24-inch,Virginia,12
2025-08-28,Monitor 24-inch,Virginia,12
2025-08-29,Monitor 24-inch,Virginia,10
2025-08-30,Monitor 24-inch,Virginia,9
2025-08-31,Monitor 24-inch,Virginia,8
2025-09-01,Monitor 24-inch,Virginia,10
2025-09-02,Monitor 24-inch,Virginia,9
2025-09-03,Monitor 24-inch,Virginia,11
2025-09-04,Monitor 24-inch,Virginia,13
2025-09-05,Monitor 24-inch,Virginia,12
2025-09-06,Monitor 24-inch,Virginia,8
2025-09-07,Monitor 24-inch,Virginia,8
2025-09-08,Monitor 24-inch,Virginia,11
2025-09-09,Monitor 24-inch,Virginia,11
2025-09-10,Monitor 24-inch,Virginia,12
2025-09-11,Monitor 24-inch,Virginia,10
2025-09-12,Monitor 24-inch,Virginia,11
2025-09-13,Monitor 24-inch,Virginia,7
2025-09-14,Monitor 24-inch,Virginia,9
2025-09-15,Monitor 24-inch,Virginia,10
2025-09-16,Monitor 24-inch,Virginia,13
2025-09-17,Monitor 24-inch,Virginia,8
2025-09-18,Monitor 24-inch,Virginia,14
2025-09-19,Monitor 24-inch,Virginia,9
2025-09-20,Monitor 24-inch,Virginia,7
2025-09-21,Monitor 24-inch,Virginia,9
2025-09-22,Monitor 24-inch,Virginia,12
2025-09-23,Monitor 24-inch,Virginia,11
2025-09-24,Monitor 24-inch,Virginia,12
2025-09-25,Monitor 24-inch,Virginia,10
2025-09-26,Monitor 24-inch,Virginia,11
2025-09-27,Monitor 24-inch,Virginia,8
2025-09-28,Monitor 24-inch,Virginia,8
2025-09-29,Monitor 24-inch,Virginia,9
2025-09-30,Monitor 24-inch,Virginia,11
2025-10-01,Monitor 24-inch,Virginia,11
2025-10-02,Monitor 24-inch,Virginia,13
2025-10-03,Monitor 24-inch,Virginia,9
2025-10-04,Monitor 24-inch,Virginia,7
2025-10-05,Monitor 24-inch,Virginia,9
2025-10-06,Monitor 24-inch,Virginia,11
2025-10-07,Monitor 24-inch,Virginia,12
2025-10-08,Monitor 24-inch,Virginia,12
2025-10-09,Monitor 24-inch,Virginia,12
2025-10-10,Monitor 24-inch,Virginia,14
2025-10-11,Monitor 24-inch,Virginia,8
2025-10-12,Monitor 24-inch,Virginia,7
2025-10-13,Monitor 24-inch,Virginia,12
2025-10-14,Monitor 24-inch,Virginia,10
2025-10-15,Monitor 24-inch,Virginia,11
2025-10-16,Monitor 24-inch,Virginia,12
2025-10-17,Monitor 24-inch,Virginia,10
2025-10-18,Monitor 24-inch,Virginia,8
2025-10-19,Monitor 24-inch,Virginia,9
2025-10-20,Monitor 24-inch,Virginia,10
2025-10-21,Monitor 24-inch,Virginia,12
2025-10-22,Monitor 24-inch,Virginia,10
2025-10-23,Monitor 24-inch,Virginia,10
2025-10-24,Monitor 24-inch,Virginia,14
2025-10-25,Monitor 24-inch,Virginia,7
2025-10-26,Monitor 24-inch,Virginia,8
2025-10-27,Monitor 24-inch,Virginia,14
2025-10-28,Monitor 24-inch,Virginia,11
2025-10-29,Monitor 24-inch,Virginia,13
2025-10-30,Monitor 24-inch,Virginia,12
2025-10-31,Monitor 24-inch,Virginia,11
2025-11-01,Monitor 24-inch,Virginia,10
2025-11-02,Monitor 24-inch,Virginia,7
2025-11-03,Monitor 24-inch,Virginia,13
2025-11-04,Monitor 24-inch,Virginia,14
2025-11-05,Monitor 24-inch,Virginia,14
2025-11-06,Monitor 24-inch,Virginia,17
2025-11-07,Monitor 24-inch,Virginia,14
2025-11-08,Monitor 24-inch,Virginia,10
2025-11-09,Monitor 24-inch,Virginia,11
2025-11-10,Monitor 24-inch,Virginia,14
2025-11-11,Monitor 24-inch,Virginia,13
2025-11-12,Monitor 24-inch,Virginia,13
2025-11-13,Monitor 24-inch,Virginia,13
2025-11-14,Monitor 24-inch,Virginia,14
2025-11-15,Monitor 24-inch,Virginia,10
2025-11-16,Monitor 24-inch,Virginia,10
2025-11-17,Monitor 24-inch,Virginia,12
2025-11-18,Monitor 24-inch,Virginia,14
2025-11-19,Monitor 24-inch,Virginia,16
2025-11-20,Monitor 24-inch,Virginia,13
2025-11-21,Monitor 24-inch,Virginia,16
2025-11-22,Monitor 24-inch,Virginia,10
2025-11-23,Monitor 24-inch,Virginia,10
2025-11-24,Monitor 24-inch,Virginia,14
2025-11-25,Monitor 24-inch,Virginia,13
2025-11-26,Monitor 24-inch,Virginia,10
2025-11-27,Monitor 24-inch,Virginia,15
2025-11-28,Monitor 24-inch,Virginia,17
2025-11-29,Monitor 24-inch,Virginia,10
2025-11-30,Monitor 24-inch,Virginia,10
2025-12-01,Monitor 24-inch,Virginia,14
2025-12-02,Monitor 24-inch,Virginia,16
2025-12-03,Monitor 24-inch,Virginia,14
2025-12-04,Monitor 24-inch,Virginia,14
2025-12-05,Monitor 24-inch,Virginia,11
2025-12-06,Monitor 24-inch,Virginia,10
2025-12-07,Monitor 24-inch,Virginia,11
2025-12-08,Monitor 24-inch,Virginia,15
2025-12-09,Monitor 24-inch,Virginia,16
2025-12-10,Monitor 24-inch,Virginia,11
2025-12-11,Monitor 24-inch,Virginia,11
2025-12-12,Monitor 24-inch,Virginia,15
2025-12-13,Monitor 24-inch,Virginia,9
2025-12-14,Monitor 24-inch,Virginia,11
2025-12-15,Monitor 24-inch,Virginia,11
2025-12-16,Monitor 24-inch,Virginia,14
2025-12-17,Monitor 24-inch,Virginia,14
2025-12-18,Monitor 24-inch,Virginia,15
2025-12-19,Monitor 24-inch,Virginia,12
2025-12-20,Monitor 24-inch,Virginia,8
2025-12-21,Monitor 24-inch,Virginia,10
2025-12-22,Monitor 24-inch,Virginia,15
2025-12-23,Monitor 24-inch,Virginia,16
2025-12-24,Monitor 24-inch,Virginia,13
2025-12-25,Monitor 24-inch,Virginia,15
2025-12-26,Monitor 24-inch,Virginia,15
2025-12-27,Monitor 24-inch,Virginia,12
2025-12-28,Monitor 24-inch,Virginia,10
2025-12-29,Monitor 24-inch,Virginia,11
2025-12-30,Monitor 24-inch,Virginia,14
2025-12-31,Monitor 24-inch,Virginia,14
2026-01-01,Monitor 24-inch,Virginia,13
2026-01-02,Monitor 24-inch,Virginia,10
2026-01-03,Monitor 24-inch,Virginia,9
2026-01-04,Monitor 24-inch,Virginia,10
2026-01-05,Monitor 24-inch,Virginia,12
2026-01-06,Monitor 24-inch,Virginia,12
2026-01-07,Monitor 24-inch,Virginia,15
2026-01-08,Monitor 24-inch,Virginia,11
2026-01-09,Monitor 24-inch,Virginia,14
2026-01-10,Monitor 24-inch,Virginia,10
2026-01-11,Monitor 24-inch,Virginia,9
2026-01-12,Monitor 24-inch,Virginia,13
2026-01-13,Monitor 24-inch,Virginia,13
2026-01-14,Monitor 24-inch,Virginia,13
2026-01-15,Monitor 24-inch,Virginia,12
2026-01-16,Monitor 24-inch,Virginia,12
2026-01-17,Monitor 24-inch,Virginia,9
2026-01-18,Monitor 24-inch,Virginia,9
2026-01-19,Monitor 24-inch,Virginia,12
2026-01-20,Monitor 24-inch,Virginia,9
2026-01-21,Monitor 24-inch,Virginia,13
2026-01-22,Monitor 24-inch,Virginia,12
2026-01-23,Monitor 24-inch,Virginia,10
2026-01-24,Monitor 24-inch,Virginia,9
2026-01-25,Monitor 24-inch,Virginia,9
2026-01-26,Monitor 24-inch,Virginia,15
2026-01-27,Monitor 24-inch,Virginia,12
2026-01-28,Monitor 24-inch,Virginia,14
2026-01-29,Monitor 24-inch,Virginia,15
2026-01-30,Monitor 24-inch,Virginia,12
2026-01-31,Monitor 24-inch,Virginia,9
2026-02-01,Monitor 24-inch,Virginia,12
2026-02-02,Monitor 24-inch,Virginia,14
2026-02-03,Monitor 24-inch,Virginia,14
2026-02-04,Monitor 24-inch,Virginia,13
2026-02-05,Monitor 24-inch,Virginia,14
2026-02-06,Monitor 24-inch,Virginia,13
2026-02-07,Monitor 24-inch,Virginia,8
2026-02-08,Monitor 24-inch,Virginia,9
2026-02-09,Monitor 24-inch,Virginia,11
2026-02-10,Monitor 24-inch,Virginia,14
2026-02-11,Monitor 24-inch,Virginia,12
2026-02-12,Monitor 24-inch,Virginia,14
2026-02-13,Monitor 24-inch,Virginia,13
2026-02-14,Monitor 24-inch,Virginia,8
2026-02-15,Monitor 24-inch,Virginia,9
2026-02-16,Monitor 24-inch,Virginia,14
2026-02-17,Monitor 24-inch,Virginia,15
2026-02-18,Monitor 24-inch,Virginia,12
2026-02-19,Monitor 24-inch,Virginia,12
2026-02-20,Monitor 24-inch,Virginia,16
2026-02-21,Monitor 24-inch,Virginia,10
2026-02-22,Monitor 24-inch,Virginia,10
2026-02-23,Monitor 24-inch,Virginia,12
2026-02-24,Monitor 24-inch,Virginia,14
2026-02-25,Monitor 24-inch,Virginia,16
2026-02-26,Monitor 24-inch,Virginia,14
2026-02-27,Monitor 24-inch,Virginia,15
2026-02-28,Monitor 24-inch,Virginia,10
2026-03-01,Monitor 24-inch,Virginia,9
2026-03-02,Monitor 24-inch,Virginia,13
2026-03-03,Monitor 24-inch,Virginia,12
2026-03-04,Monitor 24-inch,Virginia,14
2026-03-05,Monitor 24-inch,Virginia,16
2026-03-06,Monitor 24-inch,Virginia,14
2026-03-07,Monitor 24-inch,Virginia,10
2026-03-08,Monitor 24-inch,Virginia,9
2026-03-09,Monitor 24-inch,Virginia,15
2026-03-10,Monitor 24-inch,Virginia,12
2026-03-11,Monitor 24-inch,Virginia,12
2026-03-12,Monitor 24-inch,Virginia,15
2026-03-13,Monitor 24-inch,Virginia,13
2026-03-14,Monitor 24-inch,Virginia,10
2026-03-15,Monitor 24-inch,Virginia,10
2026-03-16,Monitor 24-inch,Virginia,15
2026-03-17,Monitor 24-inch,Virginia,14
2026-03-18,Monitor 24-inch,Virginia,13
2026-03-19,Monitor 24-inch,Virginia,13
2026-03-20,Monitor 24-inch,Virginia,14
2026-03-21,Monitor 24-inch,Virginia,11
2026-03-22,Monitor 24-inch,Virginia,10
2026-03-23,Monitor 24-inch,Virginia,14
2026-03-24,Monitor 24-inch,Virginia,14
2026-03-25,Monitor 24-inch,Virginia,14
2026-03-26,Monitor 24-inch,Virginia,13
2026-03-27,Monitor 24-inch,Virginia,16
2026-03-28,Monitor 24-inch,Virginia,10
2026-03-29,Monitor 24-inch,Virginia,10
2026-03-30,Monitor 24-inch,Virginia,10
2026-03-31,Monitor 24-inch,Virginia,14
2026-04-01,Monitor 24-inch,Virginia,12
2026-04-02,Monitor 24-inch,Virginia,12
2026-04-03,Monitor 24-inch,Virginia,18
2026-04-04,Monitor 24-inch,Virginia,11
2026-04-05,Monitor 24-inch,Virginia,12
2026-04-06,Monitor 24-inch,Virginia,16
2026-04-07,Monitor 24-inch,Virginia,16
2026-04-08,Monitor 24-inch,Virginia,14
2026-04-09,Monitor 24-inch,Virginia,17
2026-04-10,Monitor 24-inch,Virginia,16
2026-04-11,Monitor 24-inch,Virginia,10
2026-04-12,Monitor 24-inch,Virginia,11
2026-04-13,Monitor 24-inch,Virginia,14
2026-04-14,Monitor 24-inch,Virginia,14
2026-04-15,Monitor 24-inch,Virginia,14
2026-04-16,Monitor 24-inch,Virginia,15
2026-04-17,Monitor 24-inch,Virginia,17
2026-04-18,Monitor 24-inch,Virginia,9
2026-04-19,Monitor 24-inch,Virginia,12
2026-04-20,Monitor 24-inch,Virginia,13
2026-04-21,Monitor 24-inch,Virginia,16
2026-04-22,Monitor 24-inch,Virginia,14
2026-04-23,Monitor 24-inch,Virginia,15
2026-04-24,Monitor 24-inch,Virginia,14
2026-04-25,Monitor 24-inch,Virginia,8
2026-04-26,Monitor 24-inch,Virginia,12
2026-04-27,Monitor 24-inch,Virginia,13
2026-04-28,Monitor 24-inch,Virginia,14
2026-04-29,Monitor 24-inch,Virginia,12
2026-04-30,Monitor 24-inch,Virginia,12
2026-05-01,Monitor 24-inch,Virginia,14
2026-05-02,Monitor 24-inch,Virginia,9
2026-05-03,Monitor 24-inch,Virginia,9
2026-05-04,Monitor 24-inch,Virginia,14
2026-05-05,Monitor 24-inch,Virginia,11
2026-05-06,Monitor 24-inch,Virginia,14
2026-05-07,Monitor 24-inch,Virginia,14
2026-05-08,Monitor 24-inch,Virginia,10
2026-05-09,Monitor 24-inch,Virginia,10
2026-05-10,Monitor 24-inch,Virginia,11
2026-05-11,Monitor 24-inch,Virginia,12
2026-05-12,Monitor 24-inch,Virginia,15
2026-05-13,Monitor 24-inch,Virginia,15
2026-05-14,Monitor 24-inch,Virginia,12
2026-05-15,Monitor 24-inch,Virginia,14
2026-05-16,Monitor 24-inch,Virginia,11
2026-05-17,Monitor 24-inch,Virginia,9
2026-05-18,Monitor 24-inch,Virginia,14
2026-05-19,Monitor 24-inch,Virginia,16
2026-05-20,Monitor 24-inch,Virginia,12
2026-05-21,Monitor 24-inch,Virginia,15
2026-05-22,Monitor 24-inch,Virginia,12
2026-05-23,Monitor 24-inch,Virginia,10
2026-05-24,Monitor 24-inch,Virginia,11
2026-05-25,Monitor 24-inch,Virginia,10
2026-05-26,Monitor 24-inch,Virginia,13
2026-05-27,Monitor 24-inch,Virginia,15
2026-05-28,Monitor 24-inch,Virginia,14
2026-05-29,Monitor 24-inch,Virginia,13
2026-05-30,Monitor 24-inch,Virginia,9
2026-05-31,Monitor 24-inch,Virginia,11
2026-06-01,Monitor 24-inch,Virginia,13
2026-06-02,Monitor 24-inch,Virginia,14
2026-06-03,Monitor 24-inch,Virginia,14
2026-06-04,Monitor 24-inch,Virginia,13
2026-06-05,Monitor 24-inch,Virginia,15
2026-06-06,Monitor 24-inch,Virginia,9
2026-06-07,Monitor 24-inch,Virginia,11
2026-06-08,Monitor 24-inch,Virginia,15
2026-06-09,Monitor 24-inch,Virginia,15
2026-06-10,Monitor 24-inch,Virginia,13
2026-06-11,Monitor 24-inch,Virginia,17
2026-06-12,Monitor 24-inch,Virginia,14
2026-06-13,Monitor 24-inch,Virginia,10
2026-06-14,Monitor 24-inch,Virginia,10
2026-06-15,Monitor 24-inch,Virginia,12
2026-06-16,Monitor 24-inch,Virginia,15
2026-06-17,Monitor 24-inch,Virginia,12
2026-06-18,Monitor 24-inch,Virginia,15
2026-06-19,Monitor 24-inch,Virginia,15
2026-06-20,Monitor 24-inch,Virginia,10
2026-06-21,Monitor 24-inch,Virginia,9
2026-06-22,Monitor 24-inch,Virginia,13
2026-06-23,Monitor 24-inch,Virginia,9
2026-06-24,Monitor 24-inch,Virginia,13
2026-06-25,Monitor 24-inch,Virginia,15
2026-06-26,Monitor 24-inch,Virginia,13
2026-06-27,Monitor 24-inch,Virginia,9
2026-06-28,Monitor 24-inch,Virginia,9
2026-06-29,Monitor 24-inch,Virginia,15
2026-06-30,Monitor 24-inch,Virginia,13
2026-07-01,Monitor 24-inch,Virginia,15
2026-07-02,Monitor 24-inch,Virginia,12
2026-07-03,Monitor 24-inch,Virginia,13
2026-07-04,Monitor 24-inch,Virginia,9
2026-07-05,Monitor 24-inch,Virginia,12
2026-07-06,Monitor 24-inch,Virginia,13
2026-07-07,Monitor 24-inch,Virginia,16
2026-07-08,Monitor 24-inch,Virginia,12
2026-07-09,Monitor 24-inch,Virginia,15
2026-07-10,Monitor 24-inch,Virginia,13
2026-07-11,Monitor 24-inch,Virginia,10
2026-07-12,Monitor 24-inch,Virginia,8
2026-07-13,Monitor 24-inch,Virginia,13
2026-07-14,Monitor 24-inch,Virginia,11
2026-07-15,Monitor 24-inch,Virginia,13
2026-07-16,Monitor 24-inch,Virginia,10
2026-07-17,Monitor 24-inch,Virginia,12
2026-07-18,Monitor 24-inch,Virginia,10
2026-07-19,Monitor 24-inch,Virginia,10
2026-07-20,Monitor 24-inch,Virginia,11
2026-07-21,Monitor 24-inch,Virginia,10
2026-07-22,Monitor 24-inch,Virginia,13
2026-07-23,Monitor 24-inch,Virginia,15
2026-07-24,Monitor 24-inch,Virginia,11
2026-07-25,Monitor 24-inch,Virginia,12
2026-07-26,Monitor 24-inch,Virginia,9
2026-07-27,Monitor 24-inch,Virginia,10
2026-07-28,Monitor 24-inch,Virginia,10
2026-07-29,Monitor 24-inch,Virginia,14
2026-07-30,Monitor 24-inch,Virginia,13
2026-07-31,Monitor 24-inch,Virginia,15
2026-08-01,Monitor 24-inch,Virginia,7
2026-08-02,Monitor 24-inch,Virginia,9
2026-08-03,Monitor 24-inch,Virginia,12
2026-08-04,Monitor 24-inch,Virginia,12
2026-08-05,Monitor 24-inch,Virginia,11
2026-08-06,Monitor 24-inch,Virginia,11
2026-08-07,Monitor 24-inch,Virginia,12
2026-08-08,Monitor 24-inch,Virginia,9
2026-08-09,Monitor 24-inch,Virginia,9
2026-08-10,Monitor 24-inch,Virginia,14
2026-08-11,Monitor 24-inch,Virginia,10
2026-08-12,Monitor 24-inch,Virginia,9
2026-08-13,Monitor 24-inch,Virginia,13
2026-08-14,Monitor 24-inch,Virginia,11
2026-08-15,Monitor 24-inch,Virginia,8
2026-08-16,Monitor 24-inch,Virginia,8
2026-08-17,Monitor 24-inch,Virginia,11
2026-08-18,Monitor 24-inch,Virginia,10
2026-08-19,Monitor 24-inch,Virginia,11
2026-08-20,Monitor 24-inch,Virginia,13
2026-08-21,Monitor 24-inch,Virginia,12
2026-08-22,Monitor 24-inch,Virginia,9
2026-08-23,Monitor 24-inch,Virginia,8
2026-08-24,Monitor 24-inch,Virginia,13
2026-08-25,Monitor 24-inch,Virginia,11
2026-08-26,Monitor 24-inch,Virginia,9
2026-08-27,Monitor 24-inch,Virginia,12
2026-08-28,Monitor 24-inch,Virginia,13
2026-08-29,Monitor 24-inch,Virginia,8
2026-08-30,Monitor 24-inch,Virginia,10
2026-08-31,Monitor 24-inch,Virginia,11
2026-09-01,Monitor 24-inch,Virginia,12
2026-09-02,Monitor 24-inch,Virginia,14
2026-09-03,Monitor 24-inch,Virginia,11
2026-09-04,Monitor 24-inch,Virginia,11
2026-09-05,Monitor 24-inch,Virginia,8
2026-09-06,Monitor 24-inch,Virginia,10
2026-09-07,Monitor 24-inch,Virginia,12
2026-09-08,Monitor 24-inch,Virginia,14
2026-09-09,Monitor 24-inch,Virginia,12
2026-09-10,Monitor 24-inch,Virginia,10
2026-09-11,Monitor 24-inch,Virginia,10
2026-09-12,Monitor 24-inch,Virginia,8
2026-09-13,Monitor 24-inch,Virginia,6
2026-09-14,Monitor 24-inch,Virginia,11
2026-09-15,Monitor 24-inch,Virginia,11
2026-09-16,Monitor 24-inch,Virginia,12
2026-09-17,Monitor 24-inch,Virginia,14
2026-09-18,Monitor 24-inch,Virginia,11
2026-09-19,Monitor 24-inch,Virginia,6
2026-09-20,Monitor 24-inch,Virginia,7
2026-09-21,Monitor 24-inch,Virginia,12
2026-09-22,Monitor 24-inch,Virginia,11
2026-09-23,Monitor 24-inch,Virginia,13
2026-09-24,Monitor 24-inch,Virginia,13
2026-09-25,Monitor 24-inch,Virginia,13
2026-09-26,Monitor 24-inch,Virginia,8
2026-09-27,Monitor 24-inch,Virginia,9
2026-09-28,Monitor 24-inch,Virginia,10
2025-01-01,Laptop Backpack,Florida,32
2025-01-02,Laptop Backpack,Florida,27
2025-01-03,Laptop Backpack,Florida,23
2025-01-04,Laptop Backpack,Florida,22
2025-01-05,Laptop Backpack,Florida,24
2025-01-06,Laptop Backpack,Florida,27
2025-01-07,Laptop Backpack,Florida,34
2025-01-08,Laptop Backpack,Florida,23
2025-01-09,Laptop Backpack,Florida,24
2025-01-10,Laptop Backpack,Florida,28
2025-01-11,Laptop Backpack,Florida,20
2025-01-12,Laptop Backpack,Florida,19
2025-01-13,Laptop Backpack,Florida,29
2025-01-14,Laptop Backpack,Florida,27
2025-01-15,Laptop Backpack,Florida,27
2025-01-16,Laptop Backpack,Florida,29
2025-01-17,Laptop Backpack,Florida,26
2025-01-18,Laptop Backpack,Florida,20
2025-01-19,Laptop Backpack,Florida,19
2025-01-20,Laptop Backpack,Florida,24
2025-01-21,Laptop Backpack,Florida,31
2025-01-22,Laptop Backpack,Florida,34
2025-01-23,Laptop Backpack,Florida,32
2025-01-24,Laptop Backpack,Florida,29
2025-01-25,Laptop Backpack,Florida,19
2025-01-26,Laptop Backpack,Florida,20
2025-01-27,Laptop Backpack,Florida,32
2025-01-28,Laptop Backpack,Florida,21
2025-01-29,Laptop Backpack,Florida,27
2025-01-30,Laptop Backpack,Florida,31
2025-01-31,Laptop Backpack,Florida,24
2025-02-01,Laptop Backpack,Florida,23
2025-02-02,Laptop Backpack,Florida,23
2025-02-03,Laptop Backpack,Florida,25
2025-02-04,Laptop Backpack,Florida,30
2025-02-05,Laptop Backpack,Florida,28
2025-02-06,Laptop Backpack,Florida,32
2025-02-07,Laptop Backpack,Florida,32
2025-02-08,Laptop Backpack,Florida,23
2025-02-09,Laptop Backpack,Florida,22
2025-02-10,Laptop Backpack,Florida,31
2025-02-11,Laptop Backpack,Florida,26
2025-02-12,Laptop Backpack,Florida,30
2025-02-13,Laptop Backpack,Florida,27
2025-02-14,Laptop Backpack,Florida,34
2025-02-15,Laptop Backpack,Florida,24
2025-02-16,Laptop Backpack,Florida,24
2025-02-17,Laptop Backpack,Florida,36
2025-02-18,Laptop Backpack,Florida,29
2025-02-19,Laptop Backpack,Florida,28
2025-02-20,Laptop Backpack,Florida,29
2025-02-21,Laptop Backpack,Florida,24
2025-02-22,Laptop Backpack,Florida,18
2025-02-23,Laptop Backpack,Florida,24
2025-02-24,Laptop Backpack,Florida,25
2025-02-25,Laptop Backpack,Florida,26
2025-02-26,Laptop Backpack,Florida,30
2025-02-27,Laptop Backpack,Florida,29
2025-02-28,Laptop Backpack,Florida,33
2025-03-01,Laptop Backpack,Florida,23
2025-03-02,Laptop Backpack,Florida,21
2025-03-03,Laptop Backpack,Florida,35
2025-03-04,Laptop Backpack,Florida,34
2025-03-05,Laptop Backpack,Florida,26
2025-03-06,Laptop Backpack,Florida,32
2025-03-07,Laptop Backpack,Florida,29
2025-03-08,Laptop Backpack,Florida,21
2025-03-09,Laptop Backpack,Florida,28
2025-03-10,Laptop Backpack,Florida,32
2025-03-11,Laptop Backpack,Florida,30
2025-03-12,Laptop Backpack,Florida,32
2025-03-13,Laptop Backpack,Florida,35
2025-03-14,Laptop Backpack,Florida,29
2025-03-15,Laptop Backpack,Florida,21
2025-03-16,Laptop Backpack,Florida,25
2025-03-17,Laptop Backpack,Florida,26
2025-03-18,Laptop Backpack,Florida,35
2025-03-19,Laptop Backpack,Florida,25
2025-03-20,Laptop Backpack,Florida,30
2025-03-21,Laptop Backpack,Florida,25
2025-03-22,Laptop Backpack,Florida,20
2025-03-23,Laptop Backpack,Florida,26
2025-03-24,Laptop Backpack,Florida,35
2025-03-25,Laptop Backpack,Florida,36
2025-03-26,Laptop Backpack,Florida,26
2025-03-27,Laptop Backpack,Florida,27
2025-03-28,Laptop Backpack,Florida,33
2025-03-29,Laptop Backpack,Florida,25
2025-03-30,Laptop Backpack,Florida,21
2025-03-31,Laptop Backpack,Florida,29
2025-04-01,Laptop Backpack,Florida,27
2025-04-02,Laptop Backpack,Florida,38
2025-04-03,Laptop Backpack,Florida,30
2025-04-04,Laptop Backpack,Florida,32
2025-04-05,Laptop Backpack,Florida,23
2025-04-06,Laptop Backpack,Florida,26
2025-04-07,Laptop Backpack,Florida,28
2025-04-08,Laptop Backpack,Florida,36
2025-04-09,Laptop Backpack,Florida,27
2025-04-10,Laptop Backpack,Florida,36
2025-04-11,Laptop Backpack,Florida,25
2025-04-12,Laptop Backpack,Florida,23
2025-04-13,Laptop Backpack,Florida,28
2025-04-14,Laptop Backpack,Florida,34
2025-04-15,Laptop Backpack,Florida,33
2025-04-16,Laptop Backpack,Florida,28
2025-04-17,Laptop Backpack,Florida,29
2025-04-18,Laptop Backpack,Florida,37
2025-04-19,Laptop Backpack,Florida,25
2025-04-20,Laptop Backpack,Florida,26
2025-04-21,Laptop Backpack,Florida,32
2025-04-22,Laptop Backpack,Florida,31
2025-04-23,Laptop Backpack,Florida,35
2025-04-24,Laptop Backpack,Florida,33
2025-04-25,Laptop Backpack,Florida,31
2025-04-26,Laptop Backpack,Florida,19
2025-04-27,Laptop Backpack,Florida,26
2025-04-28,Laptop Backpack,Florida,33
2025-04-29,Laptop Backpack,Florida,29
2025-04-30,Laptop Backpack,Florida,36
2025-05-01,Laptop Backpack,Florida,32
2025-05-02,Laptop Backpack,Florida,32
2025-05-03,Laptop Backpack,Florida,25
2025-05-04,Laptop Backpack,Florida,25
2025-05-05,Laptop Backpack,Florida,32
2025-05-06,Laptop Backpack,Florida,31
2025-05-07,Laptop Backpack,Florida,39
2025-05-08,Laptop Backpack,Florida,29
2025-05-09,Laptop Backpack,Florida,34
2025-05-10,Laptop Backpack,Florida,23
2025-05-11,Laptop Backpack,Florida,24
2025-05-12,Laptop Backpack,Florida,36
2025-05-13,Laptop Backpack,Florida,30
2025-05-14,Laptop Backpack,Florida,34
2025-05-15,Laptop Backpack,Florida,32
2025-05-16,Laptop Backpack,Florida,29
2025-05-17,Laptop Backpack,Florida,26
2025-05-18,Laptop Backpack,Florida,25
2025-05-19,Laptop Backpack,Florida,30
2025-05-20,Laptop Backpack,Florida,35
2025-05-21,Laptop Backpack,Florida,28
2025-05-22,Laptop Backpack,Florida,31
2025-05-23,Laptop Backpack,Florida,30
2025-05-24,Laptop Backpack,Florida,25
2025-05-25,Laptop Backpack,Florida,22
2025-05-26,Laptop Backpack,Florida,34
2025-05-27,Laptop Backpack,Florida,34
2025-05-28,Laptop Backpack,Florida,30
2025-05-29,Laptop Backpack,Florida,38
2025-05-30,Laptop Backpack,Florida,28
2025-05-31,Laptop Backpack,Florida,19
2025-06-01,Laptop Backpack,Florida,24
2025-06-02,Laptop Backpack,Florida,22
2025-06-03,Laptop Backpack,Florida,35
2025-06-04,Laptop Backpack,Florida,30
2025-06-05,Laptop Backpack,Florida,25
2025-06-06,Laptop Backpack,Florida,27
2025-06-07,Laptop Backpack,Florida,18
2025-06-08,Laptop Backpack,Florida,23
2025-06-09,Laptop Backpack,Florida,25
2025-06-10,Laptop Backpack,Florida,32
2025-06-11,Laptop Backpack,Florida,29
2025-06-12,Laptop Backpack,Florida,28
2025-06-13,Laptop Backpack,Florida,32
2025-06-14,Laptop Backpack,Florida,24
2025-06-15,Laptop Backpack,Florida,25
2025-06-16,Laptop Backpack,Florida,28
2025-06-17,Laptop Backpack,Florida,30
2025-06-18,Laptop Backpack,Florida,28
2025-06-19,Laptop Backpack,Florida,31
2025-06-20,Laptop Backpack,Florida,27
2025-06-21,Laptop Backpack,Florida,21
2025-06-22,Laptop Backpack,Florida,21
2025-06-23,Laptop Backpack,Florida,31
2025-06-24,Laptop Backpack,Florida,30
2025-06-25,Laptop Backpack,Florida,32
2025-06-26,Laptop Backpack,Florida,30
2025-06-27,Laptop Backpack,Florida,28
2025-06-28,Laptop Backpack,Florida,22
2025-06-29,Laptop Backpack,Florida,20
2025-06-30,Laptop Backpack,Florida,32
2025-07-01,Laptop Backpack,Florida,27
2025-07-02,Laptop Backpack,Florida,29
2025-07-03,Laptop Backpack,Florida,29
2025-07-04,Laptop Backpack,Florida,34
2025-07-05,Laptop Backpack,Florida,22
2025-07-06,Laptop Backpack,Florida,21
2025-07-07,Laptop Backpack,Florida,26
2025-07-08,Laptop Backpack,Florida,31
2025-07-09,Laptop Backpack,Florida,27
2025-07-10,Laptop Backpack,Florida,23
2025-07-11,Laptop Backpack,Florida,28
2025-07-12,Laptop Backpack,Florida,21
2025-07-13,Laptop Backpack,Florida,19
2025-07-14,Laptop Backpack,Florida,28
2025-07-15,Laptop Backpack,Florida,28
2025-07-16,Laptop Backpack,Florida,28
2025-07-17,Laptop Backpack,Florida,33
2025-07-18,Laptop Backpack,Florida,24
2025-07-19,Laptop Backpack,Florida,26
2025-07-20,Laptop Backpack,Florida,21
2025-07-21,Laptop Backpack,Florida,30
2025-07-22,Laptop Backpack,Florida,29
2025-07-23,Laptop Backpack,Florida,22
2025-07-24,Laptop Backpack,Florida,25
2025-07-25,Laptop Backpack,Florida,27
2025-07-26,Laptop Backpack,Florida,23
2025-07-27,Laptop Backpack,Florida,17
2025-07-28,Laptop Backpack,Florida,25
2025-07-29,Laptop Backpack,Florida,29
2025-07-30,Laptop Backpack,Florida,30
2025-07-31,Laptop Backpack,Florida,30
2025-08-01,Laptop Backpack,Florida,23
2025-08-02,Laptop Backpack,Florida,16
2025-08-03,Laptop Backpack,Florida,21
2025-08-04,Laptop Backpack,Florida,31
2025-08-05,Laptop Backpack,Florida,26
2025-08-06,Laptop Backpack,Florida,23
2025-08-07,Laptop Backpack,Florida,25
2025-08-08,Laptop Backpack,Florida,28
2025-08-09,Laptop Backpack,Florida,19
2025-08-10,Laptop Backpack,Florida,23
2025-08-11,Laptop Backpack,Florida,30
2025-08-12,Laptop Backpack,Florida,27
2025-08-13,Laptop Backpack,Florida,20
2025-08-14,Laptop Backpack,Florida,24
2025-08-15,Laptop Backpack,Florida,25
2025-08-16,Laptop Backpack,Florida,18
2025-08-17,Laptop Backpack,Florida,20
2025-08-18,Laptop Backpack,Florida,27
2025-08-19,Laptop Backpack,Florida,21
2025-08-20,Laptop Backpack,Florida,29
2025-08-21,Laptop Backpack,Florida,27
2025-08-22,Laptop Backpack,Florida,28
2025-08-23,Laptop Backpack,Florida,21
2025-08-24,Laptop Backpack,Florida,18
2025-08-25,Laptop Backpack,Florida,31
2025-08-26,Laptop Backpack,Florida,26
2025-08-27,Laptop Backpack,Florida,31
2025-08-28,Laptop Backpack,Florida,24
2025-08-29,Laptop Backpack,Florida,31
2025-08-30,Laptop Backpack,Florida,17
2025-08-31,Laptop Backpack,Florida,25
2025-09-01,Laptop Backpack,Florida,22
2025-09-02,Laptop Backpack,Florida,29
2025-09-03,Laptop Backpack,Florida,24
2025-09-04,Laptop Backpack,Florida,28
2025-09-05,Laptop Backpack,Florida,25
2025-09-06,Laptop Backpack,Florida,16
2025-09-07,Laptop Backpack,Florida,12
2025-09-08,Laptop Backpack,Florida,33
2025-09-09,Laptop Backpack,Florida,26
2025-09-10,Laptop Backpack,Florida,16
2025-09-11,Laptop Backpack,Florida,26
2025-09-12,Laptop Backpack,Florida,27
2025-09-13,Laptop Backpack,Florida,17
2025-09-14,Laptop Backpack,Florida,17
2025-09-15,Laptop Backpack,Florida,25
2025-09-16,Laptop Backpack,Florida,29
2025-09-17,Laptop Backpack,Florida,26
2025-09-18,Laptop Backpack,Florida,30
2025-09-19,Laptop Backpack,Florida,29
2025-09-20,Laptop Backpack,Florida,18
2025-09-21,Laptop Backpack,Florida,15
2025-09-22,Laptop Backpack,Florida,25
2025-09-23,Laptop Backpack,Florida,27
2025-09-24,Laptop Backpack,Florida,26
2025-09-25,Laptop Backpack,Florida,27
2025-09-26,Laptop Backpack,Florida,28
2025-09-27,Laptop Backpack,Florida,20
2025-09-28,Laptop Backpack,Florida,18
2025-09-29,Laptop Backpack,Florida,27
2025-09-30,Laptop Backpack,Florida,32
2025-10-01,Laptop Backpack,Florida,20
2025-10-02,Laptop Backpack,Florida,26
2025-10-03,Laptop Backpack,Florida,30
2025-10-04,Laptop Backpack,Florida,16
2025-10-05,Laptop Backpack,Florida,20
2025-10-06,Laptop Backpack,Florida,28
2025-10-07,Laptop Backpack,Florida,21
2025-10-08,Laptop Backpack,Florida,27
2025-10-09,Laptop Backpack,Florida,24
2025-10-10,Laptop Backpack,Florida,25
2025-10-11,Laptop Backpack,Florida,18
2025-10-12,Laptop Backpack,Florida,21
2025-10-13,Laptop Backpack,Florida,25
2025-10-14,Laptop Backpack,Florida,24
2025-10-15,Laptop Backpack,Florida,24
2025-10-16,Laptop Backpack,Florida,24
2025-10-17,Laptop Backpack,Florida,22
2025-10-18,Laptop Backpack,Florida,17
2025-10-19,Laptop Backpack,Florida,19
2025-10-20,Laptop Backpack,Florida,26
2025-10-21,Laptop Backpack,Florida,29
2025-10-22,Laptop Backpack,Florida,26
2025-10-23,Laptop Backpack,Florida,24
2025-10-24,Laptop Backpack,Florida,22
2025-10-25,Laptop Backpack,Florida,19
2025-10-26,Laptop Backpack,Florida,18
2025-10-27,Laptop Backpack,Florida,25
2025-10-28,Laptop Backpack,Florida,26
2025-10-29,Laptop Backpack,Florida,26
2025-10-30,Laptop Backpack,Florida,26
2025-10-31,Laptop Backpack,Florida,24
2025-11-01,Laptop Backpack,Florida,20
2025-11-02,Laptop Backpack,Florida,20
2025-11-03,Laptop Backpack,Florida,33
2025-11-04,Laptop Backpack,Florida,28
2025-11-05,Laptop Backpack,Florida,25
2025-11-06,Laptop Backpack,Florida,34
2025-11-07,Laptop Backpack,Florida,27
2025-11-08,Laptop Backpack,Florida,22
2025-11-09,Laptop Backpack,Florida,23
2025-11-10,Laptop Backpack,Florida,30
2025-11-11,Laptop Backpack,Florida,21
2025-11-12,Laptop Backpack,Florida,31
2025-11-13,Laptop Backpack,Florida,35
2025-11-14,Laptop Backpack,Florida,33
2025-11-15,Laptop Backpack,Florida,16
2025-11-16,Laptop Backpack,Florida,28
2025-11-17,Laptop Backpack,Florida,25
2025-11-18,Laptop Backpack,Florida,26
2025-11-19,Laptop Backpack,Florida,33
2025-11-20,Laptop Backpack,Florida,32
2025-11-21,Laptop Backpack,Florida,30
2025-11-22,Laptop Backpack,Florida,20
2025-11-23,Laptop Backpack,Florida,25
2025-11-24,Laptop Backpack,Florida,30
2025-11-25,Laptop Backpack,Florida,24
2025-11-26,Laptop Backpack,Florida,34
2025-11-27,Laptop Backpack,Florida,31
2025-11-28,Laptop Backpack,Florida,34
2025-11-29,Laptop Backpack,Florida,23
2025-11-30,Laptop Backpack,Florida,28
2025-12-01,Laptop Backpack,Florida,30
2025-12-02,Laptop Backpack,Florida,31
2025-12-03,Laptop Backpack,Florida,34
2025-12-04,Laptop Backpack,Florida,30
2025-12-05,Laptop Backpack,Florida,34
2025-12-06,Laptop Backpack,Florida,15
2025-12-07,Laptop Backpack,Florida,23
2025-12-08,Laptop Backpack,Florida,31
2025-12-09,Laptop Backpack,Florida,31
2025-12-10,Laptop Backpack,Florida,28
2025-12-11,Laptop Backpack,Florida,35
2025-12-12,Laptop Backpack,Florida,30
2025-12-13,Laptop Backpack,Florida,24
2025-12-14,Laptop Backpack,Florida,23
2025-12-15,Laptop Backpack,Florida,33
2025-12-16,Laptop Backpack,Florida,37
2025-12-17,Laptop Backpack,Florida,32
2025-12-18,Laptop Backpack,Florida,35
2025-12-19,Laptop Backpack,Florida,32
2025-12-20,Laptop Backpack,Florida,22
2025-12-21,Laptop Backpack,Florida,23
2025-12-22,Laptop Backpack,Florida,30
2025-12-23,Laptop Backpack,Florida,34
2025-12-24,Laptop Backpack,Florida,32
2025-12-25,Laptop Backpack,Florida,28
2025-12-26,Laptop Backpack,Florida,31
2025-12-27,Laptop Backpack,Florida,19
2025-12-28,Laptop Backpack,Florida,23
2025-12-29,Laptop Backpack,Florida,31
2025-12-30,Laptop Backpack,Florida,38
2025-12-31,Laptop Backpack,Florida,37
2026-01-01,Laptop Backpack,Florida,25
2026-01-02,Laptop Backpack,Florida,29
2026-01-03,Laptop Backpack,Florida,21
2026-01-04,Laptop Backpack,Florida,20
2026-01-05,Laptop Backpack,Florida,28
2026-01-06,Laptop Backpack,Florida,27
2026-01-07,Laptop Backpack,Florida,35
2026-01-08,Laptop Backpack,Florida,27
2026-01-09,Laptop Backpack,Florida,29
2026-01-10,Laptop Backpack,Florida,14
2026-01-11,Laptop Backpack,Florida,23
2026-01-12,Laptop Backpack,Florida,32
2026-01-13,Laptop Backpack,Florida,25
2026-01-14,Laptop Backpack,Florida,27
2026-01-15,Laptop Backpack,Florida,30
2026-01-16,Laptop Backpack,Florida,28
2026-01-17,Laptop Backpack,Florida,22
2026-01-18,Laptop Backpack,Florida,20
2026-01-19,Laptop Backpack,Florida,35
2026-01-20,Laptop Backpack,Florida,26
2026-01-21,Laptop Backpack,Florida,37
2026-01-22,Laptop Backpack,Florida,33
2026-01-23,Laptop Backpack,Florida,31
2026-01-24,Laptop Backpack,Florida,18
2026-01-25,Laptop Backpack,Florida,23
2026-01-26,Laptop Backpack,Florida,30
2026-01-27,Laptop Backpack,Florida,21
2026-01-28,Laptop Backpack,Florida,24
2026-01-29,Laptop Backpack,Florida,30
2026-01-30,Laptop Backpack,Florida,28
2026-01-31,Laptop Backpack,Florida,19
2026-02-01,Laptop Backpack,Florida,25
2026-02-02,Laptop Backpack,Florida,27
2026-02-03,Laptop Backpack,Florida,28
2026-02-04,Laptop Backpack,Florida,28
2026-02-05,Laptop Backpack,Florida,32
2026-02-06,Laptop Backpack,Florida,24
2026-02-07,Laptop Backpack,Florida,21
2026-02-08,Laptop Backpack,Florida,17
2026-02-09,Laptop Backpack,Florida,29
2026-02-10,Laptop Backpack,Florida,33
2026-02-11,Laptop Backpack,Florida,33
2026-02-12,Laptop Backpack,Florida,27
2026-02-13,Laptop Backpack,Florida,32
2026-02-14,Laptop Backpack,Florida,22
2026-02-15,Laptop Backpack,Florida,26
2026-02-16,Laptop Backpack,Florida,30
2026-02-17,Laptop Backpack,Florida,19
2026-02-18,Laptop Backpack,Florida,33
2026-02-19,Laptop Backpack,Florida,28
2026-02-20,Laptop Backpack,Florida,29
2026-02-21,Laptop Backpack,Florida,23
2026-02-22,Laptop Backpack,Florida,18
2026-02-23,Laptop Backpack,Florida,30
2026-02-24,Laptop Backpack,Florida,32
2026-02-25,Laptop Backpack,Florida,31
2026-02-26,Laptop Backpack,Florida,28
2026-02-27,Laptop Backpack,Florida,34
2026-02-28,Laptop Backpack,Florida,19
2026-03-01,Laptop Backpack,Florida,21
2026-03-02,Laptop Backpack,Florida,31
2026-03-03,Laptop Backpack,Florida,32
2026-03-04,Laptop Backpack,Florida,30
2026-03-05,Laptop Backpack,Florida,36
2026-03-06,Laptop Backpack,Florida,32
2026-03-07,Laptop Backpack,Florida,23
2026-03-08,Laptop Backpack,Florida,24
2026-03-09,Laptop Backpack,Florida,34
2026-03-10,Laptop Backpack,Florida,32
2026-03-11,Laptop Backpack,Florida,24
2026-03-12,Laptop Backpack,Florida,35
2026-03-13,Laptop Backpack,Florida,32
2026-03-14,Laptop Backpack,Florida,25
2026-03-15,Laptop Backpack,Florida,22
2026-03-16,Laptop Backpack,Florida,24
2026-03-17,Laptop Backpack,Florida,23
2026-03-18,Laptop Backpack,Florida,28
2026-03-19,Laptop Backpack,Florida,33
2026-03-20,Laptop Backpack,Florida,36
2026-03-21,Laptop Backpack,Florida,24
2026-03-22,Laptop Backpack,Florida,20
2026-03-23,Laptop Backpack,Florida,28
2026-03-24,Laptop Backpack,Florida,36
2026-03-25,Laptop Backpack,Florida,26
2026-03-26,Laptop Backpack,Florida,39
2026-03-27,Laptop Backpack,Florida,38
2026-03-28,Laptop Backpack,Florida,29
2026-03-29,Laptop Backpack,Florida,24
2026-03-30,Laptop Backpack,Florida,30
2026-03-31,Laptop Backpack,Florida,33
2026-04-01,Laptop Backpack,Florida,35
2026-04-02,Laptop Backpack,Florida,29
2026-04-03,Laptop Backpack,Florida,28
2026-04-04,Laptop Backpack,Florida,22
2026-04-05,Laptop Backpack,Florida,21
2026-04-06,Laptop Backpack,Florida,36
2026-04-07,Laptop Backpack,Florida,29
2026-04-08,Laptop Backpack,Florida,32
2026-04-09,Laptop Backpack,Florida,35
2026-04-10,Laptop Backpack,Florida,37
2026-04-11,Laptop Backpack,Florida,24
2026-04-12,Laptop Backpack,Florida,24
2026-04-13,Laptop Backpack,Florida,28
2026-04-14,Laptop Backpack,Florida,36
2026-04-15,Laptop Backpack,Florida,37
2026-04-16,Laptop Backpack,Florida,25
2026-04-17,Laptop Backpack,Florida,38
2026-04-18,Laptop Backpack,Florida,21
2026-04-19,Laptop Backpack,Florida,25
2026-04-20,Laptop Backpack,Florida,32
2026-04-21,Laptop Backpack,Florida,32
2026-04-22,Laptop Backpack,Florida,31
2026-04-23,Laptop Backpack,Florida,28
2026-04-24,Laptop Backpack,Florida,34
2026-04-25,Laptop Backpack,Florida,22
2026-04-26,Laptop Backpack,Florida,20
2026-04-27,Laptop Backpack,Florida,28
2026-04-28,Laptop Backpack,Florida,27
2026-04-29,Laptop Backpack,Florida,30
2026-04-30,Laptop Backpack,Florida,34
2026-05-01,Laptop Backpack,Florida,29
2026-05-02,Laptop Backpack,Florida,26
2026-05-03,Laptop Backpack,Florida,23
2026-05-04,Laptop Backpack,Florida,30
2026-05-05,Laptop Backpack,Florida,31
2026-05-06,Laptop Backpack,Florida,37
2026-05-07,Laptop Backpack,Florida,26
2026-05-08,Laptop Backpack,Florida,37
2026-05-09,Laptop Backpack,Florida,26
2026-05-10,Laptop Backpack,Florida,23
2026-05-11,Laptop Backpack,Florida,36
2026-05-12,Laptop Backpack,Florida,30
2026-05-13,Laptop Backpack,Florida,32
2026-05-14,Laptop Backpack,Florida,29
2026-05-15,Laptop Backpack,Florida,35
2026-05-16,Laptop Backpack,Florida,21
2026-05-17,Laptop Backpack,Florida,23
2026-05-18,Laptop Backpack,Florida,34
2026-05-19,Laptop Backpack,Florida,35
2026-05-20,Laptop Backpack,Florida,28
2026-05-21,Laptop Backpack,Florida,34
2026-05-22,Laptop Backpack,Florida,28
2026-05-23,Laptop Backpack,Florida,17
2026-05-24,Laptop Backpack,Florida,21
2026-05-25,Laptop Backpack,Florida,34
2026-05-26,Laptop Backpack,Florida,31
2026-05-27,Laptop Backpack,Florida,29
2026-05-28,Laptop Backpack,Florida,31
2026-05-29,Laptop Backpack,Florida,31
2026-05-30,Laptop Backpack,Florida,25
2026-05-31,Laptop Backpack,Florida,18
2026-06-01,Laptop Backpack,Florida,30
2026-06-02,Laptop Backpack,Florida,30
2026-06-03,Laptop Backpack,Florida,25
2026-06-04,Laptop Backpack,Florida,25
2026-06-05,Laptop Backpack,Florida,29
2026-06-06,Laptop Backpack,Florida,22
2026-06-07,Laptop Backpack,Florida,22
2026-06-08,Laptop Backpack,Florida,28
2026-06-09,Laptop Backpack,Florida,28
2026-06-10,Laptop Backpack,Florida,29
2026-06-11,Laptop Backpack,Florida,31
2026-06-12,Laptop Backpack,Florida,35
2026-06-13,Laptop Backpack,Florida,16
2026-06-14,Laptop Backpack,Florida,24
2026-06-15,Laptop Backpack,Florida,30
2026-06-16,Laptop Backpack,Florida,32
2026-06-17,Laptop Backpack,Florida,34
2026-06-18,Laptop Backpack,Florida,27
2026-06-19,Laptop Backpack,Florida,33
2026-06-20,Laptop Backpack,Florida,19
2026-06-21,Laptop Backpack,Florida,22
2026-06-22,Laptop Backpack,Florida,29
2026-06-23,Laptop Backpack,Florida,30
2026-06-24,Laptop Backpack,Florida,26
2026-06-25,Laptop Backpack,Florida,32
2026-06-26,Laptop Backpack,Florida,36
2026-06-27,Laptop Backpack,Florida,19
2026-06-28,Laptop Backpack,Florida,22
2026-06-29,Laptop Backpack,Florida,33
2026-06-30,Laptop Backpack,Florida,29
2026-07-01,Laptop Backpack,Florida,33
2026-07-02,Laptop Backpack,Florida,27
2026-07-03,Laptop Backpack,Florida,28
2026-07-04,Laptop Backpack,Florida,18
2026-07-05,Laptop Backpack,Florida,21
2026-07-06,Laptop Backpack,Florida,28
2026-07-07,Laptop Backpack,Florida,30
2026-07-08,Laptop Backpack,Florida,26
2026-07-09,Laptop Backpack,Florida,26
2026-07-10,Laptop Backpack,Florida,30
2026-07-11,Laptop Backpack,Florida,24
2026-07-12,Laptop Backpack,Florida,22
2026-07-13,Laptop Backpack,Florida,35
2026-07-14,Laptop Backpack,Florida,30
2026-07-15,Laptop Backpack,Florida,30
2026-07-16,Laptop Backpack,Florida,31
2026-07-17,Laptop Backpack,Florida,33
2026-07-18,Laptop Backpack,Florida,24
2026-07-19,Laptop Backpack,Florida,18
2026-07-20,Laptop Backpack,Florida,31
2026-07-21,Laptop Backpack,Florida,29
2026-07-22,Laptop Backpack,Florida,28
2026-07-23,Laptop Backpack,Florida,22
2026-07-24,Laptop Backpack,Florida,23
2026-07-25,Laptop Backpack,Florida,20
2026-07-26,Laptop Backpack,Florida,17
2026-07-27,Laptop Backpack,Florida,27
2026-07-28,Laptop Backpack,Florida,31
2026-07-29,Laptop Backpack,Florida,26
2026-07-30,Laptop Backpack,Florida,29
2026-07-31,Laptop Backpack,Florida,25
2026-08-01,Laptop Backpack,Florida,20
2026-08-02,Laptop Backpack,Florida,21
2026-08-03,Laptop Backpack,Florida,22
2026-08-04,Laptop Backpack,Florida,24
2026-08-05,Laptop Backpack,Florida,23
2026-08-06,Laptop Backpack,Florida,28
2026-08-07,Laptop Backpack,Florida,27
2026-08-08,Laptop Backpack,Florida,19
2026-08-09,Laptop Backpack,Florida,19
2026-08-10,Laptop Backpack,Florida,28
2026-08-11,Laptop Backpack,Florida,28
2026-08-12,Laptop Backpack,Florida,25
2026-08-13,Laptop Backpack,Florida,25
2026-08-14,Laptop Backpack,Florida,26
2026-08-15,Laptop Backpack,Florida,19
2026-08-16,Laptop Backpack,Florida,24
2026-08-17,Laptop Backpack,Florida,25
2026-08-18,Laptop Backpack,Florida,28
2026-08-19,Laptop Backpack,Florida,28
2026-08-20,Laptop Backpack,Florida,31
2026-08-21,Laptop Backpack,Florida,24
2026-08-22,Laptop Backpack,Florida,23
2026-08-23,Laptop Backpack,Florida,19
2026-08-24,Laptop Backpack,Florida,35
2026-08-25,Laptop Backpack,Florida,28
2026-08-26,Laptop Backpack,Florida,23
2026-08-27,Laptop Backpack,Florida,26
2026-08-28,Laptop Backpack,Florida,31
2026-08-29,Laptop Backpack,Florida,20
2026-08-30,Laptop Backpack,Florida,19
2026-08-31,Laptop Backpack,Florida,29
2026-09-01,Laptop Backpack,Florida,24
2026-09-02,Laptop Backpack,Florida,25
2026-09-03,Laptop Backpack,Florida,23
2026-09-04,Laptop Backpack,Florida,31
2026-09-05,Laptop Backpack,Florida,16
2026-09-06,Laptop Backpack,Florida,19
2026-09-07,Laptop Backpack,Florida,27
2026-09-08,Laptop Backpack,Florida,25
2026-09-09,Laptop Backpack,Florida,22
2026-09-10,Laptop Backpack,Florida,22
2026-09-11,Laptop Backpack,Florida,27
2026-09-12,Laptop Backpack,Florida,17
2026-09-13,Laptop Backpack,Florida,14
2026-09-14,Laptop Backpack,Florida,27
2026-09-15,Laptop Backpack,Florida,23
2026-09-16,Laptop Backpack,Florida,27
2026-09-17,Laptop Backpack,Florida,25
2026-09-18,Laptop Backpack,Florida,25
2026-09-19,Laptop Backpack,Florida,19
2026-09-20,Laptop Backpack,Florida,16
2026-09-21,Laptop Backpack,Florida,23
2026-09-22,Laptop Backpack,Florida,25
2026-09-23,Laptop Backpack,Florida,22
2026-09-24,Laptop Backpack,Florida,28
2026-09-25,Laptop Backpack,Florida,24
2026-09-26,Laptop Backpack,Florida,15
2026-09-27,Laptop Backpack,Florida,17
2026-09-28,Laptop Backpack,Florida,26
2025-01-01,Laptop Backpack,Georgia,21
2025-01-02,Laptop Backpack,Georgia,23
2025-01-03,Laptop Backpack,Georgia,24
2025-01-04,Laptop Backpack,Georgia,21
2025-01-05,Laptop Backpack,Georgia,18
2025-01-06,Laptop Backpack,Georgia,18
2025-01-07,Laptop Backpack,Georgia,21
2025-01-08,Laptop Backpack,Georgia,21
2025-01-09,Laptop Backpack,Georgia,24
2025-01-10,Laptop Backpack,Georgia,20
2025-01-11,Laptop Backpack,Georgia,15
2025-01-12,Laptop Backpack,Georgia,14
2025-01-13,Laptop Backpack,Georgia,21
2025-01-14,Laptop Backpack,Georgia,21
2025-01-15,Laptop Backpack,Georgia,21
2025-01-16,Laptop Backpack,Georgia,19
2025-01-17,Laptop Backpack,Georgia,25
2025-01-18,Laptop Backpack,Georgia,17
2025-01-19,Laptop Backpack,Georgia,13
2025-01-20,Laptop Backpack,Georgia,22
2025-01-21,Laptop Backpack,Georgia,18
2025-01-22,Laptop Backpack,Georgia,26
2025-01-23,Laptop Backpack,Georgia,26
2025-01-24,Laptop Backpack,Georgia,22
2025-01-25,Laptop Backpack,Georgia,15
2025-01-26,Laptop Backpack,Georgia,15
2025-01-27,Laptop Backpack,Georgia,21
2025-01-28,Laptop Backpack,Georgia,22
2025-01-29,Laptop Backpack,Georgia,26
2025-01-30,Laptop Backpack,Georgia,25
2025-01-31,Laptop Backpack,Georgia,25
2025-02-01,Laptop Backpack,Georgia,18
2025-02-02,Laptop Backpack,Georgia,15
2025-02-03,Laptop Backpack,Georgia,21
2025-02-04,Laptop Backpack,Georgia,24
2025-02-05,Laptop Backpack,Georgia,20
2025-02-06,Laptop Backpack,Georgia,24
2025-02-07,Laptop Backpack,Georgia,26
2025-02-08,Laptop Backpack,Georgia,18
2025-02-09,Laptop Backpack,Georgia,18
2025-02-10,Laptop Backpack,Georgia,18
2025-02-11,Laptop Backpack,Georgia,27
2025-02-12,Laptop Backpack,Georgia,19
2025-02-13,Laptop Backpack,Georgia,23
2025-02-14,Laptop Backpack,Georgia,25
2025-02-15,Laptop Backpack,Georgia,18
2025-02-16,Laptop Backpack,Georgia,15
2025-02-17,Laptop Backpack,Georgia,20
2025-02-18,Laptop Backpack,Georgia,24
2025-02-19,Laptop Backpack,Georgia,25
2025-02-20,Laptop Backpack,Georgia,20
2025-02-21,Laptop Backpack,Georgia,25
2025-02-22,Laptop Backpack,Georgia,14
2025-02-23,Laptop Backpack,Georgia,18
2025-02-24,Laptop Backpack,Georgia,21
2025-02-25,Laptop Backpack,Georgia,24
2025-02-26,Laptop Backpack,Georgia,23
2025-02-27,Laptop Backpack,Georgia,27
2025-02-28,Laptop Backpack,Georgia,24
2025-03-01,Laptop Backpack,Georgia,17
2025-03-02,Laptop Backpack,Georgia,19
2025-03-03,Laptop Backpack,Georgia,31
2025-03-04,Laptop Backpack,Georgia,27
2025-03-05,Laptop Backpack,Georgia,24
2025-03-06,Laptop Backpack,Georgia,22
2025-03-07,Laptop Backpack,Georgia,23
2025-03-08,Laptop Backpack,Georgia,19
2025-03-09,Laptop Backpack,Georgia,16
2025-03-10,Laptop Backpack,Georgia,24
2025-03-11,Laptop Backpack,Georgia,29
2025-03-12,Laptop Backpack,Georgia,25
2025-03-13,Laptop Backpack,Georgia,21
2025-03-14,Laptop Backpack,Georgia,31
2025-03-15,Laptop Backpack,Georgia,22
2025-03-16,Laptop Backpack,Georgia,19
2025-03-17,Laptop Backpack,Georgia,28
2025-03-18,Laptop Backpack,Georgia,24
2025-03-19,Laptop Backpack,Georgia,27
2025-03-20,Laptop Backpack,Georgia,23
2025-03-21,Laptop Backpack,Georgia,20
2025-03-22,Laptop Backpack,Georgia,23
2025-03-23,Laptop Backpack,Georgia,15
2025-03-24,Laptop Backpack,Georgia,25
2025-03-25,Laptop Backpack,Georgia,25
2025-03-26,Laptop Backpack,Georgia,26
2025-03-27,Laptop Backpack,Georgia,24
2025-03-28,Laptop Backpack,Georgia,24
2025-03-29,Laptop Backpack,Georgia,18
2025-03-30,Laptop Backpack,Georgia,19
2025-03-31,Laptop Backpack,Georgia,24
2025-04-01,Laptop Backpack,Georgia,25
2025-04-02,Laptop Backpack,Georgia,21
2025-04-03,Laptop Backpack,Georgia,31
2025-04-04,Laptop Backpack,Georgia,26
2025-04-05,Laptop Backpack,Georgia,19
2025-04-06,Laptop Backpack,Georgia,17
2025-04-07,Laptop Backpack,Georgia,22
2025-04-08,Laptop Backpack,Georgia,27
2025-04-09,Laptop Backpack,Georgia,24
2025-04-10,Laptop Backpack,Georgia,27
2025-04-11,Laptop Backpack,Georgia,21
2025-04-12,Laptop Backpack,Georgia,22
2025-04-13,Laptop Backpack,Georgia,20
2025-04-14,Laptop Backpack,Georgia,25
2025-04-15,Laptop Backpack,Georgia,26
2025-04-16,Laptop Backpack,Georgia,27
2025-04-17,Laptop Backpack,Georgia,21
2025-04-18,Laptop Backpack,Georgia,30
2025-04-19,Laptop Backpack,Georgia,19
2025-04-20,Laptop Backpack,Georgia,17
2025-04-21,Laptop Backpack,Georgia,22
2025-04-22,Laptop Backpack,Georgia,28
2025-04-23,Laptop Backpack,Georgia,25
2025-04-24,Laptop Backpack,Georgia,26
2025-04-25,Laptop Backpack,Georgia,25
2025-04-26,Laptop Backpack,Georgia,16
2025-04-27,Laptop Backpack,Georgia,19
2025-04-28,Laptop Backpack,Georgia,24
2025-04-29,Laptop Backpack,Georgia,25
2025-04-30,Laptop Backpack,Georgia,32
2025-05-01,Laptop Backpack,Georgia,27
2025-05-02,Laptop Backpack,Georgia,27
2025-05-03,Laptop Backpack,Georgia,24
2025-05-04,Laptop Backpack,Georgia,19
2025-05-05,Laptop Backpack,Georgia,25
2025-05-06,Laptop Backpack,Georgia,22
2025-05-07,Laptop Backpack,Georgia,23
2025-05-08,Laptop Backpack,Georgia,18
2025-05-09,Laptop Backpack,Georgia,27
2025-05-10,Laptop Backpack,Georgia,15
2025-05-11,Laptop Backpack,Georgia,20
2025-05-12,Laptop Backpack,Georgia,24
2025-05-13,Laptop Backpack,Georgia,25
2025-05-14,Laptop Backpack,Georgia,24
2025-05-15,Laptop Backpack,Georgia,29
2025-05-16,Laptop Backpack,Georgia,28
2025-05-17,Laptop Backpack,Georgia,18
2025-05-18,Laptop Backpack,Georgia,16
2025-05-19,Laptop Backpack,Georgia,27
2025-05-20,Laptop Backpack,Georgia,22
2025-05-21,Laptop Backpack,Georgia,20
2025-05-22,Laptop Backpack,Georgia,26
2025-05-23,Laptop Backpack,Georgia,28
2025-05-24,Laptop Backpack,Georgia,17
2025-05-25,Laptop Backpack,Georgia,19
2025-05-26,Laptop Backpack,Georgia,23
2025-05-27,Laptop Backpack,Georgia,27
2025-05-28,Laptop Backpack,Georgia,28
2025-05-29,Laptop Backpack,Georgia,24
2025-05-30,Laptop Backpack,Georgia,21
2025-05-31,Laptop Backpack,Georgia,15
2025-06-01,Laptop Backpack,Georgia,19
2025-06-02,Laptop Backpack,Georgia,20
2025-06-03,Laptop Backpack,Georgia,25
2025-06-04,Laptop Backpack,Georgia,26
2025-06-05,Laptop Backpack,Georgia,22
2025-06-06,Laptop Backpack,Georgia,23
2025-06-07,Laptop Backpack,Georgia,19
2025-06-08,Laptop Backpack,Georgia,16
2025-06-09,Laptop Backpack,Georgia,21
2025-06-10,Laptop Backpack,Georgia,23
2025-06-11,Laptop Backpack,Georgia,27
2025-06-12,Laptop Backpack,Georgia,28
2025-06-13,Laptop Backpack,Georgia,23
2025-06-14,Laptop Backpack,Georgia,16
2025-06-15,Laptop Backpack,Georgia,19
2025-06-16,Laptop Backpack,Georgia,19
2025-06-17,Laptop Backpack,Georgia,24
2025-06-18,Laptop Backpack,Georgia,23
2025-06-19,Laptop Backpack,Georgia,27
2025-06-20,Laptop Backpack,Georgia,27
2025-06-21,Laptop Backpack,Georgia,15
2025-06-22,Laptop Backpack,Georgia,18
2025-06-23,Laptop Backpack,Georgia,22
2025-06-24,Laptop Backpack,Georgia,23
2025-06-25,Laptop Backpack,Georgia,25
2025-06-26,Laptop Backpack,Georgia,23
2025-06-27,Laptop Backpack,Georgia,24
2025-06-28,Laptop Backpack,Georgia,19
2025-06-29,Laptop Backpack,Georgia,20
2025-06-30,Laptop Backpack,Georgia,24
2025-07-01,Laptop Backpack,Georgia,22
2025-07-02,Laptop Backpack,Georgia,19
2025-07-03,Laptop Backpack,Georgia,26
2025-07-04,Laptop Backpack,Georgia,23
2025-07-05,Laptop Backpack,Georgia,17
2025-07-06,Laptop Backpack,Georgia,16
2025-07-07,Laptop Backpack,Georgia,23
2025-07-08,Laptop Backpack,Georgia,24
2025-07-09,Laptop Backpack,Georgia,25
2025-07-10,Laptop Backpack,Georgia,26
2025-07-11,Laptop Backpack,Georgia,23
2025-07-12,Laptop Backpack,Georgia,20
2025-07-13,Laptop Backpack,Georgia,18
2025-07-14,Laptop Backpack,Georgia,22
2025-07-15,Laptop Backpack,Georgia,18
2025-07-16,Laptop Backpack,Georgia,22
2025-07-17,Laptop Backpack,Georgia,26
2025-07-18,Laptop Backpack,Georgia,20
2025-07-19,Laptop Backpack,Georgia,16
2025-07-20,Laptop Backpack,Georgia,17
2025-07-21,Laptop Backpack,Georgia,25
2025-07-22,Laptop Backpack,Georgia,21
2025-07-23,Laptop Backpack,Georgia,20
2025-07-24,Laptop Backpack,Georgia,24
2025-07-25,Laptop Backpack,Georgia,20
2025-07-26,Laptop Backpack,Georgia,13
2025-07-27,Laptop Backpack,Georgia,20
2025-07-28,Laptop Backpack,Georgia,25
2025-07-29,Laptop Backpack,Georgia,27
2025-07-30,Laptop Backpack,Georgia,25
2025-07-31,Laptop Backpack,Georgia,24
2025-08-01,Laptop Backpack,Georgia,22
2025-08-02,Laptop Backpack,Georgia,15
2025-08-03,Laptop Backpack,Georgia,16
2025-08-04,Laptop Backpack,Georgia,19
2025-08-05,Laptop Backpack,Georgia,18
2025-08-06,Laptop Backpack,Georgia,20
2025-08-07,Laptop Backpack,Georgia,24
2025-08-08,Laptop Backpack,Georgia,18
2025-08-09,Laptop Backpack,Georgia,13
2025-08-10,Laptop Backpack,Georgia,16
2025-08-11,Laptop Backpack,Georgia,20
2025-08-12,Laptop Backpack,Georgia,22
2025-08-13,Laptop Backpack,Georgia,23
2025-08-14,Laptop Backpack,Georgia,22
2025-08-15,Laptop Backpack,Georgia,19
2025-08-16,Laptop Backpack,Georgia,18
2025-08-17,Laptop Backpack,Georgia,17
2025-08-18,Laptop Backpack,Georgia,21
2025-08-19,Laptop Backpack,Georgia,21
2025-08-20,Laptop Backpack,Georgia,22
2025-08-21,Laptop Backpack,Georgia,20
2025-08-22,Laptop Backpack,Georgia,17
2025-08-23,Laptop Backpack,Georgia,17
2025-08-24,Laptop Backpack,Georgia,17
2025-08-25,Laptop Backpack,Georgia,15
2025-08-26,Laptop Backpack,Georgia,22
2025-08-27,Laptop Backpack,Georgia,25
2025-08-28,Laptop Backpack,Georgia,18
2025-08-29,Laptop Backpack,Georgia,21
2025-08-30,Laptop Backpack,Georgia,15
2025-08-31,Laptop Backpack,Georgia,18
2025-09-01,Laptop Backpack,Georgia,23
2025-09-02,Laptop Backpack,Georgia,18
2025-09-03,Laptop Backpack,Georgia,21
2025-09-04,Laptop Backpack,Georgia,25
2025-09-05,Laptop Backpack,Georgia,18
2025-09-06,Laptop Backpack,Georgia,15
2025-09-07,Laptop Backpack,Georgia,15
2025-09-08,Laptop Backpack,Georgia,18
2025-09-09,Laptop Backpack,Georgia,24
2025-09-10,Laptop Backpack,Georgia,19
2025-09-11,Laptop Backpack,Georgia,17
2025-09-12,Laptop Backpack,Georgia,19
2025-09-13,Laptop Backpack,Georgia,16
2025-09-14,Laptop Backpack,Georgia,13
2025-09-15,Laptop Backpack,Georgia,21
2025-09-16,Laptop Backpack,Georgia,21
2025-09-17,Laptop Backpack,Georgia,17
2025-09-18,Laptop Backpack,Georgia,19
2025-09-19,Laptop Backpack,Georgia,21
2025-09-20,Laptop Backpack,Georgia,16
2025-09-21,Laptop Backpack,Georgia,14
2025-09-22,Laptop Backpack,Georgia,20
2025-09-23,Laptop Backpack,Georgia,19
2025-09-24,Laptop Backpack,Georgia,22
2025-09-25,Laptop Backpack,Georgia,21
2025-09-26,Laptop Backpack,Georgia,19
2025-09-27,Laptop Backpack,Georgia,15
2025-09-28,Laptop Backpack,Georgia,14
2025-09-29,Laptop Backpack,Georgia,21
2025-09-30,Laptop Backpack,Georgia,21
2025-10-01,Laptop Backpack,Georgia,25
2025-10-02,Laptop Backpack,Georgia,19
2025-10-03,Laptop Backpack,Georgia,19
2025-10-04,Laptop Backpack,Georgia,13
2025-10-05,Laptop Backpack,Georgia,13
2025-10-06,Laptop Backpack,Georgia,18
2025-10-07,Laptop Backpack,Georgia,21
2025-10-08,Laptop Backpack,Georgia,21
2025-10-09,Laptop Backpack,Georgia,20
2025-10-10,Laptop Backpack,Georgia,19
2025-10-11,Laptop Backpack,Georgia,13
2025-10-12,Laptop Backpack,Georgia,13
2025-10-13,Laptop Backpack,Georgia,18
2025-10-14,Laptop Backpack,Georgia,16
2025-10-15,Laptop Backpack,Georgia,23
2025-10-16,Laptop Backpack,Georgia,24
2025-10-17,Laptop Backpack,Georgia,15
2025-10-18,Laptop Backpack,Georgia,15
2025-10-19,Laptop Backpack,Georgia,15
2025-10-20,Laptop Backpack,Georgia,20
2025-10-21,Laptop Backpack,Georgia,18
2025-10-22,Laptop Backpack,Georgia,22
2025-10-23,Laptop Backpack,Georgia,20
2025-10-24,Laptop Backpack,Georgia,22
2025-10-25,Laptop Backpack,Georgia,13
2025-10-26,Laptop Backpack,Georgia,12
2025-10-27,Laptop Backpack,Georgia,21
2025-10-28,Laptop Backpack,Georgia,17
2025-10-29,Laptop Backpack,Georgia,22
2025-10-30,Laptop Backpack,Georgia,15
2025-10-31,Laptop Backpack,Georgia,18
2025-11-01,Laptop Backpack,Georgia,16
2025-11-02,Laptop Backpack,Georgia,16
2025-11-03,Laptop Backpack,Georgia,24
2025-11-04,Laptop Backpack,Georgia,25
2025-11-05,Laptop Backpack,Georgia,25
2025-11-06,Laptop Backpack,Georgia,26
2025-11-07,Laptop Backpack,Georgia,23
2025-11-08,Laptop Backpack,Georgia,22
2025-11-09,Laptop Backpack,Georgia,20
2025-11-10,Laptop Backpack,Georgia,23
2025-11-11,Laptop Backpack,Georgia,23
2025-11-12,Laptop Backpack,Georgia,23
2025-11-13,Laptop Backpack,Georgia,24
2025-11-14,Laptop Backpack,Georgia,21
2025-11-15,Laptop Backpack,Georgia,16
2025-11-16,Laptop Backpack,Georgia,13
2025-11-17,Laptop Backpack,Georgia,22
2025-11-18,Laptop Backpack,Georgia,26
2025-11-19,Laptop Backpack,Georgia,23
2025-11-20,Laptop Backpack,Georgia,23
2025-11-21,Laptop Backpack,Georgia,24
2025-11-22,Laptop Backpack,Georgia,15
2025-11-23,Laptop Backpack,Georgia,17
2025-11-24,Laptop Backpack,Georgia,26
2025-11-25,Laptop Backpack,Georgia,24
2025-11-26,Laptop Backpack,Georgia,26
2025-11-27,Laptop Backpack,Georgia,27
2025-11-28,Laptop Backpack,Georgia,25
2025-11-29,Laptop Backpack,Georgia,16
2025-11-30,Laptop Backpack,Georgia,16
2025-12-01,Laptop Backpack,Georgia,30
2025-12-02,Laptop Backpack,Georgia,26
2025-12-03,Laptop Backpack,Georgia,25
2025-12-04,Laptop Backpack,Georgia,22
2025-12-05,Laptop Backpack,Georgia,24
2025-12-06,Laptop Backpack,Georgia,20
2025-12-07,Laptop Backpack,Georgia,18
2025-12-08,Laptop Backpack,Georgia,23
2025-12-09,Laptop Backpack,Georgia,24
2025-12-10,Laptop Backpack,Georgia,28
2025-12-11,Laptop Backpack,Georgia,27
2025-12-12,Laptop Backpack,Georgia,26
2025-12-13,Laptop Backpack,Georgia,19
2025-12-14,Laptop Backpack,Georgia,15
2025-12-15,Laptop Backpack,Georgia,25
2025-12-16,Laptop Backpack,Georgia,28
2025-12-17,Laptop Backpack,Georgia,24
2025-12-18,Laptop Backpack,Georgia,27
2025-12-19,Laptop Backpack,Georgia,26
2025-12-20,Laptop Backpack,Georgia,20
2025-12-21,Laptop Backpack,Georgia,18
2025-12-22,Laptop Backpack,Georgia,27
2025-12-23,Laptop Backpack,Georgia,20
2025-12-24,Laptop Backpack,Georgia,25
2025-12-25,Laptop Backpack,Georgia,27
2025-12-26,Laptop Backpack,Georgia,25
2025-12-27,Laptop Backpack,Georgia,20
2025-12-28,Laptop Backpack,Georgia,18
2025-12-29,Laptop Backpack,Georgia,23
2025-12-30,Laptop Backpack,Georgia,20
2025-12-31,Laptop Backpack,Georgia,24
2026-01-01,Laptop Backpack,Georgia,24
2026-01-02,Laptop Backpack,Georgia,24
2026-01-03,Laptop Backpack,Georgia,14
2026-01-04,Laptop Backpack,Georgia,19
2026-01-05,Laptop Backpack,Georgia,20
2026-01-06,Laptop Backpack,Georgia,22
2026-01-07,Laptop Backpack,Georgia,21
2026-01-08,Laptop Backpack,Georgia,23
2026-01-09,Laptop Backpack,Georgia,22
2026-01-10,Laptop Backpack,Georgia,18
2026-01-11,Laptop Backpack,Georgia,20
2026-01-12,Laptop Backpack,Georgia,23
2026-01-13,Laptop Backpack,Georgia,21
2026-01-14,Laptop Backpack,Georgia,23
2026-01-15,Laptop Backpack,Georgia,27
2026-01-16,Laptop Backpack,Georgia,24
2026-01-17,Laptop Backpack,Georgia,18
2026-01-18,Laptop Backpack,Georgia,13
2026-01-19,Laptop Backpack,Georgia,23
2026-01-20,Laptop Backpack,Georgia,21
2026-01-21,Laptop Backpack,Georgia,20
2026-01-22,Laptop Backpack,Georgia,22
2026-01-23,Laptop Backpack,Georgia,22
2026-01-24,Laptop Backpack,Georgia,15
2026-01-25,Laptop Backpack,Georgia,17
2026-01-26,Laptop Backpack,Georgia,22
2026-01-27,Laptop Backpack,Georgia,24
2026-01-28,Laptop Backpack,Georgia,23
2026-01-29,Laptop Backpack,Georgia,23
2026-01-30,Laptop Backpack,Georgia,25
2026-01-31,Laptop Backpack,Georgia,17
2026-02-01,Laptop Backpack,Georgia,17
2026-02-02,Laptop Backpack,Georgia,18
2026-02-03,Laptop Backpack,Georgia,25
2026-02-04,Laptop Backpack,Georgia,21
2026-02-05,Laptop Backpack,Georgia,23
2026-02-06,Laptop Backpack,Georgia,25
2026-02-07,Laptop Backpack,Georgia,20
2026-02-08,Laptop Backpack,Georgia,21
2026-02-09,Laptop Backpack,Georgia,21
2026-02-10,Laptop Backpack,Georgia,20
2026-02-11,Laptop Backpack,Georgia,24
2026-02-12,Laptop Backpack,Georgia,24
2026-02-13,Laptop Backpack,Georgia,20
2026-02-14,Laptop Backpack,Georgia,17
2026-02-15,Laptop Backpack,Georgia,18
2026-02-16,Laptop Backpack,Georgia,20
2026-02-17,Laptop Backpack,Georgia,21
2026-02-18,Laptop Backpack,Georgia,22
2026-02-19,Laptop Backpack,Georgia,23
2026-02-20,Laptop Backpack,Georgia,25
2026-02-21,Laptop Backpack,Georgia,17
2026-02-22,Laptop Backpack,Georgia,17
2026-02-23,Laptop Backpack,Georgia,30
2026-02-24,Laptop Backpack,Georgia,21
2026-02-25,Laptop Backpack,Georgia,22
2026-02-26,Laptop Backpack,Georgia,25
2026-02-27,Laptop Backpack,Georgia,26
2026-02-28,Laptop Backpack,Georgia,18
2026-03-01,Laptop Backpack,Georgia,22
2026-03-02,Laptop Backpack,Georgia,25
2026-03-03,Laptop Backpack,Georgia,19
2026-03-04,Laptop Backpack,Georgia,25
2026-03-05,Laptop Backpack,Georgia,23
2026-03-06,Laptop Backpack,Georgia,29
2026-03-07,Laptop Backpack,Georgia,20
2026-03-08,Laptop Backpack,Georgia,15
2026-03-09,Laptop Backpack,Georgia,28
2026-03-10,Laptop Backpack,Georgia,27
2026-03-11,Laptop Backpack,Georgia,24
2026-03-12,Laptop Backpack,Georgia,24
2026-03-13,Laptop Backpack,Georgia,29
2026-03-14,Laptop Backpack,Georgia,14
2026-03-15,Laptop Backpack,Georgia,19
2026-03-16,Laptop Backpack,Georgia,28
2026-03-17,Laptop Backpack,Georgia,24
2026-03-18,Laptop Backpack,Georgia,26
2026-03-19,Laptop Backpack,Georgia,25
2026-03-20,Laptop Backpack,Georgia,22
2026-03-21,Laptop Backpack,Georgia,16
2026-03-22,Laptop Backpack,Georgia,19
2026-03-23,Laptop Backpack,Georgia,23
2026-03-24,Laptop Backpack,Georgia,20
2026-03-25,Laptop Backpack,Georgia,25
2026-03-26,Laptop Backpack,Georgia,23
2026-03-27,Laptop Backpack,Georgia,21
2026-03-28,Laptop Backpack,Georgia,18
2026-03-29,Laptop Backpack,Georgia,20
2026-03-30,Laptop Backpack,Georgia,25
2026-03-31,Laptop Backpack,Georgia,21
2026-04-01,Laptop Backpack,Georgia,26
2026-04-02,Laptop Backpack,Georgia,28
2026-04-03,Laptop Backpack,Georgia,31
2026-04-04,Laptop Backpack,Georgia,21
2026-04-05,Laptop Backpack,Georgia,16
2026-04-06,Laptop Backpack,Georgia,27
2026-04-07,Laptop Backpack,Georgia,26
2026-04-08,Laptop Backpack,Georgia,21
2026-04-09,Laptop Backpack,Georgia,26
2026-04-10,Laptop Backpack,Georgia,31
2026-04-11,Laptop Backpack,Georgia,21
2026-04-12,Laptop Backpack,Georgia,16
2026-04-13,Laptop Backpack,Georgia,25
2026-04-14,Laptop Backpack,Georgia,26
2026-04-15,Laptop Backpack,Georgia,20
2026-04-16,Laptop Backpack,Georgia,20
2026-04-17,Laptop Backpack,Georgia,25
2026-04-18,Laptop Backpack,Georgia,19
2026-04-19,Laptop Backpack,Georgia,14
2026-04-20,Laptop Backpack,Georgia,26
2026-04-21,Laptop Backpack,Georgia,28
2026-04-22,Laptop Backpack,Georgia,24
2026-04-23,Laptop Backpack,Georgia,25
2026-04-24,Laptop Backpack,Georgia,27
2026-04-25,Laptop Backpack,Georgia,19
2026-04-26,Laptop Backpack,Georgia,15
2026-04-27,Laptop Backpack,Georgia,22
2026-04-28,Laptop Backpack,Georgia,24
2026-04-29,Laptop Backpack,Georgia,22
2026-04-30,Laptop Backpack,Georgia,29
2026-05-01,Laptop Backpack,Georgia,26
2026-05-02,Laptop Backpack,Georgia,16
2026-05-03,Laptop Backpack,Georgia,17
2026-05-04,Laptop Backpack,Georgia,28
2026-05-05,Laptop Backpack,Georgia,23
2026-05-06,Laptop Backpack,Georgia,27
2026-05-07,Laptop Backpack,Georgia,29
2026-05-08,Laptop Backpack,Georgia,28
2026-05-09,Laptop Backpack,Georgia,18
2026-05-10,Laptop Backpack,Georgia,21
2026-05-11,Laptop Backpack,Georgia,23
2026-05-12,Laptop Backpack,Georgia,32
2026-05-13,Laptop Backpack,Georgia,25
2026-05-14,Laptop Backpack,Georgia,28
2026-05-15,Laptop Backpack,Georgia,23
2026-05-16,Laptop Backpack,Georgia,19
2026-05-17,Laptop Backpack,Georgia,19
2026-05-18,Laptop Backpack,Georgia,22
2026-05-19,Laptop Backpack,Georgia,22
2026-05-20,Laptop Backpack,Georgia,24
2026-05-21,Laptop Backpack,Georgia,28
2026-05-22,Laptop Backpack,Georgia,19
2026-05-23,Laptop Backpack,Georgia,17
2026-05-24,Laptop Backpack,Georgia,21
2026-05-25,Laptop Backpack,Georgia,21
2026-05-26,Laptop Backpack,Georgia,28
2026-05-27,Laptop Backpack,Georgia,21
2026-05-28,Laptop Backpack,Georgia,22
2026-05-29,Laptop Backpack,Georgia,24
2026-05-30,Laptop Backpack,Georgia,22
2026-05-31,Laptop Backpack,Georgia,17
2026-06-01,Laptop Backpack,Georgia,19
2026-06-02,Laptop Backpack,Georgia,20
2026-06-03,Laptop Backpack,Georgia,26
2026-06-04,Laptop Backpack,Georgia,20
2026-06-05,Laptop Backpack,Georgia,27
2026-06-06,Laptop Backpack,Georgia,17
2026-06-07,Laptop Backpack,Georgia,17
2026-06-08,Laptop Backpack,Georgia,24
2026-06-09,Laptop Backpack,Georgia,21
2026-06-10,Laptop Backpack,Georgia,24
2026-06-11,Laptop Backpack,Georgia,20
2026-06-12,Laptop Backpack,Georgia,27
2026-06-13,Laptop Backpack,Georgia,15
2026-06-14,Laptop Backpack,Georgia,18
2026-06-15,Laptop Backpack,Georgia,21
2026-06-16,Laptop Backpack,Georgia,22
2026-06-17,Laptop Backpack,Georgia,22
2026-06-18,Laptop Backpack,Georgia,32
2026-06-19,Laptop Backpack,Georgia,23
2026-06-20,Laptop Backpack,Georgia,16
2026-06-21,Laptop Backpack,Georgia,16
2026-06-22,Laptop Backpack,Georgia,19
2026-06-23,Laptop Backpack,Georgia,23
2026-06-24,Laptop Backpack,Georgia,29
2026-06-25,Laptop Backpack,Georgia,24
2026-06-26,Laptop Backpack,Georgia,26
2026-06-27,Laptop Backpack,Georgia,15
2026-06-28,Laptop Backpack,Georgia,17
2026-06-29,Laptop Backpack,Georgia,24
2026-06-30,Laptop Backpack,Georgia,21
2026-07-01,Laptop Backpack,Georgia,23
2026-07-02,Laptop Backpack,Georgia,24
2026-07-03,Laptop Backpack,Georgia,24
2026-07-04,Laptop Backpack,Georgia,16
2026-07-05,Laptop Backpack,Georgia,18
2026-07-06,Laptop Backpack,Georgia,21
2026-07-07,Laptop Backpack,Georgia,21
2026-07-08,Laptop Backpack,Georgia,26
2026-07-09,Laptop Backpack,Georgia,19
2026-07-10,Laptop Backpack,Georgia,18
2026-07-11,Laptop Backpack,Georgia,15
2026-07-12,Laptop Backpack,Georgia,17
2026-07-13,Laptop Backpack,Georgia,26
2026-07-14,Laptop Backpack,Georgia,20
2026-07-15,Laptop Backpack,Georgia,27
2026-07-16,Laptop Backpack,Georgia,22
2026-07-17,Laptop Backpack,Georgia,22
2026-07-18,Laptop Backpack,Georgia,15
2026-07-19,Laptop Backpack,Georgia,20
2026-07-20,Laptop Backpack,Georgia,22
2026-07-21,Laptop Backpack,Georgia,19
2026-07-22,Laptop Backpack,Georgia,29
2026-07-23,Laptop Backpack,Georgia,23
2026-07-24,Laptop Backpack,Georgia,24
2026-07-25,Laptop Backpack,Georgia,20
2026-07-26,Laptop Backpack,Georgia,17
2026-07-27,Laptop Backpack,Georgia,25
2026-07-28,Laptop Backpack,Georgia,22
2026-07-29,Laptop Backpack,Georgia,24
2026-07-30,Laptop Backpack,Georgia,22
2026-07-31,Laptop Backpack,Georgia,22
2026-08-01,Laptop Backpack,Georgia,15
2026-08-02,Laptop Backpack,Georgia,15
2026-08-03,Laptop Backpack,Georgia,22
2026-08-04,Laptop Backpack,Georgia,22
2026-08-05,Laptop Backpack,Georgia,23
2026-08-06,Laptop Backpack,Georgia,22
2026-08-07,Laptop Backpack,Georgia,26
2026-08-08,Laptop Backpack,Georgia,17
2026-08-09,Laptop Backpack,Georgia,15
2026-08-10,Laptop Backpack,Georgia,22
2026-08-11,Laptop Backpack,Georgia,24
2026-08-12,Laptop Backpack,Georgia,18
2026-08-13,Laptop Backpack,Georgia,26
2026-08-14,Laptop Backpack,Georgia,19
2026-08-15,Laptop Backpack,Georgia,17
2026-08-16,Laptop Backpack,Georgia,15
2026-08-17,Laptop Backpack,Georgia,21
2026-08-18,Laptop Backpack,Georgia,18
2026-08-19,Laptop Backpack,Georgia,23
2026-08-20,Laptop Backpack,Georgia,18
2026-08-21,Laptop Backpack,Georgia,17
2026-08-22,Laptop Backpack,Georgia,17
2026-08-23,Laptop Backpack,Georgia,19
2026-08-24,Laptop Backpack,Georgia,19
2026-08-25,Laptop Backpack,Georgia,23
2026-08-26,Laptop Backpack,Georgia,23
2026-08-27,Laptop Backpack,Georgia,21
2026-08-28,Laptop Backpack,Georgia,24
2026-08-29,Laptop Backpack,Georgia,15
2026-08-30,Laptop Backpack,Georgia,16
2026-08-31,Laptop Backpack,Georgia,18
2026-09-01,Laptop Backpack,Georgia,17
2026-09-02,Laptop Backpack,Georgia,23
2026-09-03,Laptop Backpack,Georgia,21
2026-09-04,Laptop Backpack,Georgia,20
2026-09-05,Laptop Backpack,Georgia,18
2026-09-06,Laptop Backpack,Georgia,18
2026-09-07,Laptop Backpack,Georgia,21
2026-09-08,Laptop Backpack,Georgia,16
2026-09-09,Laptop Backpack,Georgia,20
2026-09-10,Laptop Backpack,Georgia,18
2026-09-11,Laptop Backpack,Georgia,20
2026-09-12,Laptop Backpack,Georgia,13
2026-09-13,Laptop Backpack,Georgia,12
2026-09-14,Laptop Backpack,Georgia,14
2026-09-15,Laptop Backpack,Georgia,20
2026-09-16,Laptop Backpack,Georgia,14
2026-09-17,Laptop Backpack,Georgia,19
2026-09-18,Laptop Backpack,Georgia,22
2026-09-19,Laptop Backpack,Georgia,13
2026-09-20,Laptop Backpack,Georgia,13
2026-09-21,Laptop Backpack,Georgia,20
2026-09-22,Laptop Backpack,Georgia,18
2026-09-23,Laptop Backpack,Georgia,20
2026-09-24,Laptop Backpack,Georgia,17
2026-09-25,Laptop Backpack,Georgia,20
2026-09-26,Laptop Backpack,Georgia,14
2026-09-27,Laptop Backpack,Georgia,15
2026-09-28,Laptop Backpack,Georgia,24
2025-01-01,Laptop Backpack,Texas,26
2025-01-02,Laptop Backpack,Texas,27
2025-01-03,Laptop Backpack,Texas,24
2025-01-04,Laptop Backpack,Texas,19
2025-01-05,Laptop Backpack,Texas,18
2025-01-06,Laptop Backpack,Texas,26
2025-01-07,Laptop Backpack,Texas,28
2025-01-08,Laptop Backpack,Texas,24
2025-01-09,Laptop Backpack,Texas,25
2025-01-10,Laptop Backpack,Texas,24
2025-01-11,Laptop Backpack,Texas,18
2025-01-12,Laptop Backpack,Texas,19
2025-01-13,Laptop Backpack,Texas,25
2025-01-14,Laptop Backpack,Texas,31
2025-01-15,Laptop Backpack,Texas,34
2025-01-16,Laptop Backpack,Texas,24
2025-01-17,Laptop Backpack,Texas,27
2025-01-18,Laptop Backpack,Texas,21
2025-01-19,Laptop Backpack,Texas,18
2025-01-20,Laptop Backpack,Texas,23
2025-01-21,Laptop Backpack,Texas,31
2025-01-22,Laptop Backpack,Texas,28
2025-01-23,Laptop Backpack,Texas,27
2025-01-24,Laptop Backpack,Texas,30
2025-01-25,Laptop Backpack,Texas,21
2025-01-26,Laptop Backpack,Texas,19
2025-01-27,Laptop Backpack,Texas,23
2025-01-28,Laptop Backpack,Texas,24
2025-01-29,Laptop Backpack,Texas,30
2025-01-30,Laptop Backpack,Texas,28
2025-01-31,Laptop Backpack,Texas,25
2025-02-01,Laptop Backpack,Texas,24
2025-02-02,Laptop Backpack,Texas,20
2025-02-03,Laptop Backpack,Texas,31
2025-02-04,Laptop Backpack,Texas,28
2025-02-05,Laptop Backpack,Texas,34
2025-02-06,Laptop Backpack,Texas,30
2025-02-07,Laptop Backpack,Texas,28
2025-02-08,Laptop Backpack,Texas,20
2025-02-09,Laptop Backpack,Texas,20
2025-02-10,Laptop Backpack,Texas,25
2025-02-11,Laptop Backpack,Texas,23
2025-02-12,Laptop Backpack,Texas,28
2025-02-13,Laptop Backpack,Texas,26
2025-02-14,Laptop Backpack,Texas,26
2025-02-15,Laptop Backpack,Texas,20
2025-02-16,Laptop Backpack,Texas,20
2025-02-17,Laptop Backpack,Texas,27
2025-02-18,Laptop Backpack,Texas,33
2025-02-19,Laptop Backpack,Texas,30
2025-02-20,Laptop Backpack,Texas,34
2025-02-21,Laptop Backpack,Texas,26
2025-02-22,Laptop Backpack,Texas,22
2025-02-23,Laptop Backpack,Texas,19
2025-02-24,Laptop Backpack,Texas,26
2025-02-25,Laptop Backpack,Texas,34
2025-02-26,Laptop Backpack,Texas,25
2025-02-27,Laptop Backpack,Texas,20
2025-02-28,Laptop Backpack,Texas,25
2025-03-01,Laptop Backpack,Texas,16
2025-03-02,Laptop Backpack,Texas,19
2025-03-03,Laptop Backpack,Texas,26
2025-03-04,Laptop Backpack,Texas,29
2025-03-05,Laptop Backpack,Texas,22
2025-03-06,Laptop Backpack,Texas,33
2025-03-07,Laptop Backpack,Texas,22
2025-03-08,Laptop Backpack,Texas,21
2025-03-09,Laptop Backpack,Texas,20
2025-03-10,Laptop Backpack,Texas,31
2025-03-11,Laptop Backpack,Texas,30
2025-03-12,Laptop Backpack,Texas,33
2025-03-13,Laptop Backpack,Texas,27
2025-03-14,Laptop Backpack,Texas,27
2025-03-15,Laptop Backpack,Texas,22
2025-03-16,Laptop Backpack,Texas,23
2025-03-17,Laptop Backpack,Texas,31
2025-03-18,Laptop Backpack,Texas,30
2025-03-19,Laptop Backpack,Texas,29
2025-03-20,Laptop Backpack,Texas,28
2025-03-21,Laptop Backpack,Texas,30
2025-03-22,Laptop Backpack,Texas,26
2025-03-23,Laptop Backpack,Texas,20
2025-03-24,Laptop Backpack,Texas,27
2025-03-25,Laptop Backpack,Texas,27
2025-03-26,Laptop Backpack,Texas,30
2025-03-27,Laptop Backpack,Texas,21
2025-03-28,Laptop Backpack,Texas,28
2025-03-29,Laptop Backpack,Texas,23
2025-03-30,Laptop Backpack,Texas,20
2025-03-31,Laptop Backpack,Texas,29
2025-04-01,Laptop Backpack,Texas,36
2025-04-02,Laptop Backpack,Texas,30
2025-04-03,Laptop Backpack,Texas,21
2025-04-04,Laptop Backpack,Texas,24
2025-04-05,Laptop Backpack,Texas,21
2025-04-06,Laptop Backpack,Texas,19
2025-04-07,Laptop Backpack,Texas,29
2025-04-08,Laptop Backpack,Texas,28
2025-04-09,Laptop Backpack,Texas,33
2025-04-10,Laptop Backpack,Texas,25
2025-04-11,Laptop Backpack,Texas,28
2025-04-12,Laptop Backpack,Texas,22
2025-04-13,Laptop Backpack,Texas,22
2025-04-14,Laptop Backpack,Texas,29
2025-04-15,Laptop Backpack,Texas,21
2025-04-16,Laptop Backpack,Texas,29
2025-04-17,Laptop Backpack,Texas,28
2025-04-18,Laptop Backpack,Texas,32
2025-04-19,Laptop Backpack,Texas,23
2025-04-20,Laptop Backpack,Texas,22
2025-04-21,Laptop Backpack,Texas,30
2025-04-22,Laptop Backpack,Texas,34
2025-04-23,Laptop Backpack,Texas,33
2025-04-24,Laptop Backpack,Texas,30
2025-04-25,Laptop Backpack,Texas,36
2025-04-26,Laptop Backpack,Texas,20
2025-04-27,Laptop Backpack,Texas,18
2025-04-28,Laptop Backpack,Texas,29
2025-04-29,Laptop Backpack,Texas,28
2025-04-30,Laptop Backpack,Texas,20
2025-05-01,Laptop Backpack,Texas,26
2025-05-02,Laptop Backpack,Texas,30
2025-05-03,Laptop Backpack,Texas,21
2025-05-04,Laptop Backpack,Texas,19
2025-05-05,Laptop Backpack,Texas,29
2025-05-06,Laptop Backpack,Texas,29
2025-05-07,Laptop Backpack,Texas,31
2025-05-08,Laptop Backpack,Texas,26
2025-05-09,Laptop Backpack,Texas,32
2025-05-10,Laptop Backpack,Texas,18
2025-05-11,Laptop Backpack,Texas,20
2025-05-12,Laptop Backpack,Texas,34
2025-05-13,Laptop Backpack,Texas,25
2025-05-14,Laptop Backpack,Texas,26
2025-05-15,Laptop Backpack,Texas,24
2025-05-16,Laptop Backpack,Texas,26
2025-05-17,Laptop Backpack,Texas,21
2025-05-18,Laptop Backpack,Texas,23
2025-05-19,Laptop Backpack,Texas,28
2025-05-20,Laptop Backpack,Texas,27
2025-05-21,Laptop Backpack,Texas,24
2025-05-22,Laptop Backpack,Texas,26
2025-05-23,Laptop Backpack,Texas,23
2025-05-24,Laptop Backpack,Texas,23
2025-05-25,Laptop Backpack,Texas,23
2025-05-26,Laptop Backpack,Texas,28
2025-05-27,Laptop Backpack,Texas,30
2025-05-28,Laptop Backpack,Texas,32
2025-05-29,Laptop Backpack,Texas,29
2025-05-30,Laptop Backpack,Texas,33
2025-05-31,Laptop Backpack,Texas,18
2025-06-01,Laptop Backpack,Texas,19
2025-06-02,Laptop Backpack,Texas,26
2025-06-03,Laptop Backpack,Texas,30
2025-06-04,Laptop Backpack,Texas,23
2025-06-05,Laptop Backpack,Texas,32
2025-06-06,Laptop Backpack,Texas,29
2025-06-07,Laptop Backpack,Texas,24
2025-06-08,Laptop Backpack,Texas,20
2025-06-09,Laptop Backpack,Texas,26
2025-06-10,Laptop Backpack,Texas,30
2025-06-11,Laptop Backpack,Texas,31
2025-06-12,Laptop Backpack,Texas,25
2025-06-13,Laptop Backpack,Texas,21
2025-06-14,Laptop Backpack,Texas,16
2025-06-15,Laptop Backpack,Texas,21
2025-06-16,Laptop Backpack,Texas,32
2025-06-17,Laptop Backpack,Texas,23
2025-06-18,Laptop Backpack,Texas,27
2025-06-19,Laptop Backpack,Texas,26
2025-06-20,Laptop Backpack,Texas,34
2025-06-21,Laptop Backpack,Texas,26
2025-06-22,Laptop Backpack,Texas,21
2025-06-23,Laptop Backpack,Texas,30
2025-06-24,Laptop Backpack,Texas,30
2025-06-25,Laptop Backpack,Texas,23
2025-06-26,Laptop Backpack,Texas,30
2025-06-27,Laptop Backpack,Texas,24
2025-06-28,Laptop Backpack,Texas,20
2025-06-29,Laptop Backpack,Texas,23
2025-06-30,Laptop Backpack,Texas,28
2025-07-01,Laptop Backpack,Texas,29
2025-07-02,Laptop Backpack,Texas,30
2025-07-03,Laptop Backpack,Texas,20
2025-07-04,Laptop Backpack,Texas,19
2025-07-05,Laptop Backpack,Texas,22
2025-07-06,Laptop Backpack,Texas,22
2025-07-07,Laptop Backpack,Texas,27
2025-07-08,Laptop Backpack,Texas,27
2025-07-09,Laptop Backpack,Texas,29
2025-07-10,Laptop Backpack,Texas,29
2025-07-11,Laptop Backpack,Texas,25
2025-07-12,Laptop Backpack,Texas,21
2025-07-13,Laptop Backpack,Texas,18
2025-07-14,Laptop Backpack,Texas,27
2025-07-15,Laptop Backpack,Texas,26
2025-07-16,Laptop Backpack,Texas,23
2025-07-17,Laptop Backpack,Texas,24
2025-07-18,Laptop Backpack,Texas,33
2025-07-19,Laptop Backpack,Texas,17
2025-07-20,Laptop Backpack,Texas,20
2025-07-21,Laptop Backpack,Texas,28
2025-07-22,Laptop Backpack,Texas,26
2025-07-23,Laptop Backpack,Texas,28
2025-07-24,Laptop Backpack,Texas,27
2025-07-25,Laptop Backpack,Texas,23
2025-07-26,Laptop Backpack,Texas,20
2025-07-27,Laptop Backpack,Texas,18
2025-07-28,Laptop Backpack,Texas,31
2025-07-29,Laptop Backpack,Texas,27
2025-07-30,Laptop Backpack,Texas,24
2025-07-31,Laptop Backpack,Texas,27
2025-08-01,Laptop Backpack,Texas,22
2025-08-02,Laptop Backpack,Texas,18
2025-08-03,Laptop Backpack,Texas,17
2025-08-04,Laptop Backpack,Texas,22
2025-08-05,Laptop Backpack,Texas,22
2025-08-06,Laptop Backpack,Texas,31
2025-08-07,Laptop Backpack,Texas,25
2025-08-08,Laptop Backpack,Texas,23
2025-08-09,Laptop Backpack,Texas,17
2025-08-10,Laptop Backpack,Texas,19
2025-08-11,Laptop Backpack,Texas,22
2025-08-12,Laptop Backpack,Texas,21
2025-08-13,Laptop Backpack,Texas,24
2025-08-14,Laptop Backpack,Texas,24
2025-08-15,Laptop Backpack,Texas,23
2025-08-16,Laptop Backpack,Texas,16
2025-08-17,Laptop Backpack,Texas,17
2025-08-18,Laptop Backpack,Texas,23
2025-08-19,Laptop Backpack,Texas,23
2025-08-20,Laptop Backpack,Texas,25
2025-08-21,Laptop Backpack,Texas,31
2025-08-22,Laptop Backpack,Texas,28
2025-08-23,Laptop Backpack,Texas,22
2025-08-24,Laptop Backpack,Texas,17
2025-08-25,Laptop Backpack,Texas,29
2025-08-26,Laptop Backpack,Texas,25
2025-08-27,Laptop Backpack,Texas,27
2025-08-28,Laptop Backpack,Texas,26
2025-08-29,Laptop Backpack,Texas,23
2025-08-30,Laptop Backpack,Texas,19
2025-08-31,Laptop Backpack,Texas,19
2025-09-01,Laptop Backpack,Texas,18
2025-09-02,Laptop Backpack,Texas,23
2025-09-03,Laptop Backpack,Texas,26
2025-09-04,Laptop Backpack,Texas,24
2025-09-05,Laptop Backpack,Texas,24
2025-09-06,Laptop Backpack,Texas,15
2025-09-07,Laptop Backpack,Texas,17
2025-09-08,Laptop Backpack,Texas,23
2025-09-09,Laptop Backpack,Texas,23
2025-09-10,Laptop Backpack,Texas,21
2025-09-11,Laptop Backpack,Texas,26
2025-09-12,Laptop Backpack,Texas,24
2025-09-13,Laptop Backpack,Texas,17
2025-09-14,Laptop Backpack,Texas,21
2025-09-15,Laptop Backpack,Texas,25
2025-09-16,Laptop Backpack,Texas,27
2025-09-17,Laptop Backpack,Texas,24
2025-09-18,Laptop Backpack,Texas,22
2025-09-19,Laptop Backpack,Texas,20
2025-09-20,Laptop Backpack,Texas,17
2025-09-21,Laptop Backpack,Texas,12
2025-09-22,Laptop Backpack,Texas,24
2025-09-23,Laptop Backpack,Texas,24
2025-09-24,Laptop Backpack,Texas,23
2025-09-25,Laptop Backpack,Texas,23
2025-09-26,Laptop Backpack,Texas,20
2025-09-27,Laptop Backpack,Texas,20
2025-09-28,Laptop Backpack,Texas,16
2025-09-29,Laptop Backpack,Texas,20
2025-09-30,Laptop Backpack,Texas,25
2025-10-01,Laptop Backpack,Texas,23
2025-10-02,Laptop Backpack,Texas,22
2025-10-03,Laptop Backpack,Texas,21
2025-10-04,Laptop Backpack,Texas,17
2025-10-05,Laptop Backpack,Texas,19
2025-10-06,Laptop Backpack,Texas,24
2025-10-07,Laptop Backpack,Texas,23
2025-10-08,Laptop Backpack,Texas,25
2025-10-09,Laptop Backpack,Texas,23
2025-10-10,Laptop Backpack,Texas,24
2025-10-11,Laptop Backpack,Texas,17
2025-10-12,Laptop Backpack,Texas,18
2025-10-13,Laptop Backpack,Texas,22
2025-10-14,Laptop Backpack,Texas,20
2025-10-15,Laptop Backpack,Texas,25
2025-10-16,Laptop Backpack,Texas,27
2025-10-17,Laptop Backpack,Texas,20
2025-10-18,Laptop Backpack,Texas,17
2025-10-19,Laptop Backpack,Texas,16
2025-10-20,Laptop Backpack,Texas,25
2025-10-21,Laptop Backpack,Texas,23
2025-10-22,Laptop Backpack,Texas,32
2025-10-23,Laptop Backpack,Texas,22
2025-10-24,Laptop Backpack,Texas,27
2025-10-25,Laptop Backpack,Texas,20
2025-10-26,Laptop Backpack,Texas,18
2025-10-27,Laptop Backpack,Texas,23
2025-10-28,Laptop Backpack,Texas,23
2025-10-29,Laptop Backpack,Texas,23
2025-10-30,Laptop Backpack,Texas,26
2025-10-31,Laptop Backpack,Texas,20
2025-11-01,Laptop Backpack,Texas,20
2025-11-02,Laptop Backpack,Texas,19
2025-11-03,Laptop Backpack,Texas,22
2025-11-04,Laptop Backpack,Texas,30
2025-11-05,Laptop Backpack,Texas,31
2025-11-06,Laptop Backpack,Texas,25
2025-11-07,Laptop Backpack,Texas,31
2025-11-08,Laptop Backpack,Texas,16
2025-11-09,Laptop Backpack,Texas,20
2025-11-10,Laptop Backpack,Texas,27
2025-11-11,Laptop Backpack,Texas,28
2025-11-12,Laptop Backpack,Texas,28
2025-11-13,Laptop Backpack,Texas,27
2025-11-14,Laptop Backpack,Texas,26
2025-11-15,Laptop Backpack,Texas,20
2025-11-16,Laptop Backpack,Texas,23
2025-11-17,Laptop Backpack,Texas,25
2025-11-18,Laptop Backpack,Texas,35
2025-11-19,Laptop Backpack,Texas,25
2025-11-20,Laptop Backpack,Texas,28
2025-11-21,Laptop Backpack,Texas,29
2025-11-22,Laptop Backpack,Texas,19
2025-11-23,Laptop Backpack,Texas,23
2025-11-24,Laptop Backpack,Texas,29
2025-11-25,Laptop Backpack,Texas,27
2025-11-26,Laptop Backpack,Texas,32
2025-11-27,Laptop Backpack,Texas,24
2025-11-28,Laptop Backpack,Texas,25
2025-11-29,Laptop Backpack,Texas,21
2025-11-30,Laptop Backpack,Texas,22
2025-12-01,Laptop Backpack,Texas,30
2025-12-02,Laptop Backpack,Texas,28
2025-12-03,Laptop Backpack,Texas,28
2025-12-04,Laptop Backpack,Texas,33
2025-12-05,Laptop Backpack,Texas,30
2025-12-06,Laptop Backpack,Texas,19
2025-12-07,Laptop Backpack,Texas,19
2025-12-08,Laptop Backpack,Texas,34
2025-12-09,Laptop Backpack,Texas,26
2025-12-10,Laptop Backpack,Texas,30
2025-12-11,Laptop Backpack,Texas,33
2025-12-12,Laptop Backpack,Texas,31
2025-12-13,Laptop Backpack,Texas,19
2025-12-14,Laptop Backpack,Texas,18
2025-12-15,Laptop Backpack,Texas,35
2025-12-16,Laptop Backpack,Texas,25
2025-12-17,Laptop Backpack,Texas,27
2025-12-18,Laptop Backpack,Texas,30
2025-12-19,Laptop Backpack,Texas,28
2025-12-20,Laptop Backpack,Texas,22
2025-12-21,Laptop Backpack,Texas,17
2025-12-22,Laptop Backpack,Texas,28
2025-12-23,Laptop Backpack,Texas,31
2025-12-24,Laptop Backpack,Texas,31
2025-12-25,Laptop Backpack,Texas,27
2025-12-26,Laptop Backpack,Texas,25
2025-12-27,Laptop Backpack,Texas,22
2025-12-28,Laptop Backpack,Texas,18
2025-12-29,Laptop Backpack,Texas,33
2025-12-30,Laptop Backpack,Texas,29
2025-12-31,Laptop Backpack,Texas,26
2026-01-01,Laptop Backpack,Texas,23
2026-01-02,Laptop Backpack,Texas,24
2026-01-03,Laptop Backpack,Texas,15
2026-01-04,Laptop Backpack,Texas,20
2026-01-05,Laptop Backpack,Texas,23
2026-01-06,Laptop Backpack,Texas,27
2026-01-07,Laptop Backpack,Texas,28
2026-01-08,Laptop Backpack,Texas,29
2026-01-09,Laptop Backpack,Texas,27
2026-01-10,Laptop Backpack,Texas,21
2026-01-11,Laptop Backpack,Texas,22
2026-01-12,Laptop Backpack,Texas,27
2026-01-13,Laptop Backpack,Texas,27
2026-01-14,Laptop Backpack,Texas,24
2026-01-15,Laptop Backpack,Texas,23
2026-01-16,Laptop Backpack,Texas,30
2026-01-17,Laptop Backpack,Texas,20
2026-01-18,Laptop Backpack,Texas,21
2026-01-19,Laptop Backpack,Texas,24
2026-01-20,Laptop Backpack,Texas,31
2026-01-21,Laptop Backpack,Texas,25
2026-01-22,Laptop Backpack,Texas,23
2026-01-23,Laptop Backpack,Texas,24
2026-01-24,Laptop Backpack,Texas,23
2026-01-25,Laptop Backpack,Texas,16
2026-01-26,Laptop Backpack,Texas,24
2026-01-27,Laptop Backpack,Texas,35
2026-01-28,Laptop Backpack,Texas,29
2026-01-29,Laptop Backpack,Texas,24
2026-01-30,Laptop Backpack,Texas,23
2026-01-31,Laptop Backpack,Texas,15
2026-02-01,Laptop Backpack,Texas,20
2026-02-02,Laptop Backpack,Texas,30
2026-02-03,Laptop Backpack,Texas,32
2026-02-04,Laptop Backpack,Texas,21
2026-02-05,Laptop Backpack,Texas,23
2026-02-06,Laptop Backpack,Texas,27
2026-02-07,Laptop Backpack,Texas,27
2026-02-08,Laptop Backpack,Texas,22
2026-02-09,Laptop Backpack,Texas,29
2026-02-10,Laptop Backpack,Texas,23
2026-02-11,Laptop Backpack,Texas,20
2026-02-12,Laptop Backpack,Texas,28
2026-02-13,Laptop Backpack,Texas,27
2026-02-14,Laptop Backpack,Texas,19
2026-02-15,Laptop Backpack,Texas,19
2026-02-16,Laptop Backpack,Texas,25
2026-02-17,Laptop Backpack,Texas,24
2026-02-18,Laptop Backpack,Texas,32
2026-02-19,Laptop Backpack,Texas,25
2026-02-20,Laptop Backpack,Texas,27
2026-02-21,Laptop Backpack,Texas,20
2026-02-22,Laptop Backpack,Texas,22
2026-02-23,Laptop Backpack,Texas,25
2026-02-24,Laptop Backpack,Texas,31
2026-02-25,Laptop Backpack,Texas,26
2026-02-26,Laptop Backpack,Texas,27
2026-02-27,Laptop Backpack,Texas,33
2026-02-28,Laptop Backpack,Texas,18
2026-03-01,Laptop Backpack,Texas,23
2026-03-02,Laptop Backpack,Texas,32
2026-03-03,Laptop Backpack,Texas,30
2026-03-04,Laptop Backpack,Texas,28
2026-03-05,Laptop Backpack,Texas,36
2026-03-06,Laptop Backpack,Texas,29
2026-03-07,Laptop Backpack,Texas,21
2026-03-08,Laptop Backpack,Texas,20
2026-03-09,Laptop Backpack,Texas,29
2026-03-10,Laptop Backpack,Texas,32
2026-03-11,Laptop Backpack,Texas,28
2026-03-12,Laptop Backpack,Texas,21
2026-03-13,Laptop Backpack,Texas,30
2026-03-14,Laptop Backpack,Texas,18
2026-03-15,Laptop Backpack,Texas,23
2026-03-16,Laptop Backpack,Texas,29
2026-03-17,Laptop Backpack,Texas,32
2026-03-18,Laptop Backpack,Texas,25
2026-03-19,Laptop Backpack,Texas,27
2026-03-20,Laptop Backpack,Texas,27
2026-03-21,Laptop Backpack,Texas,17
2026-03-22,Laptop Backpack,Texas,24
2026-03-23,Laptop Backpack,Texas,23
2026-03-24,Laptop Backpack,Texas,32
2026-03-25,Laptop Backpack,Texas,30
2026-03-26,Laptop Backpack,Texas,28
2026-03-27,Laptop Backpack,Texas,30
2026-03-28,Laptop Backpack,Texas,22
2026-03-29,Laptop Backpack,Texas,20
2026-03-30,Laptop Backpack,Texas,30
2026-03-31,Laptop Backpack,Texas,31
2026-04-01,Laptop Backpack,Texas,26
2026-04-02,Laptop Backpack,Texas,30
2026-04-03,Laptop Backpack,Texas,20
2026-04-04,Laptop Backpack,Texas,16
2026-04-05,Laptop Backpack,Texas,23
2026-04-06,Laptop Backpack,Texas,28
2026-04-07,Laptop Backpack,Texas,26
2026-04-08,Laptop Backpack,Texas,29
2026-04-09,Laptop Backpack,Texas,28
2026-04-10,Laptop Backpack,Texas,26
2026-04-11,Laptop Backpack,Texas,17
2026-04-12,Laptop Backpack,Texas,16
2026-04-13,Laptop Backpack,Texas,32
2026-04-14,Laptop Backpack,Texas,28
2026-04-15,Laptop Backpack,Texas,32
2026-04-16,Laptop Backpack,Texas,27
2026-04-17,Laptop Backpack,Texas,30
2026-04-18,Laptop Backpack,Texas,21
2026-04-19,Laptop Backpack,Texas,21
2026-04-20,Laptop Backpack,Texas,29
2026-04-21,Laptop Backpack,Texas,27
2026-04-22,Laptop Backpack,Texas,25
2026-04-23,Laptop Backpack,Texas,32
2026-04-24,Laptop Backpack,Texas,35
2026-04-25,Laptop Backpack,Texas,25
2026-04-26,Laptop Backpack,Texas,20
2026-04-27,Laptop Backpack,Texas,26
2026-04-28,Laptop Backpack,Texas,27
2026-04-29,Laptop Backpack,Texas,28
2026-04-30,Laptop Backpack,Texas,29
2026-05-01,Laptop Backpack,Texas,25
2026-05-02,Laptop Backpack,Texas,17
2026-05-03,Laptop Backpack,Texas,21
2026-05-04,Laptop Backpack,Texas,16
2026-05-05,Laptop Backpack,Texas,28
2026-05-06,Laptop Backpack,Texas,25
2026-05-07,Laptop Backpack,Texas,31
2026-05-08,Laptop Backpack,Texas,32
2026-05-09,Laptop Backpack,Texas,24
2026-05-10,Laptop Backpack,Texas,20
2026-05-11,Laptop Backpack,Texas,25
2026-05-12,Laptop Backpack,Texas,26
2026-05-13,Laptop Backpack,Texas,30
2026-05-14,Laptop Backpack,Texas,23
2026-05-15,Laptop Backpack,Texas,33
2026-05-16,Laptop Backpack,Texas,20
2026-05-17,Laptop Backpack,Texas,22
2026-05-18,Laptop Backpack,Texas,22
2026-05-19,Laptop Backpack,Texas,25
2026-05-20,Laptop Backpack,Texas,22
2026-05-21,Laptop Backpack,Texas,32
2026-05-22,Laptop Backpack,Texas,28
2026-05-23,Laptop Backpack,Texas,22
2026-05-24,Laptop Backpack,Texas,21
2026-05-25,Laptop Backpack,Texas,30
2026-05-26,Laptop Backpack,Texas,27
2026-05-27,Laptop Backpack,Texas,28
2026-05-28,Laptop Backpack,Texas,28
2026-05-29,Laptop Backpack,Texas,30
2026-05-30,Laptop Backpack,Texas,22
2026-05-31,Laptop Backpack,Texas,28
2026-06-01,Laptop Backpack,Texas,33
2026-06-02,Laptop Backpack,Texas,22
2026-06-03,Laptop Backpack,Texas,27
2026-06-04,Laptop Backpack,Texas,26
2026-06-05,Laptop Backpack,Texas,32
2026-06-06,Laptop Backpack,Texas,19
2026-06-07,Laptop Backpack,Texas,21
2026-06-08,Laptop Backpack,Texas,20
2026-06-09,Laptop Backpack,Texas,22
2026-06-10,Laptop Backpack,Texas,34
2026-06-11,Laptop Backpack,Texas,28
2026-06-12,Laptop Backpack,Texas,24
2026-06-13,Laptop Backpack,Texas,21
2026-06-14,Laptop Backpack,Texas,18
2026-06-15,Laptop Backpack,Texas,26
2026-06-16,Laptop Backpack,Texas,23
2026-06-17,Laptop Backpack,Texas,25
2026-06-18,Laptop Backpack,Texas,26
2026-06-19,Laptop Backpack,Texas,31
2026-06-20,Laptop Backpack,Texas,21
2026-06-21,Laptop Backpack,Texas,22
2026-06-22,Laptop Backpack,Texas,27
2026-06-23,Laptop Backpack,Texas,30
2026-06-24,Laptop Backpack,Texas,25
2026-06-25,Laptop Backpack,Texas,25
2026-06-26,Laptop Backpack,Texas,29
2026-06-27,Laptop Backpack,Texas,19
2026-06-28,Laptop Backpack,Texas,20
2026-06-29,Laptop Backpack,Texas,27
2026-06-30,Laptop Backpack,Texas,32
2026-07-01,Laptop Backpack,Texas,30
2026-07-02,Laptop Backpack,Texas,24
2026-07-03,Laptop Backpack,Texas,20
2026-07-04,Laptop Backpack,Texas,17
2026-07-05,Laptop Backpack,Texas,17
2026-07-06,Laptop Backpack,Texas,28
2026-07-07,Laptop Backpack,Texas,29
2026-07-08,Laptop Backpack,Texas,23
2026-07-09,Laptop Backpack,Texas,24
2026-07-10,Laptop Backpack,Texas,21
2026-07-11,Laptop Backpack,Texas,19
2026-07-12,Laptop Backpack,Texas,19
2026-07-13,Laptop Backpack,Texas,28
2026-07-14,Laptop Backpack,Texas,27
2026-07-15,Laptop Backpack,Texas,28
2026-07-16,Laptop Backpack,Texas,21
2026-07-17,Laptop Backpack,Texas,24
2026-07-18,Laptop Backpack,Texas,21
2026-07-19,Laptop Backpack,Texas,18
2026-07-20,Laptop Backpack,Texas,21
2026-07-21,Laptop Backpack,Texas,28
2026-07-22,Laptop Backpack,Texas,24
2026-07-23,Laptop Backpack,Texas,29
2026-07-24,Laptop Backpack,Texas,26
2026-07-25,Laptop Backpack,Texas,18
2026-07-26,Laptop Backpack,Texas,22
2026-07-27,Laptop Backpack,Texas,22
2026-07-28,Laptop Backpack,Texas,30
2026-07-29,Laptop Backpack,Texas,24
2026-07-30,Laptop Backpack,Texas,26
2026-07-31,Laptop Backpack,Texas,26
2026-08-01,Laptop Backpack,Texas,17
2026-08-02,Laptop Backpack,Texas,16
2026-08-03,Laptop Backpack,Texas,23
2026-08-04,Laptop Backpack,Texas,21
2026-08-05,Laptop Backpack,Texas,30
2026-08-06,Laptop Backpack,Texas,23
2026-08-07,Laptop Backpack,Texas,28
2026-08-08,Laptop Backpack,Texas,20
2026-08-09,Laptop Backpack,Texas,19
2026-08-10,Laptop Backpack,Texas,24
2026-08-11,Laptop Backpack,Texas,25
2026-08-12,Laptop Backpack,Texas,26
2026-08-13,Laptop Backpack,Texas,25
2026-08-14,Laptop Backpack,Texas,20
2026-08-15,Laptop Backpack,Texas,14
2026-08-16,Laptop Backpack,Texas,21
2026-08-17,Laptop Backpack,Texas,17
2026-08-18,Laptop Backpack,Texas,25
2026-08-19,Laptop Backpack,Texas,24
2026-08-20,Laptop Backpack,Texas,25
2026-08-21,Laptop Backpack,Texas,21
2026-08-22,Laptop Backpack,Texas,19
2026-08-23,Laptop Backpack,Texas,18
2026-08-24,Laptop Backpack,Texas,32
2026-08-25,Laptop Backpack,Texas,25
2026-08-26,Laptop Backpack,Texas,28
2026-08-27,Laptop Backpack,Texas,20
2026-08-28,Laptop Backpack,Texas,27
2026-08-29,Laptop Backpack,Texas,18
2026-08-30,Laptop Backpack,Texas,18
2026-08-31,Laptop Backpack,Texas,25
2026-09-01,Laptop Backpack,Texas,28
2026-09-02,Laptop Backpack,Texas,24
2026-09-03,Laptop Backpack,Texas,21
2026-09-04,Laptop Backpack,Texas,21
2026-09-05,Laptop Backpack,Texas,19
2026-09-06,Laptop Backpack,Texas,18
2026-09-07,Laptop Backpack,Texas,19
2026-09-08,Laptop Backpack,Texas,25
2026-09-09,Laptop Backpack,Texas,20
2026-09-10,Laptop Backpack,Texas,24
2026-09-11,Laptop Backpack,Texas,21
2026-09-12,Laptop Backpack,Texas,16
2026-09-13,Laptop Backpack,Texas,16
2026-09-14,Laptop Backpack,Texas,27
2026-09-15,Laptop Backpack,Texas,24
2026-09-16,Laptop Backpack,Texas,27
2026-09-17,Laptop Backpack,Texas,31
2026-09-18,Laptop Backpack,Texas,23
2026-09-19,Laptop Backpack,Texas,20
2026-09-20,Laptop Backpack,Texas,16
2026-09-21,Laptop Backpack,Texas,27
2026-09-22,Laptop Backpack,Texas,21
2026-09-23,Laptop Backpack,Texas,23
2026-09-24,Laptop Backpack,Texas,25
2026-09-25,Laptop Backpack,Texas,25
2026-09-26,Laptop Backpack,Texas,14
2026-09-27,Laptop Backpack,Texas,15
2026-09-28,Laptop Backpack,Texas,25
2025-01-01,Laptop Backpack,North Carolina,20
2025-01-02,Laptop Backpack,North Carolina,17
2025-01-03,Laptop Backpack,North Carolina,21
2025-01-04,Laptop Backpack,North Carolina,15
2025-01-05,Laptop Backpack,North Carolina,16
2025-01-06,Laptop Backpack,North Carolina,22
2025-01-07,Laptop Backpack,North Carolina,22
2025-01-08,Laptop Backpack,North Carolina,19
2025-01-09,Laptop Backpack,North Carolina,20
2025-01-10,Laptop Backpack,North Carolina,23
2025-01-11,Laptop Backpack,North Carolina,14
2025-01-12,Laptop Backpack,North Carolina,15
2025-01-13,Laptop Backpack,North Carolina,17
2025-01-14,Laptop Backpack,North Carolina,21
2025-01-15,Laptop Backpack,North Carolina,22
2025-01-16,Laptop Backpack,North Carolina,16
2025-01-17,Laptop Backpack,North Carolina,18
2025-01-18,Laptop Backpack,North Carolina,13
2025-01-19,Laptop Backpack,North Carolina,17
2025-01-20,Laptop Backpack,North Carolina,16
2025-01-21,Laptop Backpack,North Carolina,21
2025-01-22,Laptop Backpack,North Carolina,23
2025-01-23,Laptop Backpack,North Carolina,21
2025-01-24,Laptop Backpack,North Carolina,20
2025-01-25,Laptop Backpack,North Carolina,16
2025-01-26,Laptop Backpack,North Carolina,17
2025-01-27,Laptop Backpack,North Carolina,21
2025-01-28,Laptop Backpack,North Carolina,15
2025-01-29,Laptop Backpack,North Carolina,24
2025-01-30,Laptop Backpack,North Carolina,22
2025-01-31,Laptop Backpack,North Carolina,21
2025-02-01,Laptop Backpack,North Carolina,12
2025-02-02,Laptop Backpack,North Carolina,16
2025-02-03,Laptop Backpack,North Carolina,20
2025-02-04,Laptop Backpack,North Carolina,19
2025-02-05,Laptop Backpack,North Carolina,22
2025-02-06,Laptop Backpack,North Carolina,21
2025-02-07,Laptop Backpack,North Carolina,21
2025-02-08,Laptop Backpack,North Carolina,18
2025-02-09,Laptop Backpack,North Carolina,17
2025-02-10,Laptop Backpack,North Carolina,21
2025-02-11,Laptop Backpack,North Carolina,21
2025-02-12,Laptop Backpack,North Carolina,21
2025-02-13,Laptop Backpack,North Carolina,22
2025-02-14,Laptop Backpack,North Carolina,24
2025-02-15,Laptop Backpack,North Carolina,14
2025-02-16,Laptop Backpack,North Carolina,19
2025-02-17,Laptop Backpack,North Carolina,24
2025-02-18,Laptop Backpack,North Carolina,15
2025-02-19,Laptop Backpack,North Carolina,22
2025-02-20,Laptop Backpack,North Carolina,25
2025-02-21,Laptop Backpack,North Carolina,23
2025-02-22,Laptop Backpack,North Carolina,15
2025-02-23,Laptop Backpack,North Carolina,16
2025-02-24,Laptop Backpack,North Carolina,23
2025-02-25,Laptop Backpack,North Carolina,24
2025-02-26,Laptop Backpack,North Carolina,18
2025-02-27,Laptop Backpack,North Carolina,21
2025-02-28,Laptop Backpack,North Carolina,27
2025-03-01,Laptop Backpack,North Carolina,17
2025-03-02,Laptop Backpack,North Carolina,20
2025-03-03,Laptop Backpack,North Carolina,31
2025-03-04,Laptop Backpack,North Carolina,22
2025-03-05,Laptop Backpack,North Carolina,20
2025-03-06,Laptop Backpack,North Carolina,22
2025-03-07,Laptop Backpack,North Carolina,26
2025-03-08,Laptop Backpack,North Carolina,19
2025-03-09,Laptop Backpack,North Carolina,22
2025-03-10,Laptop Backpack,North Carolina,23
2025-03-11,Laptop Backpack,North Carolina,24
2025-03-12,Laptop Backpack,North Carolina,21
2025-03-13,Laptop Backpack,North Carolina,16
2025-03-14,Laptop Backpack,North Carolina,23
2025-03-15,Laptop Backpack,North Carolina,15
2025-03-16,Laptop Backpack,North Carolina,18
2025-03-17,Laptop Backpack,North Carolina,18
2025-03-18,Laptop Backpack,North Carolina,21
2025-03-19,Laptop Backpack,North Carolina,24
2025-03-20,Laptop Backpack,North Carolina,24
2025-03-21,Laptop Backpack,North Carolina,23
2025-03-22,Laptop Backpack,North Carolina,21
2025-03-23,Laptop Backpack,North Carolina,20
2025-03-24,Laptop Backpack,North Carolina,21
2025-03-25,Laptop Backpack,North Carolina,28
2025-03-26,Laptop Backpack,North Carolina,28
2025-03-27,Laptop Backpack,North Carolina,23
2025-03-28,Laptop Backpack,North Carolina,23
2025-03-29,Laptop Backpack,North Carolina,17
2025-03-30,Laptop Backpack,North Carolina,16
2025-03-31,Laptop Backpack,North Carolina,22
2025-04-01,Laptop Backpack,North Carolina,27
2025-04-02,Laptop Backpack,North Carolina,25
2025-04-03,Laptop Backpack,North Carolina,22
2025-04-04,Laptop Backpack,North Carolina,21
2025-04-05,Laptop Backpack,North Carolina,16
2025-04-06,Laptop Backpack,North Carolina,17
2025-04-07,Laptop Backpack,North Carolina,26
2025-04-08,Laptop Backpack,North Carolina,21
2025-04-09,Laptop Backpack,North Carolina,26
2025-04-10,Laptop Backpack,North Carolina,24
2025-04-11,Laptop Backpack,North Carolina,24
2025-04-12,Laptop Backpack,North Carolina,19
2025-04-13,Laptop Backpack,North Carolina,19
2025-04-14,Laptop Backpack,North Carolina,20
2025-04-15,Laptop Backpack,North Carolina,20
2025-04-16,Laptop Backpack,North Carolina,23
2025-04-17,Laptop Backpack,North Carolina,24
2025-04-18,Laptop Backpack,North Carolina,27
2025-04-19,Laptop Backpack,North Carolina,17
2025-04-20,Laptop Backpack,North Carolina,21
2025-04-21,Laptop Backpack,North Carolina,21
2025-04-22,Laptop Backpack,North Carolina,22
2025-04-23,Laptop Backpack,North Carolina,23
2025-04-24,Laptop Backpack,North Carolina,21
2025-04-25,Laptop Backpack,North Carolina,27
2025-04-26,Laptop Backpack,North Carolina,11
2025-04-27,Laptop Backpack,North Carolina,16
2025-04-28,Laptop Backpack,North Carolina,27
2025-04-29,Laptop Backpack,North Carolina,23
2025-04-30,Laptop Backpack,North Carolina,26
2025-05-01,Laptop Backpack,North Carolina,29
2025-05-02,Laptop Backpack,North Carolina,23
2025-05-03,Laptop Backpack,North Carolina,19
2025-05-04,Laptop Backpack,North Carolina,22
2025-05-05,Laptop Backpack,North Carolina,24
2025-05-06,Laptop Backpack,North Carolina,23
2025-05-07,Laptop Backpack,North Carolina,26
2025-05-08,Laptop Backpack,North Carolina,26
2025-05-09,Laptop Backpack,North Carolina,23
2025-05-10,Laptop Backpack,North Carolina,16
2025-05-11,Laptop Backpack,North Carolina,20
2025-05-12,Laptop Backpack,North Carolina,22
2025-05-13,Laptop Backpack,North Carolina,26
2025-05-14,Laptop Backpack,North Carolina,24
2025-05-15,Laptop Backpack,North Carolina,28
2025-05-16,Laptop Backpack,North Carolina,21
2025-05-17,Laptop Backpack,North Carolina,15
2025-05-18,Laptop Backpack,North Carolina,19
2025-05-19,Laptop Backpack,North Carolina,20
2025-05-20,Laptop Backpack,North Carolina,23
2025-05-21,Laptop Backpack,North Carolina,27
2025-05-22,Laptop Backpack,North Carolina,18
2025-05-23,Laptop Backpack,North Carolina,24
2025-05-24,Laptop Backpack,North Carolina,19
2025-05-25,Laptop Backpack,North Carolina,17
2025-05-26,Laptop Backpack,North Carolina,21
2025-05-27,Laptop Backpack,North Carolina,22
2025-05-28,Laptop Backpack,North Carolina,21
2025-05-29,Laptop Backpack,North Carolina,23
2025-05-30,Laptop Backpack,North Carolina,22
2025-05-31,Laptop Backpack,North Carolina,16
2025-06-01,Laptop Backpack,North Carolina,17
2025-06-02,Laptop Backpack,North Carolina,26
2025-06-03,Laptop Backpack,North Carolina,23
2025-06-04,Laptop Backpack,North Carolina,26
2025-06-05,Laptop Backpack,North Carolina,26
2025-06-06,Laptop Backpack,North Carolina,21
2025-06-07,Laptop Backpack,North Carolina,17
2025-06-08,Laptop Backpack,North Carolina,15
2025-06-09,Laptop Backpack,North Carolina,18
2025-06-10,Laptop Backpack,North Carolina,23
2025-06-11,Laptop Backpack,North Carolina,19
2025-06-12,Laptop Backpack,North Carolina,23
2025-06-13,Laptop Backpack,North Carolina,18
2025-06-14,Laptop Backpack,North Carolina,17
2025-06-15,Laptop Backpack,North Carolina,13
2025-06-16,Laptop Backpack,North Carolina,24
2025-06-17,Laptop Backpack,North Carolina,21
2025-06-18,Laptop Backpack,North Carolina,21
2025-06-19,Laptop Backpack,North Carolina,25
2025-06-20,Laptop Backpack,North Carolina,21
2025-06-21,Laptop Backpack,North Carolina,16
2025-06-22,Laptop Backpack,North Carolina,16
2025-06-23,Laptop Backpack,North Carolina,24
2025-06-24,Laptop Backpack,North Carolina,25
2025-06-25,Laptop Backpack,North Carolina,24
2025-06-26,Laptop Backpack,North Carolina,21
2025-06-27,Laptop Backpack,North Carolina,25
2025-06-28,Laptop Backpack,North Carolina,14
2025-06-29,Laptop Backpack,North Carolina,15
2025-06-30,Laptop Backpack,North Carolina,22
2025-07-01,Laptop Backpack,North Carolina,24
2025-07-02,Laptop Backpack,North Carolina,18
2025-07-03,Laptop Backpack,North Carolina,23
2025-07-04,Laptop Backpack,North Carolina,21
2025-07-05,Laptop Backpack,North Carolina,15
2025-07-06,Laptop Backpack,North Carolina,17
2025-07-07,Laptop Backpack,North Carolina,19
2025-07-08,Laptop Backpack,North Carolina,27
2025-07-09,Laptop Backpack,North Carolina,21
2025-07-10,Laptop Backpack,North Carolina,21
2025-07-11,Laptop Backpack,North Carolina,25
2025-07-12,Laptop Backpack,North Carolina,16
2025-07-13,Laptop Backpack,North Carolina,18
2025-07-14,Laptop Backpack,North Carolina,16
2025-07-15,Laptop Backpack,North Carolina,20
2025-07-16,Laptop Backpack,North Carolina,22
2025-07-17,Laptop Backpack,North Carolina,24
2025-07-18,Laptop Backpack,North Carolina,23
2025-07-19,Laptop Backpack,North Carolina,17
2025-07-20,Laptop Backpack,North Carolina,17
2025-07-21,Laptop Backpack,North Carolina,22
2025-07-22,Laptop Backpack,North Carolina,16
2025-07-23,Laptop Backpack,North Carolina,25
2025-07-24,Laptop Backpack,North Carolina,19
2025-07-25,Laptop Backpack,North Carolina,22
2025-07-26,Laptop Backpack,North Carolina,16
2025-07-27,Laptop Backpack,North Carolina,15
2025-07-28,Laptop Backpack,North Carolina,18
2025-07-29,Laptop Backpack,North Carolina,16
2025-07-30,Laptop Backpack,North Carolina,18
2025-07-31,Laptop Backpack,North Carolina,23
2025-08-01,Laptop Backpack,North Carolina,16
2025-08-02,Laptop Backpack,North Carolina,13
2025-08-03,Laptop Backpack,North Carolina,15
2025-08-04,Laptop Backpack,North Carolina,17
2025-08-05,Laptop Backpack,North Carolina,18
2025-08-06,Laptop Backpack,North Carolina,20
2025-08-07,Laptop Backpack,North Carolina,20
2025-08-08,Laptop Backpack,North Carolina,17
2025-08-09,Laptop Backpack,North Carolina,15
2025-08-10,Laptop Backpack,North Carolina,15
2025-08-11,Laptop Backpack,North Carolina,17
2025-08-12,Laptop Backpack,North Carolina,20
2025-08-13,Laptop Backpack,North Carolina,18
2025-08-14,Laptop Backpack,North Carolina,20
2025-08-15,Laptop Backpack,North Carolina,21
2025-08-16,Laptop Backpack,North Carolina,14
2025-08-17,Laptop Backpack,North Carolina,16
2025-08-18,Laptop Backpack,North Carolina,22
2025-08-19,Laptop Backpack,North Carolina,22
2025-08-20,Laptop Backpack,North Carolina,21
2025-08-21,Laptop Backpack,North Carolina,22
2025-08-22,Laptop Backpack,North Carolina,21
2025-08-23,Laptop Backpack,North Carolina,12
2025-08-24,Laptop Backpack,North Carolina,13
2025-08-25,Laptop Backpack,North Carolina,19
2025-08-26,Laptop Backpack,North Carolina,19
2025-08-27,Laptop Backpack,North Carolina,21
2025-08-28,Laptop Backpack,North Carolina,18
2025-08-29,Laptop Backpack,North Carolina,24
2025-08-30,Laptop Backpack,North Carolina,14
2025-08-31,Laptop Backpack,North Carolina,14
2025-09-01,Laptop Backpack,North Carolina,17
2025-09-02,Laptop Backpack,North Carolina,17
2025-09-03,Laptop Backpack,North Carolina,18
2025-09-04,Laptop Backpack,North Carolina,19
2025-09-05,Laptop Backpack,North Carolina,19
2025-09-06,Laptop Backpack,North Carolina,16
2025-09-07,Laptop Backpack,North Carolina,14
2025-09-08,Laptop Backpack,North Carolina,19
2025-09-09,Laptop Backpack,North Carolina,21
2025-09-10,Laptop Backpack,North Carolina,18
2025-09-11,Laptop Backpack,North Carolina,20
2025-09-12,Laptop Backpack,North Carolina,16
2025-09-13,Laptop Backpack,North Carolina,12
2025-09-14,Laptop Backpack,North Carolina,14
2025-09-15,Laptop Backpack,North Carolina,18
2025-09-16,Laptop Backpack,North Carolina,17
2025-09-17,Laptop Backpack,North Carolina,19
2025-09-18,Laptop Backpack,North Carolina,19
2025-09-19,Laptop Backpack,North Carolina,17
2025-09-20,Laptop Backpack,North Carolina,13
2025-09-21,Laptop Backpack,North Carolina,14
2025-09-22,Laptop Backpack,North Carolina,16
2025-09-23,Laptop Backpack,North Carolina,17
2025-09-24,Laptop Backpack,North Carolina,20
2025-09-25,Laptop Backpack,North Carolina,19
2025-09-26,Laptop Backpack,North Carolina,18
2025-09-27,Laptop Backpack,North Carolina,12
2025-09-28,Laptop Backpack,North Carolina,12
2025-09-29,Laptop Backpack,North Carolina,18
2025-09-30,Laptop Backpack,North Carolina,23
2025-10-01,Laptop Backpack,North Carolina,20
2025-10-02,Laptop Backpack,North Carolina,15
2025-10-03,Laptop Backpack,North Carolina,20
2025-10-04,Laptop Backpack,North Carolina,12
2025-10-05,Laptop Backpack,North Carolina,13
2025-10-06,Laptop Backpack,North Carolina,17
2025-10-07,Laptop Backpack,North Carolina,23
2025-10-08,Laptop Backpack,North Carolina,16
2025-10-09,Laptop Backpack,North Carolina,19
2025-10-10,Laptop Backpack,North Carolina,17
2025-10-11,Laptop Backpack,North Carolina,15
2025-10-12,Laptop Backpack,North Carolina,14
2025-10-13,Laptop Backpack,North Carolina,21
2025-10-14,Laptop Backpack,North Carolina,20
2025-10-15,Laptop Backpack,North Carolina,17
2025-10-16,Laptop Backpack,North Carolina,25
2025-10-17,Laptop Backpack,North Carolina,20
2025-10-18,Laptop Backpack,North Carolina,13
2025-10-19,Laptop Backpack,North Carolina,14
2025-10-20,Laptop Backpack,North Carolina,20
2025-10-21,Laptop Backpack,North Carolina,20
2025-10-22,Laptop Backpack,North Carolina,20
2025-10-23,Laptop Backpack,North Carolina,21
2025-10-24,Laptop Backpack,North Carolina,20
2025-10-25,Laptop Backpack,North Carolina,12
2025-10-26,Laptop Backpack,North Carolina,17
2025-10-27,Laptop Backpack,North Carolina,23
2025-10-28,Laptop Backpack,North Carolina,20
2025-10-29,Laptop Backpack,North Carolina,19
2025-10-30,Laptop Backpack,North Carolina,19
2025-10-31,Laptop Backpack,North Carolina,18
2025-11-01,Laptop Backpack,North Carolina,16
2025-11-02,Laptop Backpack,North Carolina,12
2025-11-03,Laptop Backpack,North Carolina,26
2025-11-04,Laptop Backpack,North Carolina,25
2025-11-05,Laptop Backpack,North Carolina,18
2025-11-06,Laptop Backpack,North Carolina,25
2025-11-07,Laptop Backpack,North Carolina,22
2025-11-08,Laptop Backpack,North Carolina,16
2025-11-09,Laptop Backpack,North Carolina,17
2025-11-10,Laptop Backpack,North Carolina,18
2025-11-11,Laptop Backpack,North Carolina,22
2025-11-12,Laptop Backpack,North Carolina,22
2025-11-13,Laptop Backpack,North Carolina,22
2025-11-14,Laptop Backpack,North Carolina,19
2025-11-15,Laptop Backpack,North Carolina,17
2025-11-16,Laptop Backpack,North Carolina,18
2025-11-17,Laptop Backpack,North Carolina,23
2025-11-18,Laptop Backpack,North Carolina,22
2025-11-19,Laptop Backpack,North Carolina,29
2025-11-20,Laptop Backpack,North Carolina,20
2025-11-21,Laptop Backpack,North Carolina,24
2025-11-22,Laptop Backpack,North Carolina,17
2025-11-23,Laptop Backpack,North Carolina,20
2025-11-24,Laptop Backpack,North Carolina,23
2025-11-25,Laptop Backpack,North Carolina,24
2025-11-26,Laptop Backpack,North Carolina,23
2025-11-27,Laptop Backpack,North Carolina,19
2025-11-28,Laptop Backpack,North Carolina,20
2025-11-29,Laptop Backpack,North Carolina,16
2025-11-30,Laptop Backpack,North Carolina,18
2025-12-01,Laptop Backpack,North Carolina,24
2025-12-02,Laptop Backpack,North Carolina,23
2025-12-03,Laptop Backpack,North Carolina,27
2025-12-04,Laptop Backpack,North Carolina,18
2025-12-05,Laptop Backpack,North Carolina,20
2025-12-06,Laptop Backpack,North Carolina,12
2025-12-07,Laptop Backpack,North Carolina,19
2025-12-08,Laptop Backpack,North Carolina,23
2025-12-09,Laptop Backpack,North Carolina,26
2025-12-10,Laptop Backpack,North Carolina,23
2025-12-11,Laptop Backpack,North Carolina,26
2025-12-12,Laptop Backpack,North Carolina,23
2025-12-13,Laptop Backpack,North Carolina,18
2025-12-14,Laptop Backpack,North Carolina,18
2025-12-15,Laptop Backpack,North Carolina,24
2025-12-16,Laptop Backpack,North Carolina,28
2025-12-17,Laptop Backpack,North Carolina,19
2025-12-18,Laptop Backpack,North Carolina,23
2025-12-19,Laptop Backpack,North Carolina,24
2025-12-20,Laptop Backpack,North Carolina,17
2025-12-21,Laptop Backpack,North Carolina,16
2025-12-22,Laptop Backpack,North Carolina,22
2025-12-23,Laptop Backpack,North Carolina,27
2025-12-24,Laptop Backpack,North Carolina,23
2025-12-25,Laptop Backpack,North Carolina,30
2025-12-26,Laptop Backpack,North Carolina,25
2025-12-27,Laptop Backpack,North Carolina,16
2025-12-28,Laptop Backpack,North Carolina,18
2025-12-29,Laptop Backpack,North Carolina,24
2025-12-30,Laptop Backpack,North Carolina,27
2025-12-31,Laptop Backpack,North Carolina,20
2026-01-01,Laptop Backpack,North Carolina,16
2026-01-02,Laptop Backpack,North Carolina,22
2026-01-03,Laptop Backpack,North Carolina,17
2026-01-04,Laptop Backpack,North Carolina,16
2026-01-05,Laptop Backpack,North Carolina,23
2026-01-06,Laptop Backpack,North Carolina,22
2026-01-07,Laptop Backpack,North Carolina,17
2026-01-08,Laptop Backpack,North Carolina,22
2026-01-09,Laptop Backpack,North Carolina,24
2026-01-10,Laptop Backpack,North Carolina,16
2026-01-11,Laptop Backpack,North Carolina,13
2026-01-12,Laptop Backpack,North Carolina,20
2026-01-13,Laptop Backpack,North Carolina,22
2026-01-14,Laptop Backpack,North Carolina,25
2026-01-15,Laptop Backpack,North Carolina,16
2026-01-16,Laptop Backpack,North Carolina,22
2026-01-17,Laptop Backpack,North Carolina,14
2026-01-18,Laptop Backpack,North Carolina,16
2026-01-19,Laptop Backpack,North Carolina,22
2026-01-20,Laptop Backpack,North Carolina,20
2026-01-21,Laptop Backpack,North Carolina,23
2026-01-22,Laptop Backpack,North Carolina,24
2026-01-23,Laptop Backpack,North Carolina,21
2026-01-24,Laptop Backpack,North Carolina,13
2026-01-25,Laptop Backpack,North Carolina,18
2026-01-26,Laptop Backpack,North Carolina,23
2026-01-27,Laptop Backpack,North Carolina,22
2026-01-28,Laptop Backpack,North Carolina,19
2026-01-29,Laptop Backpack,North Carolina,23
2026-01-30,Laptop Backpack,North Carolina,26
2026-01-31,Laptop Backpack,North Carolina,15
2026-02-01,Laptop Backpack,North Carolina,16
2026-02-02,Laptop Backpack,North Carolina,19
2026-02-03,Laptop Backpack,North Carolina,20
2026-02-04,Laptop Backpack,North Carolina,19
2026-02-05,Laptop Backpack,North Carolina,23
2026-02-06,Laptop Backpack,North Carolina,21
2026-02-07,Laptop Backpack,North Carolina,17
2026-02-08,Laptop Backpack,North Carolina,15
2026-02-09,Laptop Backpack,North Carolina,22
2026-02-10,Laptop Backpack,North Carolina,20
2026-02-11,Laptop Backpack,North Carolina,23
2026-02-12,Laptop Backpack,North Carolina,18
2026-02-13,Laptop Backpack,North Carolina,23
2026-02-14,Laptop Backpack,North Carolina,16
2026-02-15,Laptop Backpack,North Carolina,17
2026-02-16,Laptop Backpack,North Carolina,18
2026-02-17,Laptop Backpack,North Carolina,24
2026-02-18,Laptop Backpack,North Carolina,21
2026-02-19,Laptop Backpack,North Carolina,23
2026-02-20,Laptop Backpack,North Carolina,17
2026-02-21,Laptop Backpack,North Carolina,14
2026-02-22,Laptop Backpack,North Carolina,15
2026-02-23,Laptop Backpack,North Carolina,26
2026-02-24,Laptop Backpack,North Carolina,24
2026-02-25,Laptop Backpack,North Carolina,23
2026-02-26,Laptop Backpack,North Carolina,20
2026-02-27,Laptop Backpack,North Carolina,19
2026-02-28,Laptop Backpack,North Carolina,17
2026-03-01,Laptop Backpack,North Carolina,18
2026-03-02,Laptop Backpack,North Carolina,24
2026-03-03,Laptop Backpack,North Carolina,28
2026-03-04,Laptop Backpack,North Carolina,21
2026-03-05,Laptop Backpack,North Carolina,24
2026-03-06,Laptop Backpack,North Carolina,18
2026-03-07,Laptop Backpack,North Carolina,17
2026-03-08,Laptop Backpack,North Carolina,20
2026-03-09,Laptop Backpack,North Carolina,20
2026-03-10,Laptop Backpack,North Carolina,25
2026-03-11,Laptop Backpack,North Carolina,27
2026-03-12,Laptop Backpack,North Carolina,21
2026-03-13,Laptop Backpack,North Carolina,24
2026-03-14,Laptop Backpack,North Carolina,20
2026-03-15,Laptop Backpack,North Carolina,17
2026-03-16,Laptop Backpack,North Carolina,25
2026-03-17,Laptop Backpack,North Carolina,18
2026-03-18,Laptop Backpack,North Carolina,25
2026-03-19,Laptop Backpack,North Carolina,25
2026-03-20,Laptop Backpack,North Carolina,19
2026-03-21,Laptop Backpack,North Carolina,15
2026-03-22,Laptop Backpack,North Carolina,18
2026-03-23,Laptop Backpack,North Carolina,22
2026-03-24,Laptop Backpack,North Carolina,26
2026-03-25,Laptop Backpack,North Carolina,24
2026-03-26,Laptop Backpack,North Carolina,23
2026-03-27,Laptop Backpack,North Carolina,23
2026-03-28,Laptop Backpack,North Carolina,18
2026-03-29,Laptop Backpack,North Carolina,19
2026-03-30,Laptop Backpack,North Carolina,25
2026-03-31,Laptop Backpack,North Carolina,22
2026-04-01,Laptop Backpack,North Carolina,27
2026-04-02,Laptop Backpack,North Carolina,25
2026-04-03,Laptop Backpack,North Carolina,25
2026-04-04,Laptop Backpack,North Carolina,17
2026-04-05,Laptop Backpack,North Carolina,18
2026-04-06,Laptop Backpack,North Carolina,18
2026-04-07,Laptop Backpack,North Carolina,24
2026-04-08,Laptop Backpack,North Carolina,28
2026-04-09,Laptop Backpack,North Carolina,24
2026-04-10,Laptop Backpack,North Carolina,24
2026-04-11,Laptop Backpack,North Carolina,16
2026-04-12,Laptop Backpack,North Carolina,18
2026-04-13,Laptop Backpack,North Carolina,23
2026-04-14,Laptop Backpack,North Carolina,27
2026-04-15,Laptop Backpack,North Carolina,21
2026-04-16,Laptop Backpack,North Carolina,22
2026-04-17,Laptop Backpack,North Carolina,22
2026-04-18,Laptop Backpack,North Carolina,21
2026-04-19,Laptop Backpack,North Carolina,17
2026-04-20,Laptop Backpack,North Carolina,22
2026-04-21,Laptop Backpack,North Carolina,18
2026-04-22,Laptop Backpack,North Carolina,21
2026-04-23,Laptop Backpack,North Carolina,25
2026-04-24,Laptop Backpack,North Carolina,25
2026-04-25,Laptop Backpack,North Carolina,16
2026-04-26,Laptop Backpack,North Carolina,16
2026-04-27,Laptop Backpack,North Carolina,29
2026-04-28,Laptop Backpack,North Carolina,31
2026-04-29,Laptop Backpack,North Carolina,27
2026-04-30,Laptop Backpack,North Carolina,28
2026-05-01,Laptop Backpack,North Carolina,28
2026-05-02,Laptop Backpack,North Carolina,21
2026-05-03,Laptop Backpack,North Carolina,16
2026-05-04,Laptop Backpack,North Carolina,21
2026-05-05,Laptop Backpack,North Carolina,28
2026-05-06,Laptop Backpack,North Carolina,20
2026-05-07,Laptop Backpack,North Carolina,20
2026-05-08,Laptop Backpack,North Carolina,20
2026-05-09,Laptop Backpack,North Carolina,17
2026-05-10,Laptop Backpack,North Carolina,13
2026-05-11,Laptop Backpack,North Carolina,19
2026-05-12,Laptop Backpack,North Carolina,21
2026-05-13,Laptop Backpack,North Carolina,20
2026-05-14,Laptop Backpack,North Carolina,26
2026-05-15,Laptop Backpack,North Carolina,23
2026-05-16,Laptop Backpack,North Carolina,18
2026-05-17,Laptop Backpack,North Carolina,18
2026-05-18,Laptop Backpack,North Carolina,23
2026-05-19,Laptop Backpack,North Carolina,26
2026-05-20,Laptop Backpack,North Carolina,24
2026-05-21,Laptop Backpack,North Carolina,22
2026-05-22,Laptop Backpack,North Carolina,18
2026-05-23,Laptop Backpack,North Carolina,18
2026-05-24,Laptop Backpack,North Carolina,14
2026-05-25,Laptop Backpack,North Carolina,24
2026-05-26,Laptop Backpack,North Carolina,23
2026-05-27,Laptop Backpack,North Carolina,19
2026-05-28,Laptop Backpack,North Carolina,24
2026-05-29,Laptop Backpack,North Carolina,24
2026-05-30,Laptop Backpack,North Carolina,17
2026-05-31,Laptop Backpack,North Carolina,17
2026-06-01,Laptop Backpack,North Carolina,20
2026-06-02,Laptop Backpack,North Carolina,24
2026-06-03,Laptop Backpack,North Carolina,20
2026-06-04,Laptop Backpack,North Carolina,19
2026-06-05,Laptop Backpack,North Carolina,24
2026-06-06,Laptop Backpack,North Carolina,18
2026-06-07,Laptop Backpack,North Carolina,17
2026-06-08,Laptop Backpack,North Carolina,22
2026-06-09,Laptop Backpack,North Carolina,17
2026-06-10,Laptop Backpack,North Carolina,26
2026-06-11,Laptop Backpack,North Carolina,17
2026-06-12,Laptop Backpack,North Carolina,24
2026-06-13,Laptop Backpack,North Carolina,20
2026-06-14,Laptop Backpack,North Carolina,17
2026-06-15,Laptop Backpack,North Carolina,23
2026-06-16,Laptop Backpack,North Carolina,23
2026-06-17,Laptop Backpack,North Carolina,23
2026-06-18,Laptop Backpack,North Carolina,28
2026-06-19,Laptop Backpack,North Carolina,20
2026-06-20,Laptop Backpack,North Carolina,14
2026-06-21,Laptop Backpack,North Carolina,16
2026-06-22,Laptop Backpack,North Carolina,27
2026-06-23,Laptop Backpack,North Carolina,21
2026-06-24,Laptop Backpack,North Carolina,23
2026-06-25,Laptop Backpack,North Carolina,25
2026-06-26,Laptop Backpack,North Carolina,24
2026-06-27,Laptop Backpack,North Carolina,18
2026-06-28,Laptop Backpack,North Carolina,19
2026-06-29,Laptop Backpack,North Carolina,23
2026-06-30,Laptop Backpack,North Carolina,21
2026-07-01,Laptop Backpack,North Carolina,21
2026-07-02,Laptop Backpack,North Carolina,20
2026-07-03,Laptop Backpack,North Carolina,27
2026-07-04,Laptop Backpack,North Carolina,14
2026-07-05,Laptop Backpack,North Carolina,16
2026-07-06,Laptop Backpack,North Carolina,17
2026-07-07,Laptop Backpack,North Carolina,21
2026-07-08,Laptop Backpack,North Carolina,20
2026-07-09,Laptop Backpack,North Carolina,23
2026-07-10,Laptop Backpack,North Carolina,23
2026-07-11,Laptop Backpack,North Carolina,18
2026-07-12,Laptop Backpack,North Carolina,18
2026-07-13,Laptop Backpack,North Carolina,21
2026-07-14,Laptop Backpack,North Carolina,19
2026-07-15,Laptop Backpack,North Carolina,19
2026-07-16,Laptop Backpack,North Carolina,22
2026-07-17,Laptop Backpack,North Carolina,21
2026-07-18,Laptop Backpack,North Carolina,16
2026-07-19,Laptop Backpack,North Carolina,14
2026-07-20,Laptop Backpack,North Carolina,25
2026-07-21,Laptop Backpack,North Carolina,17
2026-07-22,Laptop Backpack,North Carolina,19
2026-07-23,Laptop Backpack,North Carolina,18
2026-07-24,Laptop Backpack,North Carolina,20
2026-07-25,Laptop Backpack,North Carolina,18
2026-07-26,Laptop Backpack,North Carolina,15
2026-07-27,Laptop Backpack,North Carolina,21
2026-07-28,Laptop Backpack,North Carolina,23
2026-07-29,Laptop Backpack,North Carolina,20
2026-07-30,Laptop Backpack,North Carolina,22
2026-07-31,Laptop Backpack,North Carolina,22
2026-08-01,Laptop Backpack,North Carolina,12
2026-08-02,Laptop Backpack,North Carolina,14
2026-08-03,Laptop Backpack,North Carolina,21
2026-08-04,Laptop Backpack,North Carolina,23
2026-08-05,Laptop Backpack,North Carolina,23
2026-08-06,Laptop Backpack,North Carolina,25
2026-08-07,Laptop Backpack,North Carolina,21
2026-08-08,Laptop Backpack,North Carolina,14
2026-08-09,Laptop Backpack,North Carolina,14
2026-08-10,Laptop Backpack,North Carolina,19
2026-08-11,Laptop Backpack,North Carolina,19
2026-08-12,Laptop Backpack,North Carolina,21
2026-08-13,Laptop Backpack,North Carolina,21
2026-08-14,Laptop Backpack,North Carolina,17
2026-08-15,Laptop Backpack,North Carolina,16
2026-08-16,Laptop Backpack,North Carolina,11
2026-08-17,Laptop Backpack,North Carolina,19
2026-08-18,Laptop Backpack,North Carolina,22
2026-08-19,Laptop Backpack,North Carolina,21
2026-08-20,Laptop Backpack,North Carolina,19
2026-08-21,Laptop Backpack,North Carolina,24
2026-08-22,Laptop Backpack,North Carolina,14
2026-08-23,Laptop Backpack,North Carolina,11
2026-08-24,Laptop Backpack,North Carolina,21
2026-08-25,Laptop Backpack,North Carolina,15
2026-08-26,Laptop Backpack,North Carolina,18
2026-08-27,Laptop Backpack,North Carolina,21
2026-08-28,Laptop Backpack,North Carolina,19
2026-08-29,Laptop Backpack,North Carolina,15
2026-08-30,Laptop Backpack,North Carolina,12
2026-08-31,Laptop Backpack,North Carolina,22
2026-09-01,Laptop Backpack,North Carolina,15
2026-09-02,Laptop Backpack,North Carolina,22
2026-09-03,Laptop Backpack,North Carolina,18
2026-09-04,Laptop Backpack,North Carolina,22
2026-09-05,Laptop Backpack,North Carolina,12
2026-09-06,Laptop Backpack,North Carolina,17
2026-09-07,Laptop Backpack,North Carolina,17
2026-09-08,Laptop Backpack,North Carolina,15
2026-09-09,Laptop Backpack,North Carolina,19
2026-09-10,Laptop Backpack,North Carolina,22
2026-09-11,Laptop Backpack,North Carolina,21
2026-09-12,Laptop Backpack,North Carolina,16
2026-09-13,Laptop Backpack,North Carolina,15
2026-09-14,Laptop Backpack,North Carolina,17
2026-09-15,Laptop Backpack,North Carolina,20
2026-09-16,Laptop Backpack,North Carolina,19
2026-09-17,Laptop Backpack,North Carolina,17
2026-09-18,Laptop Backpack,North Carolina,19
2026-09-19,Laptop Backpack,North Carolina,14
2026-09-20,Laptop Backpack,North Carolina,16
2026-09-21,Laptop Backpack,North Carolina,18
2026-09-22,Laptop Backpack,North Carolina,18
2026-09-23,Laptop Backpack,North Carolina,17
2026-09-24,Laptop Backpack,North Carolina,23
2026-09-25,Laptop Backpack,North Carolina,17
2026-09-26,Laptop Backpack,North Carolina,16
2026-09-27,Laptop Backpack,North Carolina,12
2026-09-28,Laptop Backpack,North Carolina,20
2025-01-01,Laptop Backpack,Virginia,19
2025-01-02,Laptop Backpack,Virginia,21
2025-01-03,Laptop Backpack,Virginia,21
2025-01-04,Laptop Backpack,Virginia,14
2025-01-05,Laptop Backpack,Virginia,13
2025-01-06,Laptop Backpack,Virginia,22
2025-01-07,Laptop Backpack,Virginia,17
2025-01-08,Laptop Backpack,Virginia,13
2025-01-09,Laptop Backpack,Virginia,14
2025-01-10,Laptop Backpack,Virginia,15
2025-01-11,Laptop Backpack,Virginia,14
2025-01-12,Laptop Backpack,Virginia,17
2025-01-13,Laptop Backpack,Virginia,14
2025-01-14,Laptop Backpack,Virginia,17
2025-01-15,Laptop Backpack,Virginia,19
2025-01-16,Laptop Backpack,Virginia,22
2025-01-17,Laptop Backpack,Virginia,17
2025-01-18,Laptop Backpack,Virginia,14
2025-01-19,Laptop Backpack,Virginia,13
2025-01-20,Laptop Backpack,Virginia,24
2025-01-21,Laptop Backpack,Virginia,19
2025-01-22,Laptop Backpack,Virginia,19
2025-01-23,Laptop Backpack,Virginia,19
2025-01-24,Laptop Backpack,Virginia,18
2025-01-25,Laptop Backpack,Virginia,15
2025-01-26,Laptop Backpack,Virginia,12
2025-01-27,Laptop Backpack,Virginia,14
2025-01-28,Laptop Backpack,Virginia,18
2025-01-29,Laptop Backpack,Virginia,20
2025-01-30,Laptop Backpack,Virginia,17
2025-01-31,Laptop Backpack,Virginia,19
2025-02-01,Laptop Backpack,Virginia,12
2025-02-02,Laptop Backpack,Virginia,16
2025-02-03,Laptop Backpack,Virginia,21
2025-02-04,Laptop Backpack,Virginia,20
2025-02-05,Laptop Backpack,Virginia,20
2025-02-06,Laptop Backpack,Virginia,16
2025-02-07,Laptop Backpack,Virginia,16
2025-02-08,Laptop Backpack,Virginia,14
2025-02-09,Laptop Backpack,Virginia,15
2025-02-10,Laptop Backpack,Virginia,21
2025-02-11,Laptop Backpack,Virginia,19
2025-02-12,Laptop Backpack,Virginia,21
2025-02-13,Laptop Backpack,Virginia,23
2025-02-14,Laptop Backpack,Virginia,19
2025-02-15,Laptop Backpack,Virginia,15
2025-02-16,Laptop Backpack,Virginia,14
2025-02-17,Laptop Backpack,Virginia,19
2025-02-18,Laptop Backpack,Virginia,20
2025-02-19,Laptop Backpack,Virginia,24
2025-02-20,Laptop Backpack,Virginia,22
2025-02-21,Laptop Backpack,Virginia,22
2025-02-22,Laptop Backpack,Virginia,14
2025-02-23,Laptop Backpack,Virginia,13
2025-02-24,Laptop Backpack,Virginia,21
2025-02-25,Laptop Backpack,Virginia,23
2025-02-26,Laptop Backpack,Virginia,24
2025-02-27,Laptop Backpack,Virginia,14
2025-02-28,Laptop Backpack,Virginia,25
2025-03-01,Laptop Backpack,Virginia,16
2025-03-02,Laptop Backpack,Virginia,17
2025-03-03,Laptop Backpack,Virginia,16
2025-03-04,Laptop Backpack,Virginia,20
2025-03-05,Laptop Backpack,Virginia,22
2025-03-06,Laptop Backpack,Virginia,18
2025-03-07,Laptop Backpack,Virginia,13
2025-03-08,Laptop Backpack,Virginia,16
2025-03-09,Laptop Backpack,Virginia,15
2025-03-10,Laptop Backpack,Virginia,24
2025-03-11,Laptop Backpack,Virginia,20
2025-03-12,Laptop Backpack,Virginia,20
2025-03-13,Laptop Backpack,Virginia,22
2025-03-14,Laptop Backpack,Virginia,23
2025-03-15,Laptop Backpack,Virginia,14
2025-03-16,Laptop Backpack,Virginia,17
2025-03-17,Laptop Backpack,Virginia,19
2025-03-18,Laptop Backpack,Virginia,20
2025-03-19,Laptop Backpack,Virginia,22
2025-03-20,Laptop Backpack,Virginia,22
2025-03-21,Laptop Backpack,Virginia,21
2025-03-22,Laptop Backpack,Virginia,13
2025-03-23,Laptop Backpack,Virginia,12
2025-03-24,Laptop Backpack,Virginia,20
2025-03-25,Laptop Backpack,Virginia,23
2025-03-26,Laptop Backpack,Virginia,22
2025-03-27,Laptop Backpack,Virginia,21
2025-03-28,Laptop Backpack,Virginia,20
2025-03-29,Laptop Backpack,Virginia,15
2025-03-30,Laptop Backpack,Virginia,13
2025-03-31,Laptop Backpack,Virginia,22
2025-04-01,Laptop Backpack,Virginia,23
2025-04-02,Laptop Backpack,Virginia,20
2025-04-03,Laptop Backpack,Virginia,22
2025-04-04,Laptop Backpack,Virginia,16
2025-04-05,Laptop Backpack,Virginia,15
2025-04-06,Laptop Backpack,Virginia,15
2025-04-07,Laptop Backpack,Virginia,24
2025-04-08,Laptop Backpack,Virginia,20
2025-04-09,Laptop Backpack,Virginia,23
2025-04-10,Laptop Backpack,Virginia,20
2025-04-11,Laptop Backpack,Virginia,15
2025-04-12,Laptop Backpack,Virginia,15
2025-04-13,Laptop Backpack,Virginia,16
2025-04-14,Laptop Backpack,Virginia,21
2025-04-15,Laptop Backpack,Virginia,21
2025-04-16,Laptop Backpack,Virginia,19
2025-04-17,Laptop Backpack,Virginia,20
2025-04-18,Laptop Backpack,Virginia,18
2025-04-19,Laptop Backpack,Virginia,12
2025-04-20,Laptop Backpack,Virginia,15
2025-04-21,Laptop Backpack,Virginia,19
2025-04-22,Laptop Backpack,Virginia,23
2025-04-23,Laptop Backpack,Virginia,15
2025-04-24,Laptop Backpack,Virginia,21
2025-04-25,Laptop Backpack,Virginia,26
2025-04-26,Laptop Backpack,Virginia,15
2025-04-27,Laptop Backpack,Virginia,15
2025-04-28,Laptop Backpack,Virginia,22
2025-04-29,Laptop Backpack,Virginia,22
2025-04-30,Laptop Backpack,Virginia,20
2025-05-01,Laptop Backpack,Virginia,18
2025-05-02,Laptop Backpack,Virginia,22
2025-05-03,Laptop Backpack,Virginia,12
2025-05-04,Laptop Backpack,Virginia,16
2025-05-05,Laptop Backpack,Virginia,19
2025-05-06,Laptop Backpack,Virginia,20
2025-05-07,Laptop Backpack,Virginia,19
2025-05-08,Laptop Backpack,Virginia,24
2025-05-09,Laptop Backpack,Virginia,21
2025-05-10,Laptop Backpack,Virginia,14
2025-05-11,Laptop Backpack,Virginia,14
2025-05-12,Laptop Backpack,Virginia,20
2025-05-13,Laptop Backpack,Virginia,26
2025-05-14,Laptop Backpack,Virginia,17
2025-05-15,Laptop Backpack,Virginia,23
2025-05-16,Laptop Backpack,Virginia,22
2025-05-17,Laptop Backpack,Virginia,18
2025-05-18,Laptop Backpack,Virginia,16
2025-05-19,Laptop Backpack,Virginia,20
2025-05-20,Laptop Backpack,Virginia,23
2025-05-21,Laptop Backpack,Virginia,21
2025-05-22,Laptop Backpack,Virginia,22
2025-05-23,Laptop Backpack,Virginia,24
2025-05-24,Laptop Backpack,Virginia,15
2025-05-25,Laptop Backpack,Virginia,14
2025-05-26,Laptop Backpack,Virginia,19
2025-05-27,Laptop Backpack,Virginia,22
2025-05-28,Laptop Backpack,Virginia,18
2025-05-29,Laptop Backpack,Virginia,20
2025-05-30,Laptop Backpack,Virginia,18
2025-05-31,Laptop Backpack,Virginia,16
2025-06-01,Laptop Backpack,Virginia,13
2025-06-02,Laptop Backpack,Virginia,17
2025-06-03,Laptop Backpack,Virginia,17
2025-06-04,Laptop Backpack,Virginia,18
2025-06-05,Laptop Backpack,Virginia,18
2025-06-06,Laptop Backpack,Virginia,20
2025-06-07,Laptop Backpack,Virginia,14
2025-06-08,Laptop Backpack,Virginia,15
2025-06-09,Laptop Backpack,Virginia,21
2025-06-10,Laptop Backpack,Virginia,21
2025-06-11,Laptop Backpack,Virginia,15
2025-06-12,Laptop Backpack,Virginia,17
2025-06-13,Laptop Backpack,Virginia,21
2025-06-14,Laptop Backpack,Virginia,15
2025-06-15,Laptop Backpack,Virginia,16
2025-06-16,Laptop Backpack,Virginia,16
2025-06-17,Laptop Backpack,Virginia,18
2025-06-18,Laptop Backpack,Virginia,19
2025-06-19,Laptop Backpack,Virginia,20
2025-06-20,Laptop Backpack,Virginia,20
2025-06-21,Laptop Backpack,Virginia,15
2025-06-22,Laptop Backpack,Virginia,14
2025-06-23,Laptop Backpack,Virginia,23
2025-06-24,Laptop Backpack,Virginia,24
2025-06-25,Laptop Backpack,Virginia,17
2025-06-26,Laptop Backpack,Virginia,20
2025-06-27,Laptop Backpack,Virginia,21
2025-06-28,Laptop Backpack,Virginia,15
2025-06-29,Laptop Backpack,Virginia,14
2025-06-30,Laptop Backpack,Virginia,20
2025-07-01,Laptop Backpack,Virginia,15
2025-07-02,Laptop Backpack,Virginia,18
2025-07-03,Laptop Backpack,Virginia,15
2025-07-04,Laptop Backpack,Virginia,20
2025-07-05,Laptop Backpack,Virginia,12
2025-07-06,Laptop Backpack,Virginia,14
2025-07-07,Laptop Backpack,Virginia,19
2025-07-08,Laptop Backpack,Virginia,19
2025-07-09,Laptop Backpack,Virginia,17
2025-07-10,Laptop Backpack,Virginia,18
2025-07-11,Laptop Backpack,Virginia,21
2025-07-12,Laptop Backpack,Virginia,13
2025-07-13,Laptop Backpack,Virginia,14
2025-07-14,Laptop Backpack,Virginia,17
2025-07-15,Laptop Backpack,Virginia,21
2025-07-16,Laptop Backpack,Virginia,19
2025-07-17,Laptop Backpack,Virginia,17
2025-07-18,Laptop Backpack,Virginia,18
2025-07-19,Laptop Backpack,Virginia,13
2025-07-20,Laptop Backpack,Virginia,16
2025-07-21,Laptop Backpack,Virginia,18
2025-07-22,Laptop Backpack,Virginia,15
2025-07-23,Laptop Backpack,Virginia,20
2025-07-24,Laptop Backpack,Virginia,22
2025-07-25,Laptop Backpack,Virginia,21
2025-07-26,Laptop Backpack,Virginia,12
2025-07-27,Laptop Backpack,Virginia,13
2025-07-28,Laptop Backpack,Virginia,18
2025-07-29,Laptop Backpack,Virginia,18
2025-07-30,Laptop Backpack,Virginia,19
2025-07-31,Laptop Backpack,Virginia,18
2025-08-01,Laptop Backpack,Virginia,15
2025-08-02,Laptop Backpack,Virginia,14
2025-08-03,Laptop Backpack,Virginia,11
2025-08-04,Laptop Backpack,Virginia,16
2025-08-05,Laptop Backpack,Virginia,15
2025-08-06,Laptop Backpack,Virginia,19
2025-08-07,Laptop Backpack,Virginia,18
2025-08-08,Laptop Backpack,Virginia,19
2025-08-09,Laptop Backpack,Virginia,12
2025-08-10,Laptop Backpack,Virginia,11
2025-08-11,Laptop Backpack,Virginia,16
2025-08-12,Laptop Backpack,Virginia,17
2025-08-13,Laptop Backpack,Virginia,18
2025-08-14,Laptop Backpack,Virginia,14
2025-08-15,Laptop Backpack,Virginia,18
2025-08-16,Laptop Backpack,Virginia,11
2025-08-17,Laptop Backpack,Virginia,12
2025-08-18,Laptop Backpack,Virginia,20
2025-08-19,Laptop Backpack,Virginia,13
2025-08-20,Laptop Backpack,Virginia,18
2025-08-21,Laptop Backpack,Virginia,18
2025-08-22,Laptop Backpack,Virginia,16
2025-08-23,Laptop Backpack,Virginia,12
2025-08-24,Laptop Backpack,Virginia,15
2025-08-25,Laptop Backpack,Virginia,21
2025-08-26,Laptop Backpack,Virginia,20
2025-08-27,Laptop Backpack,Virginia,21
2025-08-28,Laptop Backpack,Virginia,16
2025-08-29,Laptop Backpack,Virginia,14
2025-08-30,Laptop Backpack,Virginia,13
2025-08-31,Laptop Backpack,Virginia,14
2025-09-01,Laptop Backpack,Virginia,13
2025-09-02,Laptop Backpack,Virginia,15
2025-09-03,Laptop Backpack,Virginia,15
2025-09-04,Laptop Backpack,Virginia,17
2025-09-05,Laptop Backpack,Virginia,17
2025-09-06,Laptop Backpack,Virginia,11
2025-09-07,Laptop Backpack,Virginia,12
2025-09-08,Laptop Backpack,Virginia,14
2025-09-09,Laptop Backpack,Virginia,16
2025-09-10,Laptop Backpack,Virginia,14
2025-09-11,Laptop Backpack,Virginia,16
2025-09-12,Laptop Backpack,Virginia,15
2025-09-13,Laptop Backpack,Virginia,13
2025-09-14,Laptop Backpack,Virginia,12
2025-09-15,Laptop Backpack,Virginia,16
2025-09-16,Laptop Backpack,Virginia,20
2025-09-17,Laptop Backpack,Virginia,17
2025-09-18,Laptop Backpack,Virginia,16
2025-09-19,Laptop Backpack,Virginia,15
2025-09-20,Laptop Backpack,Virginia,10
2025-09-21,Laptop Backpack,Virginia,12
2025-09-22,Laptop Backpack,Virginia,17
2025-09-23,Laptop Backpack,Virginia,13
2025-09-24,Laptop Backpack,Virginia,14
2025-09-25,Laptop Backpack,Virginia,16
2025-09-26,Laptop Backpack,Virginia,14
2025-09-27,Laptop Backpack,Virginia,12
2025-09-28,Laptop Backpack,Virginia,12
2025-09-29,Laptop Backpack,Virginia,16
2025-09-30,Laptop Backpack,Virginia,18
2025-10-01,Laptop Backpack,Virginia,15
2025-10-02,Laptop Backpack,Virginia,16
2025-10-03,Laptop Backpack,Virginia,14
2025-10-04,Laptop Backpack,Virginia,12
2025-10-05,Laptop Backpack,Virginia,12
2025-10-06,Laptop Backpack,Virginia,14
2025-10-07,Laptop Backpack,Virginia,16
2025-10-08,Laptop Backpack,Virginia,16
2025-10-09,Laptop Backpack,Virginia,17
2025-10-10,Laptop Backpack,Virginia,17
2025-10-11,Laptop Backpack,Virginia,11
2025-10-12,Laptop Backpack,Virginia,13
2025-10-13,Laptop Backpack,Virginia,17
2025-10-14,Laptop Backpack,Virginia,15
2025-10-15,Laptop Backpack,Virginia,14
2025-10-16,Laptop Backpack,Virginia,15
2025-10-17,Laptop Backpack,Virginia,13
2025-10-18,Laptop Backpack,Virginia,12
2025-10-19,Laptop Backpack,Virginia,14
2025-10-20,Laptop Backpack,Virginia,19
2025-10-21,Laptop Backpack,Virginia,14
2025-10-22,Laptop Backpack,Virginia,18
2025-10-23,Laptop Backpack,Virginia,16
2025-10-24,Laptop Backpack,Virginia,12
2025-10-25,Laptop Backpack,Virginia,11
2025-10-26,Laptop Backpack,Virginia,11
2025-10-27,Laptop Backpack,Virginia,19
2025-10-28,Laptop Backpack,Virginia,15
2025-10-29,Laptop Backpack,Virginia,17
2025-10-30,Laptop Backpack,Virginia,16
2025-10-31,Laptop Backpack,Virginia,13
2025-11-01,Laptop Backpack,Virginia,13
2025-11-02,Laptop Backpack,Virginia,17
2025-11-03,Laptop Backpack,Virginia,19
2025-11-04,Laptop Backpack,Virginia,22
2025-11-05,Laptop Backpack,Virginia,22
2025-11-06,Laptop Backpack,Virginia,18
2025-11-07,Laptop Backpack,Virginia,17
2025-11-08,Laptop Backpack,Virginia,12
2025-11-09,Laptop Backpack,Virginia,17
2025-11-10,Laptop Backpack,Virginia,20
2025-11-11,Laptop Backpack,Virginia,15
2025-11-12,Laptop Backpack,Virginia,21
2025-11-13,Laptop Backpack,Virginia,15
2025-11-14,Laptop Backpack,Virginia,18
2025-11-15,Laptop Backpack,Virginia,14
2025-11-16,Laptop Backpack,Virginia,19
2025-11-17,Laptop Backpack,Virginia,21
2025-11-18,Laptop Backpack,Virginia,18
2025-11-19,Laptop Backpack,Virginia,20
2025-11-20,Laptop Backpack,Virginia,22
2025-11-21,Laptop Backpack,Virginia,23
2025-11-22,Laptop Backpack,Virginia,14
2025-11-23,Laptop Backpack,Virginia,14
2025-11-24,Laptop Backpack,Virginia,18
2025-11-25,Laptop Backpack,Virginia,21
2025-11-26,Laptop Backpack,Virginia,22
2025-11-27,Laptop Backpack,Virginia,15
2025-11-28,Laptop Backpack,Virginia,19
2025-11-29,Laptop Backpack,Virginia,12
2025-11-30,Laptop Backpack,Virginia,15
2025-12-01,Laptop Backpack,Virginia,17
2025-12-02,Laptop Backpack,Virginia,17
2025-12-03,Laptop Backpack,Virginia,23
2025-12-04,Laptop Backpack,Virginia,20
2025-12-05,Laptop Backpack,Virginia,20
2025-12-06,Laptop Backpack,Virginia,16
2025-12-07,Laptop Backpack,Virginia,17
2025-12-08,Laptop Backpack,Virginia,19
2025-12-09,Laptop Backpack,Virginia,20
2025-12-10,Laptop Backpack,Virginia,20
2025-12-11,Laptop Backpack,Virginia,23
2025-12-12,Laptop Backpack,Virginia,20
2025-12-13,Laptop Backpack,Virginia,14
2025-12-14,Laptop Backpack,Virginia,16
2025-12-15,Laptop Backpack,Virginia,25
2025-12-16,Laptop Backpack,Virginia,21
2025-12-17,Laptop Backpack,Virginia,20
2025-12-18,Laptop Backpack,Virginia,25
2025-12-19,Laptop Backpack,Virginia,24
2025-12-20,Laptop Backpack,Virginia,17
2025-12-21,Laptop Backpack,Virginia,14
2025-12-22,Laptop Backpack,Virginia,19
2025-12-23,Laptop Backpack,Virginia,16
2025-12-24,Laptop Backpack,Virginia,23
2025-12-25,Laptop Backpack,Virginia,21
2025-12-26,Laptop Backpack,Virginia,16
2025-12-27,Laptop Backpack,Virginia,17
2025-12-28,Laptop Backpack,Virginia,14
2025-12-29,Laptop Backpack,Virginia,20
2025-12-30,Laptop Backpack,Virginia,17
2025-12-31,Laptop Backpack,Virginia,22
2026-01-01,Laptop Backpack,Virginia,20
2026-01-02,Laptop Backpack,Virginia,18
2026-01-03,Laptop Backpack,Virginia,13
2026-01-04,Laptop Backpack,Virginia,18
2026-01-05,Laptop Backpack,Virginia,16
2026-01-06,Laptop Backpack,Virginia,17
2026-01-07,Laptop Backpack,Virginia,20
2026-01-08,Laptop Backpack,Virginia,16
2026-01-09,Laptop Backpack,Virginia,16
2026-01-10,Laptop Backpack,Virginia,15
2026-01-11,Laptop Backpack,Virginia,15
2026-01-12,Laptop Backpack,Virginia,20
2026-01-13,Laptop Backpack,Virginia,19
2026-01-14,Laptop Backpack,Virginia,17
2026-01-15,Laptop Backpack,Virginia,18
2026-01-16,Laptop Backpack,Virginia,18
2026-01-17,Laptop Backpack,Virginia,15
2026-01-18,Laptop Backpack,Virginia,14
2026-01-19,Laptop Backpack,Virginia,16
2026-01-20,Laptop Backpack,Virginia,20
2026-01-21,Laptop Backpack,Virginia,15
2026-01-22,Laptop Backpack,Virginia,18
2026-01-23,Laptop Backpack,Virginia,16
2026-01-24,Laptop Backpack,Virginia,12
2026-01-25,Laptop Backpack,Virginia,17
2026-01-26,Laptop Backpack,Virginia,15
2026-01-27,Laptop Backpack,Virginia,17
2026-01-28,Laptop Backpack,Virginia,20
2026-01-29,Laptop Backpack,Virginia,17
2026-01-30,Laptop Backpack,Virginia,19
2026-01-31,Laptop Backpack,Virginia,16
2026-02-01,Laptop Backpack,Virginia,15
2026-02-02,Laptop Backpack,Virginia,18
2026-02-03,Laptop Backpack,Virginia,19
2026-02-04,Laptop Backpack,Virginia,21
2026-02-05,Laptop Backpack,Virginia,21
2026-02-06,Laptop Backpack,Virginia,20
2026-02-07,Laptop Backpack,Virginia,15
2026-02-08,Laptop Backpack,Virginia,15
2026-02-09,Laptop Backpack,Virginia,19
2026-02-10,Laptop Backpack,Virginia,18
2026-02-11,Laptop Backpack,Virginia,21
2026-02-12,Laptop Backpack,Virginia,20
2026-02-13,Laptop Backpack,Virginia,15
2026-02-14,Laptop Backpack,Virginia,13
2026-02-15,Laptop Backpack,Virginia,14
2026-02-16,Laptop Backpack,Virginia,19
2026-02-17,Laptop Backpack,Virginia,22
2026-02-18,Laptop Backpack,Virginia,27
2026-02-19,Laptop Backpack,Virginia,14
2026-02-20,Laptop Backpack,Virginia,20
2026-02-21,Laptop Backpack,Virginia,14
2026-02-22,Laptop Backpack,Virginia,14
2026-02-23,Laptop Backpack,Virginia,21
2026-02-24,Laptop Backpack,Virginia,20
2026-02-25,Laptop Backpack,Virginia,19
2026-02-26,Laptop Backpack,Virginia,20
2026-02-27,Laptop Backpack,Virginia,21
2026-02-28,Laptop Backpack,Virginia,15
2026-03-01,Laptop Backpack,Virginia,15
2026-03-02,Laptop Backpack,Virginia,19
2026-03-03,Laptop Backpack,Virginia,27
2026-03-04,Laptop Backpack,Virginia,21
2026-03-05,Laptop Backpack,Virginia,22
2026-03-06,Laptop Backpack,Virginia,19
2026-03-07,Laptop Backpack,Virginia,15
2026-03-08,Laptop Backpack,Virginia,15
2026-03-09,Laptop Backpack,Virginia,16
2026-03-10,Laptop Backpack,Virginia,19
2026-03-11,Laptop Backpack,Virginia,19
2026-03-12,Laptop Backpack,Virginia,19
2026-03-13,Laptop Backpack,Virginia,18
2026-03-14,Laptop Backpack,Virginia,15
2026-03-15,Laptop Backpack,Virginia,17
2026-03-16,Laptop Backpack,Virginia,21
2026-03-17,Laptop Backpack,Virginia,18
2026-03-18,Laptop Backpack,Virginia,18
2026-03-19,Laptop Backpack,Virginia,19
2026-03-20,Laptop Backpack,Virginia,17
2026-03-21,Laptop Backpack,Virginia,15
2026-03-22,Laptop Backpack,Virginia,17
2026-03-23,Laptop Backpack,Virginia,19
2026-03-24,Laptop Backpack,Virginia,21
2026-03-25,Laptop Backpack,Virginia,19
2026-03-26,Laptop Backpack,Virginia,19
2026-03-27,Laptop Backpack,Virginia,21
2026-03-28,Laptop Backpack,Virginia,14
2026-03-29,Laptop Backpack,Virginia,13
2026-03-30,Laptop Backpack,Virginia,16
2026-03-31,Laptop Backpack,Virginia,21
2026-04-01,Laptop Backpack,Virginia,23
2026-04-02,Laptop Backpack,Virginia,22
2026-04-03,Laptop Backpack,Virginia,24
2026-04-04,Laptop Backpack,Virginia,14
2026-04-05,Laptop Backpack,Virginia,17
2026-04-06,Laptop Backpack,Virginia,18
2026-04-07,Laptop Backpack,Virginia,22
2026-04-08,Laptop Backpack,Virginia,25
2026-04-09,Laptop Backpack,Virginia,22
2026-04-10,Laptop Backpack,Virginia,25
2026-04-11,Laptop Backpack,Virginia,14
2026-04-12,Laptop Backpack,Virginia,15
2026-04-13,Laptop Backpack,Virginia,18
2026-04-14,Laptop Backpack,Virginia,21
2026-04-15,Laptop Backpack,Virginia,21
2026-04-16,Laptop Backpack,Virginia,21
2026-04-17,Laptop Backpack,Virginia,20
2026-04-18,Laptop Backpack,Virginia,14
2026-04-19,Laptop Backpack,Virginia,16
2026-04-20,Laptop Backpack,Virginia,20
2026-04-21,Laptop Backpack,Virginia,18
2026-04-22,Laptop Backpack,Virginia,16
2026-04-23,Laptop Backpack,Virginia,19
2026-04-24,Laptop Backpack,Virginia,17
2026-04-25,Laptop Backpack,Virginia,14
2026-04-26,Laptop Backpack,Virginia,14
2026-04-27,Laptop Backpack,Virginia,20
2026-04-28,Laptop Backpack,Virginia,19
2026-04-29,Laptop Backpack,Virginia,26
2026-04-30,Laptop Backpack,Virginia,18
2026-05-01,Laptop Backpack,Virginia,23
2026-05-02,Laptop Backpack,Virginia,15
2026-05-03,Laptop Backpack,Virginia,14
2026-05-04,Laptop Backpack,Virginia,22
2026-05-05,Laptop Backpack,Virginia,19
2026-05-06,Laptop Backpack,Virginia,18
2026-05-07,Laptop Backpack,Virginia,25
2026-05-08,Laptop Backpack,Virginia,15
2026-05-09,Laptop Backpack,Virginia,14
2026-05-10,Laptop Backpack,Virginia,15
2026-05-11,Laptop Backpack,Virginia,24
2026-05-12,Laptop Backpack,Virginia,19
2026-05-13,Laptop Backpack,Virginia,27
2026-05-14,Laptop Backpack,Virginia,22
2026-05-15,Laptop Backpack,Virginia,15
2026-05-16,Laptop Backpack,Virginia,12
2026-05-17,Laptop Backpack,Virginia,15
2026-05-18,Laptop Backpack,Virginia,18
2026-05-19,Laptop Backpack,Virginia,22
2026-05-20,Laptop Backpack,Virginia,19
2026-05-21,Laptop Backpack,Virginia,17
2026-05-22,Laptop Backpack,Virginia,18
2026-05-23,Laptop Backpack,Virginia,16
2026-05-24,Laptop Backpack,Virginia,11
2026-05-25,Laptop Backpack,Virginia,23
2026-05-26,Laptop Backpack,Virginia,23
2026-05-27,Laptop Backpack,Virginia,20
2026-05-28,Laptop Backpack,Virginia,17
2026-05-29,Laptop Backpack,Virginia,22
2026-05-30,Laptop Backpack,Virginia,14
2026-05-31,Laptop Backpack,Virginia,12
2026-06-01,Laptop Backpack,Virginia,24
2026-06-02,Laptop Backpack,Virginia,18
2026-06-03,Laptop Backpack,Virginia,16
2026-06-04,Laptop Backpack,Virginia,20
2026-06-05,Laptop Backpack,Virginia,19
2026-06-06,Laptop Backpack,Virginia,17
2026-06-07,Laptop Backpack,Virginia,14
2026-06-08,Laptop Backpack,Virginia,19
2026-06-09,Laptop Backpack,Virginia,20
2026-06-10,Laptop Backpack,Virginia,20
2026-06-11,Laptop Backpack,Virginia,20
2026-06-12,Laptop Backpack,Virginia,20
2026-06-13,Laptop Backpack,Virginia,15
2026-06-14,Laptop Backpack,Virginia,14
2026-06-15,Laptop Backpack,Virginia,22
2026-06-16,Laptop Backpack,Virginia,19
2026-06-17,Laptop Backpack,Virginia,21
2026-06-18,Laptop Backpack,Virginia,23
2026-06-19,Laptop Backpack,Virginia,18
2026-06-20,Laptop Backpack,Virginia,18
2026-06-21,Laptop Backpack,Virginia,13
2026-06-22,Laptop Backpack,Virginia,18
2026-06-23,Laptop Backpack,Virginia,21
2026-06-24,Laptop Backpack,Virginia,21
2026-06-25,Laptop Backpack,Virginia,20
2026-06-26,Laptop Backpack,Virginia,22
2026-06-27,Laptop Backpack,Virginia,15
2026-06-28,Laptop Backpack,Virginia,18
2026-06-29,Laptop Backpack,Virginia,19
2026-06-30,Laptop Backpack,Virginia,18
2026-07-01,Laptop Backpack,Virginia,17
2026-07-02,Laptop Backpack,Virginia,20
2026-07-03,Laptop Backpack,Virginia,20
2026-07-04,Laptop Backpack,Virginia,14
2026-07-05,Laptop Backpack,Virginia,12
2026-07-06,Laptop Backpack,Virginia,21
2026-07-07,Laptop Backpack,Virginia,23
2026-07-08,Laptop Backpack,Virginia,19
2026-07-09,Laptop Backpack,Virginia,22
2026-07-10,Laptop Backpack,Virginia,20
2026-07-11,Laptop Backpack,Virginia,17
2026-07-12,Laptop Backpack,Virginia,14
2026-07-13,Laptop Backpack,Virginia,19
2026-07-14,Laptop Backpack,Virginia,20
2026-07-15,Laptop Backpack,Virginia,18
2026-07-16,Laptop Backpack,Virginia,19
2026-07-17,Laptop Backpack,Virginia,21
2026-07-18,Laptop Backpack,Virginia,15
2026-07-19,Laptop Backpack,Virginia,13
2026-07-20,Laptop Backpack,Virginia,19
2026-07-21,Laptop Backpack,Virginia,20
2026-07-22,Laptop Backpack,Virginia,20
2026-07-23,Laptop Backpack,Virginia,20
2026-07-24,Laptop Backpack,Virginia,19
2026-07-25,Laptop Backpack,Virginia,12
2026-07-26,Laptop Backpack,Virginia,12
2026-07-27,Laptop Backpack,Virginia,20
2026-07-28,Laptop Backpack,Virginia,20
2026-07-29,Laptop Backpack,Virginia,20
2026-07-30,Laptop Backpack,Virginia,17
2026-07-31,Laptop Backpack,Virginia,18
2026-08-01,Laptop Backpack,Virginia,11
2026-08-02,Laptop Backpack,Virginia,11
2026-08-03,Laptop Backpack,Virginia,18
2026-08-04,Laptop Backpack,Virginia,20
2026-08-05,Laptop Backpack,Virginia,18
2026-08-06,Laptop Backpack,Virginia,21
2026-08-07,Laptop Backpack,Virginia,17
2026-08-08,Laptop Backpack,Virginia,13
2026-08-09,Laptop Backpack,Virginia,11
2026-08-10,Laptop Backpack,Virginia,17
2026-08-11,Laptop Backpack,Virginia,15
2026-08-12,Laptop Backpack,Virginia,14
2026-08-13,Laptop Backpack,Virginia,15
2026-08-14,Laptop Backpack,Virginia,18
2026-08-15,Laptop Backpack,Virginia,12
2026-08-16,Laptop Backpack,Virginia,12
2026-08-17,Laptop Backpack,Virginia,18
2026-08-18,Laptop Backpack,Virginia,14
2026-08-19,Laptop Backpack,Virginia,18
2026-08-20,Laptop Backpack,Virginia,19
2026-08-21,Laptop Backpack,Virginia,19
2026-08-22,Laptop Backpack,Virginia,14
2026-08-23,Laptop Backpack,Virginia,13
2026-08-24,Laptop Backpack,Virginia,16
2026-08-25,Laptop Backpack,Virginia,17
2026-08-26,Laptop Backpack,Virginia,21
2026-08-27,Laptop Backpack,Virginia,18
2026-08-28,Laptop Backpack,Virginia,17
2026-08-29,Laptop Backpack,Virginia,14
2026-08-30,Laptop Backpack,Virginia,13
2026-08-31,Laptop Backpack,Virginia,18
2026-09-01,Laptop Backpack,Virginia,16
2026-09-02,Laptop Backpack,Virginia,16
2026-09-03,Laptop Backpack,Virginia,19
2026-09-04,Laptop Backpack,Virginia,13
2026-09-05,Laptop Backpack,Virginia,13
2026-09-06,Laptop Backpack,Virginia,11
2026-09-07,Laptop Backpack,Virginia,13
2026-09-08,Laptop Backpack,Virginia,15
2026-09-09,Laptop Backpack,Virginia,16
2026-09-10,Laptop Backpack,Virginia,17
2026-09-11,Laptop Backpack,Virginia,18
2026-09-12,Laptop Backpack,Virginia,13
2026-09-13,Laptop Backpack,Virginia,10
2026-09-14,Laptop Backpack,Virginia,17
2026-09-15,Laptop Backpack,Virginia,18
2026-09-16,Laptop Backpack,Virginia,17
2026-09-17,Laptop Backpack,Virginia,18
2026-09-18,Laptop Backpack,Virginia,13
2026-09-19,Laptop Backpack,Virginia,11
2026-09-20,Laptop Backpack,Virginia,14
2026-09-21,Laptop Backpack,Virginia,16
2026-09-22,Laptop Backpack,Virginia,21
2026-09-23,Laptop Backpack,Virginia,14
2026-09-24,Laptop Backpack,Virginia,20
2026-09-25,Laptop Backpack,Virginia,15
2026-09-26,Laptop Backpack,Virginia,13
2026-09-27,Laptop Backpack,Virginia,12
2026-09-28,Laptop Backpack,Virginia,17
